IATA;Stadt;Breitengrad;Laengengrad;Slots;T_1960;B_1960;T_1961;B_1961;T_1962;B_1962;T_1963;B_1963;T_1964;B_1964;T_1965;B_1965;T_1966;B_1966;T_1967;B_1967;T_1968;B_1968;T_1969;B_1969;T_1970;B_1970;T_1971;B_1971;T_1972;B_1972;T_1973;B_1973;T_1974;B_1974;T_1975;B_1975;T_1976;B_1976;T_1977;B_1977;T_1978;B_1978;T_1979;B_1979;T_1980;B_1980;T_1981;B_1981;T_1982;B_1982;T_1983;B_1983;T_1984;B_1984;T_1985;B_1985;T_1986;B_1986;T_1987;B_1987;T_1988;B_1988;T_1989;B_1989;T_1990;B_1990;T_1991;B_1991;T_1992;B_1992;T_1993;B_1993;T_1994;B_1994;T_1995;B_1995;T_1996;B_1996;T_1997;B_1997;T_1998;B_1998;T_1999;B_1999;T_2000;B_2000;T_2001;B_2001;T_2002;B_2002;T_2003;B_2003;T_2004;B_2004;T_2005;B_2005;T_2006;B_2006;T_2007;B_2007;T_2008;B_2008;T_2009;B_2009;T_2010;B_2010;T_2011;B_2011;T_2012;B_2012;T_2013;B_2013;T_2014;B_2014;T_2015;B_2015;T_2016;B_2016;T_2017;B_2017;T_2018;B_2018;T_2019;B_2019;T_2020;B_2020;T_2021;B_2021;T_2022;B_2022;T_2023;B_2023;T_2024;B_2024;T_2025;B_2025
ATL;Atlanta;33.6407;-84.4277;7;79.0;138.0;83.0;144.0;87.0;152.0;91.0;159.0;96.0;167.0;100.0;176.0;106.0;185.0;111.0;194.0;116.0;203.0;122.0;214.0;128.0;224.0;135.0;236.0;142.0;247.0;149.0;260.0;156.0;273.0;164.0;287.0;172.0;301.0;181.0;316.0;190.0;332.0;199.0;348.0;209.0;366.0;216.0;377.0;222.0;388.0;229.0;400.0;236.0;412.0;243.0;424.0;250.0;437.0;258.0;450.0;265.0;464.0;273.0;477.0;282.0;492.0;290.0;507.0;299.0;522.0;308.0;537.0;317.0;554.0;326.0;570.0;336.0;587.0;346.0;605.0;357.0;623.0;368.0;642.0;379.0;661.0;384.0;671.0;390.0;681.0;396.0;691.0;402.0;702.0;408.0;712.0;414.0;723.0;420.0;734.0;427.0;745.0;433.0;756.0;439.0;767.0;446.0;779.0;453.0;791.0;460.0;802.0;466.0;814.0;473.0;827.0;481.0;839.0;488.0;852.0;495.0;864.0;502.0;877.0;510.0;891.0;518.0;904.0;525.0;918.0;533.0;931.0;541.0;945.0;550;960
DXB;Dubai;25.2532;55.3657;7;10.0;9.0;10.0;9.0;10.0;9.0;10.0;9.0;11.0;10.0;11.0;10.0;11.0;10.0;11.0;10.0;12.0;10.0;12.0;11.0;12.0;11.0;12.0;11.0;12.0;11.0;13.0;12.0;13.0;12.0;13.0;12.0;14.0;12.0;14.0;13.0;14.0;13.0;14.0;13.0;15.0;13.0;15.0;14.0;15.0;14.0;16.0;14.0;16.0;14.0;16.0;15.0;17.0;15.0;17.0;15.0;17.0;16.0;18.0;16.0;18.0;16.0;20.0;18.0;23.0;21.0;26.0;23.0;29.0;26.0;32.0;29.0;36.0;33.0;41.0;37.0;45.0;41.0;51.0;46.0;57.0;52.0;64.0;58.0;72.0;65.0;80.0;73.0;90.0;82.0;101.0;92.0;113.0;103.0;127.0;115.0;142.0;129.0;159.0;145.0;179.0;162.0;200.0;182.0;224.0;203.0;251.0;228.0;281.0;255.0;315.0;286.0;353.0;320.0;395.0;359.0;443.0;402.0;496.0;450.0;556.0;505.0;622.0;565.0;697.0;633.0;781.0;709.0;874.0;794.0;980;890
DFW;Dallas;32.8998;-97.0403;7;45.0;81.0;47.0;86.0;50.0;91.0;53.0;97.0;57.0;103.0;60.0;109.0;64.0;116.0;68.0;123.0;72.0;130.0;76.0;138.0;81.0;146.0;85.0;155.0;91.0;164.0;96.0;174.0;102.0;185.0;108.0;196.0;115.0;207.0;121.0;220.0;129.0;233.0;136.0;247.0;145.0;262.0;153.0;278.0;163.0;294.0;172.0;312.0;183.0;331.0;194.0;351.0;205.0;372.0;218.0;394.0;231.0;418.0;245.0;443.0;260.0;470.0;265.0;479.0;270.0;489.0;275.0;498.0;281.0;508.0;287.0;518.0;292.0;529.0;298.0;539.0;304.0;550.0;310.0;561.0;316.0;572.0;323.0;584.0;329.0;596.0;336.0;608.0;343.0;620.0;349.0;632.0;356.0;645.0;364.0;658.0;371.0;671.0;378.0;684.0;386.0;698.0;394.0;712.0;401.0;726.0;410.0;741.0;418.0;756.0;426.0;771.0;435.0;786.0;443.0;802.0;452.0;818.0;461.0;834.0;470.0;851.0;480.0;868.0;490.0;885.0;499.0;903.0;509.0;921.0;520;940
LHR;London;51.47;-0.4543;7;95.0;106.0;100.0;113.0;106.0;120.0;113.0;127.0;119.0;134.0;127.0;143.0;134.0;151.0;142.0;160.0;151.0;170.0;160.0;180.0;170.0;191.0;180.0;202.0;191.0;215.0;202.0;228.0;214.0;241.0;227.0;256.0;241.0;271.0;255.0;287.0;271.0;305.0;287.0;323.0;304.0;342.0;315.0;354.0;326.0;367.0;337.0;380.0;349.0;393.0;362.0;407.0;374.0;421.0;387.0;436.0;401.0;451.0;415.0;467.0;429.0;483.0;445.0;500.0;460.0;518.0;476.0;536.0;493.0;555.0;510.0;574.0;528.0;594.0;547.0;615.0;566.0;636.0;585.0;659.0;606.0;682.0;615.0;692.0;624.0;702.0;634.0;713.0;643.0;724.0;653.0;735.0;663.0;746.0;673.0;757.0;683.0;768.0;693.0;780.0;703.0;791.0;714.0;803.0;725.0;815.0;736.0;828.0;747.0;840.0;758.0;853.0;769.0;865.0;781.0;878.0;792.0;892.0;804.0;905.0;816.0;918.0;829.0;932.0;841.0;946.0;854.0;960.0;866.0;975.0;880;990
HND;Tokio;35.5494;139.7798;7;39.0;44.0;42.0;48.0;46.0;52.0;50.0;57.0;55.0;62.0;60.0;68.0;65.0;74.0;71.0;81.0;77.0;88.0;84.0;96.0;92.0;105.0;100.0;114.0;109.0;125.0;119.0;136.0;130.0;148.0;142.0;162.0;154.0;176.0;168.0;192.0;184.0;210.0;200.0;228.0;218.0;249.0;238.0;271.0;259.0;296.0;283.0;323.0;308.0;352.0;336.0;383.0;366.0;418.0;399.0;456.0;435.0;497.0;474.0;541.0;517.0;590.0;522.0;596.0;527.0;602.0;533.0;608.0;538.0;614.0;543.0;620.0;549.0;627.0;554.0;633.0;560.0;639.0;566.0;646.0;571.0;652.0;577.0;658.0;583.0;665.0;589.0;672.0;594.0;678.0;600.0;685.0;606.0;692.0;612.0;699.0;619.0;706.0;625.0;713.0;631.0;720.0;644.0;735.0;657.0;749.0;670.0;764.0;683.0;780.0;697.0;795.0;711.0;811.0;725.0;827.0;739.0;844.0;754.0;861.0;769.0;878.0;785.0;896.0;800.0;914.0;816.0;932.0;833.0;950.0;850;970
DEN;Denver;39.8561;-104.6737;6;56.0;74.0;59.0;78.0;63.0;83.0;67.0;88.0;71.0;93.0;75.0;99.0;80.0;104.0;85.0;111.0;90.0;117.0;95.0;125.0;101.0;132.0;107.0;140.0;113.0;148.0;120.0;157.0;127.0;167.0;135.0;177.0;143.0;187.0;152.0;199.0;161.0;211.0;171.0;223.0;181.0;237.0;192.0;251.0;203.0;266.0;216.0;282.0;229.0;299.0;242.0;317.0;257.0;336.0;272.0;356.0;289.0;378.0;306.0;400.0;325.0;425.0;331.0;433.0;338.0;442.0;344.0;451.0;351.0;460.0;358.0;469.0;366.0;478.0;373.0;488.0;380.0;497.0;388.0;507.0;396.0;518.0;404.0;528.0;412.0;539.0;420.0;549.0;428.0;560.0;437.0;572.0;446.0;583.0;455.0;595.0;464.0;607.0;473.0;619.0;482.0;631.0;492.0;644.0;502.0;657.0;512.0;670.0;522.0;683.0;533.0;697.0;543.0;711.0;554.0;725.0;565.0;739.0;577.0;754.0;588.0;769.0;600.0;785.0;612.0;800.0;624.0;816.0;637.0;833.0;650;850
IST;Istanbul;41.259;28.7424;6;112;100;116;104;121;108;126;112;131;117;137;122;142;126;148;132;153;137;160;142;166;148;173;154;179;160;187;167;194;173;202;180;210;187;218;195;227;202;237;211;246;219;255;227;266;237;277;246;288;256;299;267;311;277;323;288;337;300;350;312;364;324;335;298;308;274;284;253;260;232;240;214;221;197;232;207;243;217;255;227;268;239;281;251;295;263;311;277;326;291;342;305;360;321;377;337;396;354;417;371;437;389;459;409;482;430;506;451;531;473;558;497;586;522;615;548;646;575;678;604;712;635;698;622;684;610;670;597;657;585;644;574
LAX;Los Angeles;33.9416;-118.4085;7;81.0;79.0;86.0;83.0;91.0;89.0;97.0;94.0;103.0;100.0;109.0;106.0;116.0;112.0;123.0;119.0;130.0;126.0;138.0;133.0;146.0;141.0;155.0;150.0;164.0;159.0;174.0;168.0;185.0;179.0;196.0;189.0;207.0;201.0;220.0;213.0;233.0;226.0;247.0;239.0;262.0;254.0;278.0;269.0;294.0;285.0;312.0;302.0;331.0;320.0;351.0;340.0;372.0;360.0;394.0;382.0;418.0;404.0;443.0;429.0;470.0;455.0;479.0;464.0;489.0;473.0;498.0;482.0;508.0;492.0;518.0;502.0;529.0;512.0;539.0;522.0;550.0;533.0;561.0;543.0;572.0;554.0;584.0;565.0;596.0;577.0;608.0;588.0;620.0;600.0;632.0;612.0;645.0;624.0;658.0;637.0;671.0;649.0;684.0;662.0;698.0;676.0;712.0;689.0;726.0;703.0;741.0;717.0;756.0;731.0;771.0;746.0;786.0;761.0;802.0;776.0;818.0;792.0;834.0;808.0;851.0;824.0;868.0;840.0;885.0;857.0;903.0;874.0;921.0;892.0;940;910
ORD;Chicago;41.9742;-87.9073;7;86.0;136.0;90.0;143.0;95.0;150.0;99.0;158.0;104.0;166.0;110.0;174.0;115.0;183.0;121.0;192.0;127.0;201.0;133.0;211.0;140.0;222.0;147.0;233.0;154.0;245.0;162.0;257.0;170.0;270.0;179.0;284.0;188.0;298.0;197.0;313.0;207.0;328.0;218.0;345.0;228.0;362.0;235.0;373.0;242.0;384.0;250.0;396.0;257.0;408.0;265.0;420.0;273.0;432.0;281.0;445.0;290.0;459.0;298.0;473.0;307.0;487.0;316.0;501.0;326.0;516.0;336.0;532.0;346.0;548.0;356.0;564.0;367.0;581.0;378.0;599.0;389.0;617.0;401.0;635.0;413.0;654.0;419.0;664.0;426.0;674.0;432.0;684.0;438.0;694.0;445.0;705.0;452.0;715.0;458.0;726.0;465.0;737.0;472.0;748.0;479.0;759.0;487.0;771.0;494.0;782.0;501.0;794.0;509.0;806.0;517.0;818.0;524.0;830.0;532.0;843.0;540.0;855.0;548.0;868.0;556.0;881.0;565.0;895.0;573.0;908.0;582.0;922.0;591.0;935.0;600;950
DEL;Delhi;28.5562;77.1;6;26.0;31.0;27.0;32.0;28.0;33.0;29.0;34.0;30.0;35.0;30.0;36.0;31.0;37.0;32.0;38.0;33.0;39.0;34.0;40.0;35.0;42.0;36.0;43.0;38.0;44.0;39.0;45.0;40.0;47.0;41.0;48.0;42.0;50.0;44.0;51.0;45.0;53.0;46.0;54.0;48.0;56.0;49.0;58.0;51.0;59.0;52.0;61.0;54.0;63.0;55.0;65.0;57.0;67.0;59.0;69.0;61.0;71.0;62.0;73.0;64.0;75.0;66.0;78.0;68.0;80.0;70.0;82.0;72.0;85.0;75.0;88.0;77.0;90.0;79.0;93.0;81.0;96.0;84.0;99.0;86.0;102.0;94.0;111.0;103.0;121.0;112.0;132.0;122.0;144.0;133.0;157.0;145.0;171.0;158.0;186.0;173.0;203.0;188.0;221.0;205.0;241.0;224.0;263.0;244.0;287.0;266.0;312.0;290.0;341.0;316.0;371.0;345.0;405.0;376.0;441.0;410.0;481.0;447.0;524.0;487.0;571.0;531.0;623.0;579.0;679.0;631.0;740.0;688.0;807.0;750;880
CDG;Paris;49.0097;2.5479;7;104.0;100.0;111.0;106.0;117.0;112.0;124.0;119.0;132.0;126.0;140.0;134.0;148.0;142.0;157.0;151.0;166.0;160.0;176.0;169.0;187.0;179.0;198.0;190.0;210.0;202.0;223.0;214.0;236.0;227.0;251.0;240.0;266.0;255.0;282.0;270.0;299.0;286.0;316.0;303.0;335.0;322.0;347.0;333.0;359.0;345.0;372.0;357.0;385.0;369.0;399.0;382.0;413.0;395.0;427.0;409.0;442.0;424.0;457.0;439.0;473.0;454.0;490.0;470.0;507.0;486.0;525.0;503.0;543.0;521.0;562.0;539.0;582.0;558.0;602.0;578.0;624.0;598.0;645.0;619.0;668.0;640.0;678.0;650.0;688.0;660.0;699.0;670.0;709.0;680.0;720.0;690.0;730.0;700.0;741.0;711.0;753.0;722.0;764.0;732.0;775.0;743.0;787.0;755.0;799.0;766.0;811.0;777.0;823.0;789.0;835.0;801.0;848.0;813.0;861.0;825.0;873.0;837.0;887.0;850.0;900.0;863.0;913.0;876.0;927.0;889.0;941.0;902.0;955.0;916.0;970;930
CAN;Guangzhou;23.3924;113.2988;6;11.0;20.0;11.0;21.0;11.0;21.0;11.0;21.0;12.0;22.0;12.0;22.0;12.0;23.0;12.0;23.0;13.0;24.0;13.0;24.0;13.0;25.0;13.0;25.0;14.0;26.0;14.0;26.0;14.0;27.0;15.0;27.0;15.0;28.0;15.0;28.0;16.0;29.0;16.0;30.0;16.0;30.0;16.0;31.0;17.0;31.0;17.0;32.0;18.0;33.0;18.0;33.0;18.0;34.0;19.0;35.0;19.0;35.0;19.0;36.0;20.0;37.0;22.0;41.0;25.0;46.0;27.0;51.0;30.0;56.0;34.0;62.0;37.0;69.0;42.0;77.0;46.0;86.0;51.0;95.0;57.0;106.0;63.0;117.0;71.0;130.0;78.0;145.0;87.0;161.0;97.0;178.0;107.0;198.0;119.0;220.0;132.0;244.0;147.0;271.0;163.0;301.0;181.0;334.0;201.0;371.0;223.0;411.0;248.0;457.0;275.0;507.0;306.0;563.0;339.0;625.0;377.0;694.0;418.0;770.0;431.0;793.0;444.0;817.0;457.0;841.0;471.0;867.0;485.0;893.0;500;920
JFK;New York;40.6413;-73.7781;7;136.0;138.0;143.0;144.0;150.0;152.0;158.0;159.0;166.0;167.0;174.0;176.0;183.0;185.0;192.0;194.0;201.0;203.0;211.0;214.0;222.0;224.0;233.0;236.0;245.0;247.0;257.0;260.0;270.0;273.0;284.0;287.0;298.0;301.0;313.0;316.0;328.0;332.0;345.0;348.0;362.0;366.0;373.0;377.0;384.0;388.0;396.0;400.0;408.0;412.0;420.0;424.0;432.0;437.0;445.0;450.0;459.0;464.0;473.0;477.0;487.0;492.0;501.0;507.0;516.0;522.0;532.0;537.0;548.0;554.0;564.0;570.0;581.0;587.0;599.0;605.0;617.0;623.0;635.0;642.0;654.0;661.0;664.0;671.0;674.0;681.0;684.0;691.0;694.0;702.0;705.0;712.0;715.0;723.0;726.0;734.0;737.0;745.0;748.0;756.0;759.0;767.0;771.0;779.0;782.0;791.0;794.0;802.0;806.0;814.0;818.0;827.0;830.0;839.0;843.0;852.0;855.0;864.0;868.0;877.0;881.0;891.0;895.0;904.0;908.0;918.0;922.0;931.0;935.0;945.0;950;960
AMS;Amsterdam;52.3105;4.7683;6;92.0;98.0;98.0;104.0;104.0;110.0;110.0;117.0;117.0;124.0;124.0;131.0;131.0;139.0;139.0;147.0;148.0;156.0;156.0;166.0;166.0;176.0;176.0;186.0;186.0;197.0;198.0;209.0;209.0;222.0;222.0;235.0;235.0;249.0;250.0;264.0;265.0;280.0;281.0;297.0;297.0;315.0;308.0;326.0;319.0;337.0;330.0;349.0;341.0;361.0;353.0;374.0;366.0;387.0;378.0;401.0;392.0;415.0;405.0;429.0;420.0;444.0;434.0;460.0;450.0;476.0;465.0;492.0;482.0;510.0;499.0;528.0;516.0;546.0;534.0;565.0;553.0;585.0;572.0;605.0;592.0;627.0;601.0;636.0;610.0;646.0;619.0;655.0;629.0;665.0;638.0;675.0;648.0;685.0;657.0;696.0;667.0;706.0;677.0;717.0;687.0;727.0;698.0;738.0;708.0;749.0;719.0;761.0;730.0;772.0;741.0;784.0;752.0;795.0;763.0;807.0;774.0;819.0;786.0;832.0;798.0;844.0;810.0;857.0;822.0;870.0;834.0;883.0;847.0;896.0;860;910
MAD;Madrid;40.4983;-3.5676;6;59.0;55.0;63.0;59.0;68.0;63.0;73.0;67.0;78.0;72.0;83.0;77.0;89.0;82.0;95.0;88.0;102.0;94.0;109.0;101.0;117.0;108.0;125.0;116.0;134.0;124.0;144.0;132.0;154.0;142.0;164.0;152.0;176.0;162.0;188.0;174.0;202.0;186.0;216.0;199.0;231.0;213.0;247.0;228.0;264.0;244.0;283.0;261.0;303.0;279.0;324.0;299.0;347.0;320.0;371.0;342.0;397.0;366.0;425.0;392.0;455.0;420.0;464.0;428.0;473.0;436.0;482.0;445.0;492.0;454.0;502.0;463.0;512.0;473.0;522.0;482.0;533.0;492.0;543.0;501.0;554.0;512.0;565.0;522.0;577.0;532.0;588.0;543.0;600.0;554.0;612.0;565.0;624.0;576.0;637.0;588.0;649.0;599.0;662.0;611.0;676.0;624.0;689.0;636.0;703.0;649.0;717.0;662.0;731.0;675.0;746.0;689.0;761.0;702.0;776.0;716.0;792.0;731.0;808.0;745.0;824.0;760.0;840.0;776.0;857.0;791.0;874.0;807.0;892.0;823.0;910;840
FRA;Frankfurt;50.0333;8.5706;7;90;121;98;132;107;144;115;155;124;167;132;178;141;189;149;201;158;212;166;223;175;235;183;246;192;258;200;269;209;280;217;292;226;303;234;314;242;326;251;337;259;349;268;360;276;371;285;383;293;394;302;405;310;417;319;428;327;440;336;451;344;462;353;474;361;485;369;496;378;508;386;519;395;531;403;542;412;553;420;565;429;576;437;587;446;599;454;610;463;622;471;633;480;644;488;656;497;667;505;678;513;690;522;701;530;713;539;724;547;735;556;747;564;758;573;769;581;781;590;792;598;804;607;815;615;826;624;838;632;849;837;1122
SIN;Singapur;1.3644;103.9915;7;22.0;24.0;23.0;25.0;24.0;26.0;25.0;27.0;26.0;28.0;27.0;29.0;28.0;30.0;29.0;31.0;30.0;32.0;31.0;34.0;33.0;35.0;34.0;37.0;35.0;38.0;37.0;40.0;38.0;41.0;40.0;43.0;41.0;45.0;43.0;46.0;45.0;48.0;46.0;50.0;48.0;52.0;50.0;54.0;52.0;56.0;54.0;59.0;57.0;61.0;59.0;64.0;63.0;68.0;68.0;73.0;72.0;78.0;77.0;84.0;83.0;89.0;89.0;96.0;95.0;102.0;102.0;110.0;109.0;117.0;116.0;126.0;125.0;134.0;133.0;144.0;143.0;154.0;153.0;165.0;163.0;176.0;175.0;189.0;187.0;202.0;200.0;216.0;214.0;231.0;229.0;248.0;246.0;265.0;263.0;284.0;281.0;303.0;301.0;325.0;322.0;347.0;345.0;372.0;369.0;398.0;395.0;426.0;422.0;456.0;452.0;488.0;484.0;522.0;517.0;558.0;554.0;597.0;593.0;639.0;634.0;684.0;678.0;732.0;726.0;783.0;777.0;838.0;831.0;897.0;890;960
MCO;Orlando;28.4284;-81.3167;5;142.0;64.0;149.0;67.0;156.0;71.0;164.0;74.0;173.0;78.0;181.0;82.0;190.0;86.0;200.0;91.0;210.0;95.0;220.0;100.0;231.0;105.0;243.0;110.0;255.0;116.0;268.0;122.0;281.0;128.0;296.0;134.0;310.0;141.0;326.0;148.0;342.0;155.0;359.0;163.0;377.0;171.0;389.0;176.0;400.0;182.0;412.0;187.0;425.0;193.0;437.0;199.0;451.0;205.0;464.0;211.0;478.0;217.0;492.0;224.0;507.0;230.0;522.0;237.0;538.0;244.0;554.0;252.0;571.0;259.0;588.0;267.0;606.0;275.0;624.0;283.0;643.0;292.0;662.0;301.0;682.0;310.0;692.0;314.0;702.0;319.0;713.0;324.0;724.0;329.0;735.0;334.0;746.0;339.0;757.0;344.0;768.0;349.0;780.0;354.0;791.0;359.0;803.0;365.0;815.0;370.0;828.0;376.0;840.0;382.0;853.0;387.0;865.0;393.0;878.0;399.0;892.0;405.0;905.0;411.0;918.0;417.0;932.0;423.0;946.0;430.0;960.0;436.0;975.0;443.0;990;450
LAS;Las Vegas;36.084;-115.1537;5;86.0;56.0;91.0;59.0;96.0;63.0;102.0;67.0;108.0;71.0;115.0;75.0;122.0;80.0;129.0;85.0;137.0;90.0;145.0;95.0;154.0;101.0;163.0;107.0;173.0;113.0;183.0;120.0;194.0;127.0;206.0;135.0;218.0;143.0;232.0;152.0;246.0;161.0;260.0;171.0;276.0;181.0;293.0;192.0;310.0;203.0;329.0;216.0;348.0;229.0;369.0;242.0;392.0;257.0;415.0;272.0;440.0;289.0;467.0;306.0;495.0;325.0;504.0;331.0;515.0;338.0;525.0;344.0;535.0;351.0;546.0;358.0;557.0;366.0;568.0;373.0;580.0;380.0;591.0;388.0;603.0;396.0;615.0;404.0;627.0;412.0;640.0;420.0;653.0;428.0;666.0;437.0;679.0;446.0;693.0;455.0;707.0;464.0;721.0;473.0;735.0;482.0;750.0;492.0;765.0;502.0;780.0;512.0;796.0;522.0;812.0;533.0;828.0;543.0;844.0;554.0;861.0;565.0;879.0;577.0;896.0;588.0;914.0;600.0;932.0;612.0;951.0;624.0;970.0;637.0;990;650
ICN;Seoul;37.4602;126.4407;6;37.0;41.0;40.0;45.0;44.0;49.0;48.0;53.0;52.0;58.0;57.0;63.0;62.0;69.0;67.0;75.0;74.0;82.0;80.0;89.0;88.0;97.0;95.0;106.0;104.0;116.0;113.0;126.0;124.0;138.0;135.0;150.0;147.0;163.0;160.0;178.0;175.0;194.0;191.0;212.0;208.0;231.0;227.0;252.0;247.0;275.0;269.0;299.0;294.0;326.0;320.0;356.0;349.0;388.0;380.0;423.0;415.0;461.0;452.0;502.0;493.0;548.0;498.0;553.0;503.0;559.0;508.0;564.0;513.0;570.0;518.0;575.0;523.0;581.0;528.0;587.0;534.0;593.0;539.0;599.0;544.0;605.0;550.0;611.0;555.0;617.0;561.0;623.0;566.0;629.0;572.0;636.0;578.0;642.0;584.0;649.0;589.0;655.0;595.0;662.0;601.0;668.0;613.0;682.0;626.0;695.0;638.0;709.0;651.0;723.0;664.0;738.0;677.0;753.0;691.0;768.0;705.0;783.0;719.0;799.0;733.0;815.0;748.0;831.0;763.0;848.0;778.0;865.0;794.0;882.0;810;900
PVG;Shanghai;31.1443;121.8083;6;15.0;21.0;16.0;22.0;16.0;22.0;16.0;23.0;16.0;23.0;17.0;24.0;17.0;24.0;18.0;24.0;18.0;25.0;18.0;25.0;19.0;26.0;19.0;27.0;19.0;27.0;20.0;28.0;20.0;28.0;21.0;29.0;21.0;29.0;21.0;30.0;22.0;31.0;22.0;31.0;23.0;32.0;23.0;32.0;24.0;33.0;24.0;34.0;25.0;34.0;25.0;35.0;26.0;36.0;26.0;37.0;27.0;37.0;27.0;38.0;28.0;39.0;31.0;43.0;35.0;48.0;38.0;53.0;43.0;59.0;47.0;66.0;53.0;73.0;59.0;81.0;65.0;90.0;72.0;100.0;80.0;111.0;89.0;124.0;99.0;137.0;110.0;152.0;122.0;169.0;136.0;188.0;150.0;209.0;167.0;232.0;186.0;257.0;206.0;286.0;229.0;317.0;254.0;352.0;282.0;391.0;313.0;434.0;347.0;482.0;386.0;535.0;428.0;593.0;475.0;659.0;528.0;731.0;586.0;812.0;603.0;836.0;621.0;861.0;640.0;887.0;659.0;914.0;679.0;941.0;700;970
CLT;Charlotte;35.214;-80.9431;6;69.0;123.0;72.0;129.0;76.0;136.0;79.0;143.0;83.0;150.0;88.0;157.0;92.0;165.0;97.0;174.0;101.0;182.0;107.0;191.0;112.0;201.0;118.0;211.0;123.0;222.0;130.0;233.0;136.0;244.0;143.0;257.0;150.0;269.0;158.0;283.0;166.0;297.0;174.0;312.0;183.0;328.0;188.0;338.0;194.0;348.0;200.0;358.0;206.0;369.0;212.0;380.0;218.0;391.0;225.0;403.0;232.0;415.0;238.0;428.0;246.0;441.0;253.0;454.0;261.0;467.0;268.0;481.0;277.0;496.0;285.0;511.0;293.0;526.0;302.0;542.0;311.0;558.0;321.0;575.0;330.0;592.0;335.0;601.0;340.0;610.0;345.0;619.0;351.0;629.0;356.0;638.0;361.0;648.0;367.0;657.0;372.0;667.0;378.0;677.0;383.0;687.0;389.0;698.0;395.0;708.0;401.0;719.0;407.0;730.0;413.0;741.0;419.0;752.0;426.0;763.0;432.0;774.0;438.0;786.0;445.0;798.0;452.0;810.0;459.0;822.0;465.0;834.0;472.0;847.0;480;860
PEK;Peking;40.0725;116.5975;6;16.0;21.0;16.0;21.0;16.0;22.0;17.0;22.0;17.0;23.0;17.0;23.0;18.0;23.0;18.0;24.0;18.0;24.0;19.0;25.0;19.0;25.0;20.0;26.0;20.0;27.0;20.0;27.0;21.0;28.0;21.0;28.0;22.0;29.0;22.0;29.0;23.0;30.0;23.0;31.0;23.0;31.0;24.0;32.0;24.0;32.0;25.0;33.0;25.0;34.0;26.0;34.0;27.0;35.0;27.0;36.0;28.0;37.0;28.0;37.0;29.0;38.0;32.0;42.0;36.0;47.0;39.0;52.0;44.0;58.0;49.0;65.0;54.0;72.0;60.0;80.0;67.0;88.0;74.0;98.0;83.0;109.0;92.0;121.0;102.0;134.0;113.0;149.0;126.0;166.0;139.0;184.0;155.0;204.0;172.0;227.0;191.0;252.0;212.0;280.0;235.0;311.0;261.0;345.0;290.0;383.0;322.0;425.0;357.0;472.0;397.0;524.0;440.0;581.0;489.0;645.0;543.0;716.0;602.0;795.0;621.0;819.0;639.0;844.0;658.0;869.0;678.0;895.0;699.0;922.0;720;950
SZX;Shenzhen;22.6393;113.8107;5;10.0;20.0;10.0;20.0;10.0;21.0;10.0;21.0;10.0;22.0;11.0;22.0;11.0;22.0;11.0;23.0;11.0;23.0;12.0;24.0;12.0;24.0;12.0;25.0;12.0;25.0;13.0;26.0;13.0;26.0;13.0;27.0;13.0;28.0;14.0;28.0;14.0;29.0;14.0;29.0;14.0;30.0;15.0;30.0;15.0;31.0;15.0;32.0;16.0;32.0;16.0;33.0;16.0;34.0;17.0;34.0;17.0;35.0;17.0;36.0;18.0;36.0;20.0;41.0;22.0;45.0;24.0;50.0;27.0;56.0;30.0;62.0;34.0;69.0;37.0;76.0;42.0;85.0;46.0;94.0;51.0;104.0;57.0;116.0;63.0;129.0;70.0;143.0;78.0;159.0;87.0;176.0;97.0;196.0;107.0;217.0;119.0;241.0;132.0;268.0;147.0;297.0;163.0;330.0;181.0;367.0;201.0;407.0;223.0;452.0;248.0;502.0;275.0;557.0;305.0;618.0;339.0;686.0;376.0;762.0;388.0;784.0;399.0;808.0;411.0;832.0;424.0;857.0;436.0;883.0;450;910
MIA;Miami;25.7959;-80.287;5;135.0;117.0;141.0;123.0;149.0;130.0;156.0;136.0;164.0;143.0;172.0;150.0;181.0;158.0;190.0;165.0;199.0;174.0;209.0;182.0;220.0;192.0;231.0;201.0;242.0;211.0;254.0;222.0;267.0;233.0;281.0;245.0;295.0;257.0;309.0;270.0;325.0;283.0;341.0;298.0;358.0;312.0;369.0;322.0;380.0;331.0;391.0;341.0;403.0;352.0;415.0;362.0;428.0;373.0;441.0;384.0;454.0;396.0;468.0;408.0;482.0;420.0;496.0;433.0;511.0;446.0;526.0;459.0;542.0;473.0;558.0;487.0;575.0;502.0;592.0;517.0;610.0;532.0;628.0;548.0;647.0;565.0;657.0;573.0;667.0;582.0;677.0;590.0;687.0;599.0;697.0;608.0;708.0;617.0;719.0;627.0;729.0;636.0;740.0;646.0;751.0;655.0;763.0;665.0;774.0;675.0;786.0;685.0;797.0;696.0;809.0;706.0;822.0;717.0;834.0;727.0;846.0;738.0;859.0;749.0;872.0;761.0;885.0;772.0;898.0;784.0;912.0;795.0;926.0;807.0;940;820
BKK;Bangkok;13.69;100.7501;6;24.0;19.0;25.0;20.0;26.0;21.0;27.0;21.0;28.0;22.0;29.0;23.0;31.0;24.0;32.0;25.0;33.0;26.0;34.0;27.0;36.0;28.0;37.0;30.0;39.0;31.0;40.0;32.0;42.0;33.0;44.0;35.0;45.0;36.0;47.0;38.0;49.0;39.0;51.0;41.0;53.0;42.0;55.0;44.0;58.0;46.0;60.0;48.0;62.0;50.0;65.0;52.0;70.0;55.0;74.0;59.0;80.0;63.0;85.0;68.0;91.0;73.0;98.0;78.0;105.0;83.0;112.0;89.0;120.0;95.0;128.0;102.0;137.0;109.0;147.0;117.0;157.0;125.0;168.0;134.0;180.0;143.0;193.0;153.0;206.0;164.0;221.0;176.0;236.0;188.0;253.0;201.0;270.0;215.0;289.0;230.0;310.0;246.0;331.0;264.0;355.0;282.0;380.0;302.0;406.0;323.0;435.0;346.0;465.0;370.0;498.0;396.0;533.0;424.0;570.0;453.0;610.0;485.0;653.0;519.0;698.0;556.0;747.0;595.0;799.0;636.0;855.0;681.0;915.0;728.0;980;780
BOM;Mumbai;19.0896;72.8656;5;25.0;33.0;25.0;34.0;26.0;35.0;27.0;36.0;28.0;37.0;29.0;38.0;30.0;39.0;31.0;40.0;31.0;41.0;32.0;43.0;33.0;44.0;34.0;45.0;35.0;47.0;37.0;48.0;38.0;50.0;39.0;51.0;40.0;53.0;41.0;54.0;42.0;56.0;44.0;57.0;45.0;59.0;46.0;61.0;48.0;63.0;49.0;65.0;51.0;67.0;52.0;69.0;54.0;71.0;56.0;73.0;57.0;75.0;59.0;77.0;61.0;80.0;63.0;82.0;64.0;85.0;66.0;87.0;68.0;90.0;71.0;93.0;73.0;95.0;75.0;98.0;77.0;101.0;79.0;104.0;82.0;107.0;89.0;117.0;97.0;128.0;106.0;139.0;116.0;152.0;126.0;165.0;138.0;180.0;150.0;197.0;164.0;214.0;178.0;234.0;194.0;255.0;212.0;278.0;231.0;303.0;252.0;330.0;275.0;360.0;299.0;392.0;326.0;428.0;356.0;466.0;388.0;508.0;423.0;554.0;461.0;604.0;502.0;658.0;548.0;718.0;597.0;782.0;651.0;853.0;710;930
SEA;Seattle;47.448;-122.3088;5;59.0;75.0;62.0;80.0;66.0;85.0;70.0;90.0;74.0;95.0;79.0;101.0;83.0;107.0;89.0;113.0;94.0;120.0;100.0;127.0;106.0;135.0;112.0;143.0;119.0;152.0;126.0;161.0;133.0;171.0;141.0;181.0;150.0;192.0;159.0;203.0;168.0;216.0;179.0;229.0;189.0;242.0;201.0;257.0;213.0;272.0;226.0;289.0;239.0;306.0;254.0;325.0;269.0;344.0;285.0;365.0;302.0;387.0;320.0;410.0;340.0;435.0;346.0;443.0;353.0;452.0;360.0;461.0;368.0;470.0;375.0;480.0;382.0;489.0;390.0;499.0;398.0;509.0;406.0;519.0;414.0;530.0;422.0;540.0;431.0;551.0;439.0;562.0;448.0;574.0;457.0;585.0;466.0;597.0;476.0;609.0;485.0;621.0;495.0;633.0;505.0;646.0;515.0;659.0;525.0;672.0;536.0;685.0;546.0;699.0;557.0;713.0;568.0;727.0;580.0;742.0;591.0;757.0;603.0;772.0;615.0;787.0;628.0;803.0;640.0;819.0;653.0;836.0;666.0;852.0;680;870
SFO;San Francisco;37.6213;-122.379;6;71.0;81.0;75.0;86.0;80.0;91.0;85.0;97.0;90.0;103.0;95.0;109.0;101.0;116.0;107.0;123.0;113.0;130.0;120.0;138.0;127.0;146.0;135.0;155.0;143.0;164.0;152.0;174.0;161.0;185.0;171.0;196.0;181.0;207.0;192.0;220.0;203.0;233.0;215.0;247.0;228.0;262.0;242.0;278.0;257.0;294.0;272.0;312.0;289.0;331.0;306.0;351.0;324.0;372.0;344.0;394.0;364.0;418.0;386.0;443.0;410.0;470.0;418.0;479.0;426.0;489.0;435.0;498.0;443.0;508.0;452.0;518.0;461.0;529.0;470.0;539.0;480.0;550.0;490.0;561.0;499.0;572.0;509.0;584.0;520.0;596.0;530.0;608.0;541.0;620.0;551.0;632.0;562.0;645.0;574.0;658.0;585.0;671.0;597.0;684.0;609.0;698.0;621.0;712.0;633.0;726.0;646.0;741.0;659.0;756.0;672.0;771.0;686.0;786.0;699.0;802.0;713.0;818.0;728.0;834.0;742.0;851.0;757.0;868.0;772.0;885.0;788.0;903.0;803.0;921.0;820;940
BCN;Barcelona;41.2974;2.0785;5;63.0;49.0;67.0;52.0;72.0;56.0;77.0;60.0;82.0;64.0;88.0;69.0;94.0;73.0;101.0;79.0;108.0;84.0;115.0;90.0;124.0;96.0;132.0;103.0;142.0;110.0;151.0;118.0;162.0;127.0;173.0;135.0;186.0;145.0;199.0;155.0;213.0;166.0;228.0;178.0;244.0;190.0;261.0;203.0;279.0;218.0;298.0;233.0;319.0;249.0;342.0;267.0;366.0;286.0;391.0;306.0;419.0;327.0;448.0;350.0;480.0;375.0;489.0;382.0;499.0;390.0;509.0;397.0;519.0;405.0;529.0;414.0;540.0;422.0;551.0;430.0;562.0;439.0;573.0;448.0;585.0;457.0;596.0;466.0;608.0;475.0;620.0;485.0;633.0;494.0;646.0;504.0;658.0;514.0;672.0;525.0;685.0;535.0;699.0;546.0;713.0;557.0;727.0;568.0;742.0;579.0;756.0;591.0;772.0;603.0;787.0;615.0;803.0;627.0;819.0;640.0;835.0;652.0;852.0;665.0;869.0;679.0;886.0;692.0;904.0;706.0;922.0;720.0;941.0;735.0;960;750
SYD;Sydney;-33.9461;151.1772;5;119.0;115.0;124.0;120.0;129.0;125.0;134.0;130.0;139.0;135.0;145.0;140.0;151.0;146.0;157.0;152.0;163.0;158.0;170.0;164.0;176.0;171.0;184.0;178.0;191.0;185.0;199.0;192.0;206.0;200.0;215.0;208.0;223.0;216.0;232.0;225.0;242.0;234.0;251.0;243.0;261.0;253.0;272.0;263.0;283.0;274.0;294.0;284.0;306.0;296.0;318.0;308.0;331.0;320.0;344.0;333.0;358.0;346.0;372.0;360.0;387.0;375.0;397.0;384.0;407.0;394.0;417.0;403.0;427.0;413.0;438.0;424.0;449.0;434.0;460.0;445.0;472.0;456.0;484.0;468.0;496.0;480.0;508.0;492.0;521.0;504.0;534.0;516.0;547.0;529.0;561.0;543.0;575.0;556.0;589.0;570.0;604.0;584.0;619.0;599.0;635.0;614.0;651.0;629.0;667.0;645.0;684.0;661.0;701.0;678.0;718.0;695.0;736.0;712.0;755.0;730.0;773.0;748.0;793.0;767.0;813.0;786.0;833.0;806.0;854.0;826.0;875.0;847.0;897.0;868.0;920;890
GRU;Sao Paulo;-23.4356;-46.4731;5;51.0;71.0;54.0;76.0;57.0;80.0;61.0;85.0;64.0;90.0;68.0;96.0;72.0;101.0;77.0;108.0;81.0;114.0;86.0;121.0;91.0;128.0;97.0;136.0;103.0;144.0;109.0;153.0;116.0;162.0;123.0;172.0;130.0;182.0;138.0;193.0;146.0;205.0;155.0;217.0;164.0;230.0;164.0;230.0;164.0;230.0;164.0;230.0;164.0;230.0;164.0;230.0;164.0;230.0;164.0;230.0;164.0;230.0;164.0;230.0;164.0;230.0;171.0;239.0;178.0;249.0;185.0;259.0;192.0;269.0;200.0;280.0;208.0;291.0;216.0;303.0;225.0;315.0;234.0;328.0;243.0;341.0;253.0;355.0;263.0;369.0;274.0;383.0;285.0;399.0;296.0;415.0;308.0;431.0;320.0;449.0;333.0;467.0;347.0;485.0;360.0;505.0;375.0;525.0;390.0;546.0;405.0;568.0;422.0;591.0;439.0;614.0;456.0;639.0;474.0;664.0;493.0;691.0;513.0;719.0;534.0;747.0;555.0;777.0;577.0;808.0;600.0;841.0;625.0;875.0;650;910
MEX;Mexiko-Stadt;19.4363;-99.0721;5;60.0;68.0;63.0;71.0;65.0;74.0;68.0;77.0;71.0;80.0;74.0;83.0;77.0;86.0;80.0;90.0;83.0;94.0;86.0;97.0;90.0;101.0;93.0;105.0;97.0;110.0;101.0;114.0;105.0;119.0;109.0;123.0;114.0;128.0;118.0;133.0;123.0;139.0;128.0;144.0;133.0;150.0;138.0;156.0;144.0;162.0;150.0;169.0;156.0;176.0;162.0;183.0;168.0;190.0;175.0;198.0;182.0;206.0;190.0;214.0;197.0;223.0;205.0;231.0;213.0;241.0;222.0;250.0;231.0;260.0;240.0;271.0;250.0;282.0;260.0;293.0;270.0;305.0;281.0;317.0;292.0;330.0;304.0;343.0;316.0;357.0;329.0;371.0;342.0;386.0;355.0;401.0;370.0;417.0;385.0;434.0;400.0;451.0;416.0;469.0;433.0;488.0;450.0;508.0;468.0;528.0;487.0;549.0;506.0;571.0;526.0;594.0;548.0;618.0;569.0;643.0;592.0;668.0;616.0;695.0;641.0;723.0;666.0;752.0;693.0;782.0;721.0;813.0;750.0;846.0;780;880
YYZ;Toronto;43.6777;-79.6248;6;106.0;132.0;111.0;138.0;117.0;145.0;123.0;153.0;129.0;160.0;135.0;168.0;142.0;177.0;149.0;186.0;157.0;195.0;165.0;205.0;173.0;215.0;182.0;226.0;191.0;237.0;200.0;249.0;210.0;261.0;221.0;275.0;232.0;288.0;243.0;303.0;256.0;318.0;268.0;334.0;282.0;351.0;290.0;361.0;299.0;372.0;308.0;383.0;317.0;395.0;327.0;406.0;337.0;419.0;347.0;431.0;357.0;444.0;368.0;458.0;379.0;471.0;390.0;485.0;402.0;500.0;414.0;515.0;427.0;531.0;439.0;546.0;453.0;563.0;466.0;580.0;480.0;597.0;495.0;615.0;510.0;634.0;517.0;643.0;525.0;653.0;533.0;663.0;541.0;672.0;549.0;683.0;557.0;693.0;566.0;703.0;574.0;714.0;583.0;724.0;591.0;735.0;600.0;746.0;609.0;758.0;618.0;769.0;628.0;781.0;637.0;792.0;647.0;804.0;656.0;816.0;666.0;828.0;676.0;841.0;686.0;853.0;697.0;866.0;707.0;879.0;718.0;893.0;729.0;906.0;740;920
KUL;Kuala Lumpur;2.7456;101.7099;5;21.0;20.0;22.0;21.0;23.0;21.0;23.0;22.0;24.0;23.0;25.0;24.0;26.0;25.0;28.0;26.0;29.0;27.0;30.0;28.0;31.0;30.0;32.0;31.0;34.0;32.0;35.0;33.0;36.0;35.0;38.0;36.0;39.0;38.0;41.0;39.0;43.0;41.0;44.0;42.0;46.0;44.0;48.0;46.0;50.0;48.0;52.0;50.0;54.0;52.0;56.0;54.0;60.0;57.0;64.0;61.0;69.0;66.0;74.0;70.0;79.0;75.0;85.0;81.0;91.0;86.0;97.0;92.0;104.0;99.0;111.0;106.0;119.0;113.0;127.0;121.0;136.0;130.0;146.0;139.0;156.0;149.0;167.0;159.0;179.0;170.0;191.0;182.0;205.0;195.0;219.0;209.0;235.0;223.0;251.0;239.0;269.0;256.0;287.0;274.0;308.0;293.0;329.0;314.0;352.0;336.0;377.0;359.0;403.0;384.0;432.0;411.0;462.0;440.0;494.0;471.0;529.0;504.0;566.0;539.0;606.0;577.0;648.0;617.0;693.0;661.0;742.0;707.0;794.0;757.0;850;810
JNB;Johannesburg;-26.1392;28.246;5;92.0;113.0;94.0;115.0;96.0;118.0;97.0;120.0;99.0;123.0;101.0;125.0;103.0;128.0;106.0;130.0;108.0;133.0;110.0;135.0;112.0;138.0;114.0;141.0;117.0;144.0;119.0;147.0;121.0;149.0;124.0;152.0;126.0;156.0;129.0;159.0;131.0;162.0;134.0;165.0;137.0;168.0;139.0;172.0;142.0;175.0;145.0;179.0;148.0;182.0;151.0;186.0;154.0;190.0;157.0;194.0;160.0;197.0;163.0;201.0;167.0;205.0;170.0;210.0;173.0;214.0;177.0;218.0;180.0;222.0;184.0;227.0;188.0;231.0;192.0;236.0;195.0;241.0;199.0;246.0;203.0;251.0;213.0;263.0;224.0;276.0;235.0;290.0;247.0;305.0;260.0;320.0;273.0;336.0;286.0;353.0;301.0;370.0;316.0;389.0;331.0;408.0;348.0;429.0;365.0;450.0;384.0;473.0;403.0;496.0;423.0;521.0;444.0;547.0;467.0;575.0;490.0;604.0;514.0;634.0;540.0;665.0;567.0;699.0;596.0;734.0;625.0;770.0;657.0;809.0;690;850
CAI;Kairo;30.1219;31.4056;5;103.0;84.0;107.0;88.0;112.0;91.0;116.0;95.0;121.0;99.0;126.0;103.0;131.0;107.0;136.0;111.0;141.0;115.0;147.0;120.0;153.0;125.0;159.0;130.0;165.0;135.0;172.0;141.0;179.0;146.0;186.0;152.0;194.0;158.0;201.0;165.0;209.0;171.0;218.0;178.0;226.0;185.0;236.0;193.0;245.0;200.0;255.0;208.0;265.0;217.0;276.0;225.0;287.0;234.0;298.0;244.0;310.0;254.0;323.0;264.0;335.0;274.0;349.0;285.0;363.0;297.0;377.0;309.0;393.0;321.0;408.0;334.0;425.0;347.0;442.0;361.0;459.0;376.0;478.0;391.0;497.0;406.0;517.0;423.0;537.0;440.0;559.0;457.0;581.0;475.0;605.0;495.0;629.0;514.0;654.0;535.0;680.0;556.0;707.0;579.0;736.0;602.0;765.0;626.0;773.0;632.0;780.0;638.0;788.0;645.0;796.0;651.0;804.0;658.0;812.0;664.0;820.0;671.0;828.0;678.0;837.0;685.0;845.0;691.0;854.0;698.0;862.0;705.0;871.0;712.0;880;720
MUC;München;48.3538;11.7861;6;82.0;96.0;87.0;101.0;92.0;108.0;97.0;114.0;103.0;121.0;109.0;128.0;116.0;136.0;123.0;144.0;130.0;153.0;138.0;162.0;146.0;172.0;155.0;182.0;165.0;193.0;175.0;205.0;185.0;217.0;196.0;230.0;208.0;244.0;221.0;258.0;234.0;274.0;248.0;290.0;263.0;308.0;272.0;319.0;281.0;330.0;291.0;341.0;302.0;353.0;312.0;366.0;323.0;378.0;334.0;392.0;346.0;405.0;358.0;420.0;371.0;434.0;384.0;450.0;397.0;465.0;411.0;482.0;426.0;498.0;441.0;516.0;456.0;534.0;472.0;553.0;488.0;572.0;506.0;592.0;523.0;613.0;531.0;622.0;539.0;631.0;547.0;641.0;555.0;651.0;564.0;660.0;572.0;670.0;581.0;680.0;590.0;690.0;598.0;701.0;607.0;711.0;617.0;722.0;626.0;733.0;635.0;744.0;645.0;755.0;654.0;766.0;664.0;778.0;674.0;790.0;684.0;801.0;695.0;813.0;705.0;826.0;716.0;838.0;726.0;851.0;737.0;863.0;748.0;876.0;760;890
FCO;Rom;41.8003;12.2389;5;63.0;48.0;68.0;52.0;72.0;55.0;78.0;59.0;83.0;63.0;89.0;68.0;95.0;72.0;102.0;78.0;109.0;83.0;117.0;89.0;125.0;95.0;134.0;102.0;143.0;109.0;153.0;117.0;164.0;125.0;175.0;134.0;188.0;143.0;201.0;153.0;215.0;164.0;230.0;175.0;246.0;188.0;263.0;201.0;282.0;215.0;302.0;230.0;323.0;246.0;345.0;263.0;370.0;282.0;395.0;302.0;423.0;323.0;453.0;345.0;485.0;370.0;494.0;377.0;504.0;384.0;514.0;392.0;525.0;400.0;535.0;408.0;546.0;416.0;557.0;425.0;568.0;433.0;579.0;442.0;591.0;451.0;603.0;460.0;615.0;469.0;627.0;478.0;639.0;488.0;652.0;497.0;665.0;507.0;679.0;518.0;692.0;528.0;706.0;539.0;720.0;549.0;735.0;560.0;749.0;572.0;764.0;583.0;780.0;595.0;795.0;607.0;811.0;619.0;827.0;631.0;844.0;644.0;861.0;657.0;878.0;670.0;896.0;683.0;914.0;697.0;932.0;711.0;950.0;725.0;970;740
DUB;Dublin;53.4213;-6.2701;4;85.0;89.0;90.0;95.0;95.0;100.0;101.0;106.0;107.0;113.0;114.0;119.0;121.0;127.0;128.0;134.0;135.0;142.0;144.0;151.0;152.0;160.0;161.0;170.0;171.0;180.0;181.0;191.0;192.0;202.0;204.0;214.0;216.0;227.0;229.0;241.0;243.0;255.0;258.0;271.0;273.0;287.0;283.0;297.0;293.0;307.0;303.0;318.0;314.0;329.0;324.0;341.0;336.0;353.0;348.0;365.0;360.0;378.0;372.0;391.0;385.0;405.0;399.0;419.0;413.0;434.0;427.0;449.0;442.0;465.0;458.0;481.0;474.0;498.0;491.0;515.0;508.0;534.0;526.0;552.0;544.0;572.0;552.0;580.0;560.0;589.0;569.0;598.0;577.0;607.0;586.0;616.0;595.0;625.0;604.0;634.0;613.0;644.0;622.0;654.0;631.0;663.0;641.0;673.0;650.0;683.0;660.0;694.0;670.0;704.0;680.0;715.0;690.0;725.0;701.0;736.0;711.0;747.0;722.0;759.0;733.0;770.0;744.0;782.0;755.0;793.0;766.0;805.0;778.0;817.0;790;830
ZRH;Zürich;47.4647;8.5492;5;77.0;101.0;82.0;107.0;87.0;114.0;92.0;120.0;98.0;128.0;104.0;135.0;110.0;144.0;116.0;152.0;123.0;161.0;131.0;171.0;139.0;181.0;147.0;192.0;156.0;204.0;165.0;216.0;175.0;229.0;186.0;243.0;197.0;257.0;209.0;273.0;221.0;289.0;235.0;307.0;249.0;325.0;258.0;336.0;267.0;348.0;276.0;360.0;286.0;373.0;296.0;386.0;306.0;400.0;317.0;414.0;328.0;428.0;339.0;443.0;351.0;459.0;364.0;475.0;376.0;491.0;390.0;509.0;403.0;527.0;417.0;545.0;432.0;564.0;447.0;584.0;463.0;604.0;479.0;625.0;496.0;647.0;503.0;657.0;511.0;667.0;518.0;677.0;526.0;687.0;534.0;697.0;542.0;708.0;550.0;719.0;558.0;729.0;567.0;740.0;575.0;751.0;584.0;763.0;593.0;774.0;602.0;786.0;611.0;797.0;620.0;809.0;629.0;822.0;639.0;834.0;648.0;846.0;658.0;859.0;668.0;872.0;678.0;885.0;688.0;898.0;698.0;912.0;709.0;926.0;720;940
CPH;Kopenhagen;55.618;12.656;4;81.0;87.0;85.0;92.0;91.0;98.0;96.0;104.0;102.0;110.0;108.0;117.0;114.0;124.0;121.0;131.0;129.0;139.0;136.0;147.0;145.0;156.0;153.0;166.0;162.0;176.0;172.0;186.0;183.0;197.0;194.0;209.0;205.0;222.0;218.0;235.0;231.0;249.0;245.0;264.0;259.0;280.0;268.0;290.0;278.0;300.0;288.0;311.0;298.0;321.0;308.0;333.0;319.0;344.0;330.0;356.0;342.0;369.0;354.0;382.0;366.0;395.0;379.0;409.0;392.0;423.0;406.0;438.0;420.0;454.0;435.0;470.0;450.0;486.0;466.0;503.0;482.0;521.0;499.0;539.0;516.0;558.0;524.0;566.0;532.0;575.0;540.0;583.0;548.0;592.0;556.0;601.0;565.0;610.0;573.0;619.0;582.0;628.0;591.0;638.0;599.0;647.0;608.0;657.0;618.0;667.0;627.0;677.0;636.0;687.0;646.0;697.0;655.0;708.0;665.0;719.0;675.0;729.0;685.0;740.0;696.0;751.0;706.0;763.0;717.0;774.0;727.0;786.0;738.0;798.0;750;810
VIE;Wien;48.1103;16.5697;4;90.0;88.0;96.0;93.0;101.0;99.0;108.0;105.0;114.0;111.0;121.0;118.0;128.0;125.0;136.0;133.0;144.0;141.0;153.0;149.0;162.0;158.0;172.0;168.0;182.0;178.0;193.0;188.0;205.0;200.0;217.0;212.0;230.0;224.0;244.0;238.0;258.0;252.0;274.0;267.0;290.0;284.0;301.0;293.0;311.0;304.0;322.0;314.0;333.0;325.0;345.0;337.0;357.0;349.0;370.0;361.0;383.0;374.0;396.0;387.0;410.0;400.0;424.0;414.0;439.0;429.0;455.0;444.0;470.0;459.0;487.0;475.0;504.0;492.0;522.0;509.0;540.0;527.0;559.0;546.0;578.0;565.0;587.0;573.0;596.0;582.0;605.0;590.0;614.0;599.0;623.0;608.0;633.0;617.0;642.0;627.0;652.0;636.0;661.0;646.0;671.0;655.0;681.0;665.0;692.0;675.0;702.0;685.0;713.0;696.0;723.0;706.0;734.0;717.0;745.0;727.0;756.0;738.0;768.0;749.0;779.0;761.0;791.0;772.0;803.0;784.0;815.0;795.0;827.0;807.0;840;820
OSL;Oslo;60.1939;11.1004;4;73.0;84.0;77.0;89.0;82.0;94.0;87.0;100.0;92.0;106.0;98.0;112.0;104.0;119.0;110.0;126.0;117.0;134.0;124.0;142.0;131.0;150.0;139.0;159.0;147.0;169.0;156.0;179.0;166.0;190.0;176.0;201.0;186.0;213.0;197.0;226.0;209.0;240.0;222.0;254.0;235.0;270.0;243.0;279.0;252.0;289.0;261.0;299.0;270.0;310.0;279.0;320.0;289.0;332.0;299.0;343.0;310.0;355.0;321.0;368.0;332.0;381.0;343.0;394.0;355.0;408.0;368.0;422.0;381.0;437.0;394.0;452.0;408.0;468.0;422.0;484.0;437.0;501.0;452.0;519.0;468.0;537.0;475.0;545.0;482.0;553.0;490.0;562.0;497.0;570.0;504.0;579.0;512.0;587.0;520.0;596.0;527.0;605.0;535.0;614.0;543.0;623.0;552.0;633.0;560.0;642.0;568.0;652.0;577.0;662.0;585.0;672.0;594.0;682.0;603.0;692.0;612.0;702.0;621.0;713.0;631.0;724.0;640.0;734.0;650.0;745.0;660.0;757.0;669.0;768.0;680;780
ARN;Stockholm;59.6519;17.9186;4;76.0;86.0;81.0;91.0;86.0;97.0;91.0;102.0;96.0;109.0;102.0;115.0;108.0;122.0;115.0;129.0;122.0;137.0;129.0;145.0;137.0;154.0;145.0;164.0;154.0;173.0;163.0;184.0;173.0;195.0;183.0;207.0;194.0;219.0;206.0;232.0;218.0;246.0;232.0;261.0;245.0;277.0;254.0;286.0;263.0;296.0;272.0;307.0;282.0;317.0;292.0;329.0;302.0;340.0;312.0;352.0;323.0;364.0;335.0;377.0;346.0;390.0;359.0;404.0;371.0;418.0;384.0;433.0;398.0;448.0;412.0;464.0;426.0;480.0;441.0;497.0;456.0;514.0;472.0;532.0;489.0;551.0;496.0;559.0;504.0;568.0;511.0;576.0;519.0;585.0;527.0;593.0;535.0;602.0;543.0;611.0;551.0;621.0;559.0;630.0;567.0;639.0;576.0;649.0;585.0;659.0;593.0;669.0;602.0;679.0;611.0;689.0;620.0;699.0;630.0;710.0;639.0;720.0;649.0;731.0;659.0;742.0;668.0;753.0;678.0;765.0;689.0;776.0;699.0;788.0;710;800
HEL;Helsinki;60.3172;24.9633;4;70.0;82.0;74.0;87.0;78.0;92.0;83.0;97.0;88.0;103.0;93.0;109.0;99.0;116.0;105.0;123.0;111.0;130.0;118.0;138.0;125.0;146.0;133.0;155.0;141.0;165.0;149.0;175.0;158.0;185.0;168.0;196.0;178.0;208.0;189.0;221.0;200.0;234.0;212.0;248.0;225.0;263.0;233.0;272.0;241.0;281.0;249.0;291.0;258.0;302.0;267.0;312.0;276.0;323.0;286.0;334.0;296.0;346.0;306.0;358.0;317.0;371.0;328.0;384.0;340.0;397.0;352.0;411.0;364.0;426.0;377.0;441.0;390.0;456.0;404.0;472.0;418.0;488.0;432.0;506.0;447.0;523.0;454.0;531.0;461.0;539.0;468.0;547.0;475.0;555.0;482.0;564.0;489.0;572.0;497.0;581.0;504.0;590.0;512.0;598.0;519.0;607.0;527.0;617.0;535.0;626.0;543.0;635.0;551.0;645.0;560.0;654.0;568.0;664.0;577.0;674.0;585.0;684.0;594.0;695.0;603.0;705.0;612.0;716.0;621.0;726.0;630.0;737.0;640.0;748.0;650;760
LIS;Lissabon;38.7742;-9.1342;4;61.0;44.0;65.0;47.0;69.0;51.0;74.0;54.0;80.0;58.0;85.0;62.0;91.0;67.0;98.0;71.0;104.0;76.0;112.0;82.0;120.0;87.0;128.0;94.0;137.0;100.0;147.0;107.0;157.0;115.0;168.0;123.0;180.0;131.0;192.0;141.0;206.0;150.0;220.0;161.0;236.0;172.0;252.0;184.0;270.0;197.0;289.0;211.0;309.0;226.0;331.0;242.0;354.0;259.0;379.0;277.0;406.0;296.0;434.0;317.0;465.0;340.0;474.0;346.0;483.0;353.0;493.0;360.0;503.0;368.0;513.0;375.0;523.0;382.0;534.0;390.0;544.0;398.0;555.0;406.0;566.0;414.0;578.0;422.0;589.0;431.0;601.0;439.0;613.0;448.0;625.0;457.0;638.0;466.0;651.0;476.0;664.0;485.0;677.0;495.0;691.0;505.0;704.0;515.0;718.0;525.0;733.0;536.0;747.0;546.0;762.0;557.0;778.0;568.0;793.0;580.0;809.0;591.0;825.0;603.0;842.0;615.0;859.0;628.0;876.0;640.0;893.0;653.0;911.0;666.0;930;680
ATH;Athen;37.9364;23.9445;4;62.0;40.0;66.0;43.0;71.0;46.0;76.0;49.0;81.0;53.0;87.0;57.0;93.0;61.0;100.0;65.0;107.0;69.0;114.0;74.0;122.0;80.0;131.0;85.0;140.0;91.0;150.0;98.0;160.0;105.0;172.0;112.0;184.0;120.0;197.0;128.0;210.0;137.0;225.0;147.0;241.0;157.0;258.0;168.0;276.0;180.0;295.0;193.0;316.0;206.0;338.0;221.0;362.0;236.0;387.0;253.0;414.0;270.0;443.0;289.0;475.0;310.0;484.0;316.0;494.0;322.0;504.0;328.0;514.0;335.0;524.0;342.0;534.0;349.0;545.0;356.0;556.0;363.0;567.0;370.0;579.0;377.0;590.0;385.0;602.0;393.0;614.0;401.0;626.0;409.0;639.0;417.0;652.0;425.0;665.0;434.0;678.0;442.0;692.0;451.0;705.0;460.0;719.0;469.0;734.0;479.0;749.0;488.0;764.0;498.0;779.0;508.0;794.0;518.0;810.0;529.0;827.0;539.0;843.0;550.0;860.0;561.0;877.0;572.0;895.0;584.0;913.0;595.0;931.0;607.0;950;620
WAW;Warschau;52.1657;20.9671;4;111.0;130.0;116.0;136.0;120.0;141.0;125.0;147.0;130.0;153.0;135.0;159.0;141.0;165.0;146.0;172.0;152.0;179.0;158.0;186.0;165.0;193.0;171.0;201.0;178.0;209.0;185.0;217.0;193.0;226.0;201.0;235.0;209.0;245.0;217.0;254.0;226.0;265.0;235.0;275.0;244.0;286.0;254.0;298.0;264.0;310.0;275.0;322.0;286.0;335.0;297.0;348.0;309.0;362.0;321.0;377.0;334.0;392.0;348.0;407.0;362.0;424.0;333.0;390.0;306.0;359.0;281.0;330.0;259.0;303.0;238.0;279.0;219.0;257.0;230.0;270.0;242.0;283.0;254.0;297.0;266.0;312.0;280.0;328.0;294.0;344.0;308.0;362.0;324.0;380.0;340.0;399.0;357.0;419.0;375.0;440.0;394.0;462.0;413.0;485.0;434.0;509.0;456.0;534.0;479.0;561.0;503.0;589.0;528.0;619.0;554.0;650.0;582.0;682.0;611.0;716.0;642.0;752.0;674.0;790.0;708.0;829.0;693.0;813.0;679.0;796.0;666.0;780.0;653.0;765.0;640;750
PRG;Prag;50.1008;14.26;3;158.0;113.0;165.0;117.0;171.0;122.0;178.0;127.0;185.0;132.0;193.0;137.0;200.0;143.0;208.0;149.0;217.0;155.0;225.0;161.0;234.0;167.0;244.0;174.0;254.0;181.0;264.0;188.0;274.0;196.0;285.0;204.0;297.0;212.0;309.0;220.0;321.0;229.0;334.0;238.0;347.0;248.0;361.0;258.0;376.0;268.0;391.0;279.0;406.0;290.0;423.0;302.0;440.0;314.0;457.0;326.0;475.0;339.0;495.0;353.0;514.0;367.0;473.0;338.0;435.0;311.0;400.0;286.0;368.0;263.0;339.0;242.0;312.0;222.0;327.0;234.0;344.0;245.0;361.0;258.0;379.0;271.0;398.0;284.0;418.0;298.0;439.0;313.0;461.0;329.0;484.0;345.0;508.0;363.0;533.0;381.0;560.0;400.0;588.0;420.0;618.0;441.0;648.0;463.0;681.0;486.0;715.0;511.0;751.0;536.0;788.0;563.0;828.0;591.0;869.0;621.0;913.0;652.0;958.0;684.0;1006.0;719.0;986.0;704.0;966.0;690.0;947.0;676.0;928.0;663.0;910;650
DOH;Doha;25.2731;51.6081;6;8.0;9.0;9.0;9.0;9.0;9.0;9.0;9.0;9.0;9.0;9.0;10.0;10.0;10.0;10.0;10.0;10.0;10.0;10.0;10.0;10.0;11.0;11.0;11.0;11.0;11.0;11.0;11.0;11.0;12.0;11.0;12.0;12.0;12.0;12.0;12.0;12.0;12.0;12.0;13.0;13.0;13.0;13.0;13.0;13.0;14.0;14.0;14.0;14.0;14.0;14.0;14.0;14.0;15.0;15.0;15.0;15.0;15.0;15.0;16.0;16.0;16.0;18.0;18.0;20.0;20.0;22.0;23.0;25.0;25.0;28.0;29.0;31.0;32.0;35.0;36.0;39.0;40.0;44.0;45.0;49.0;51.0;55.0;57.0;62.0;64.0;70.0;71.0;78.0;80.0;88.0;90.0;98.0;101.0;110.0;113.0;123.0;126.0;138.0;141.0;155.0;158.0;173.0;178.0;194.0;199.0;218.0;223.0;244.0;250.0;273.0;280.0;306.0;313.0;343.0;351.0;384.0;393.0;430.0;440.0;482.0;493.0;540.0;552.0;605.0;619.0;677.0;693.0;758.0;776.0;850;870
BOG;Bogota;4.7016;-74.1469;5;53.0;64.0;56.0;68.0;60.0;72.0;63.0;77.0;67.0;81.0;71.0;86.0;76.0;91.0;80.0;97.0;85.0;103.0;90.0;109.0;96.0;116.0;101.0;122.0;108.0;130.0;114.0;138.0;121.0;146.0;128.0;155.0;136.0;164.0;144.0;174.0;153.0;184.0;162.0;196.0;172.0;207.0;172.0;207.0;172.0;207.0;172.0;207.0;172.0;207.0;172.0;207.0;172.0;207.0;172.0;207.0;172.0;207.0;172.0;207.0;172.0;207.0;179.0;216.0;186.0;224.0;193.0;233.0;201.0;243.0;209.0;252.0;218.0;262.0;226.0;273.0;235.0;284.0;245.0;295.0;255.0;307.0;265.0;319.0;275.0;332.0;286.0;346.0;298.0;359.0;310.0;374.0;322.0;389.0;335.0;404.0;349.0;420.0;363.0;437.0;377.0;455.0;392.0;473.0;408.0;492.0;424.0;512.0;441.0;532.0;459.0;553.0;477.0;576.0;496.0;599.0;516.0;623.0;537.0;648.0;558.0;673.0;581.0;700.0;604.0;728.0;628.0;758.0;653.0;788.0;680;820
CTU;Chengdu;30.5785;103.9471;5;34.0;56.0;34.0;57.0;35.0;58.0;35.0;58.0;35.0;59.0;36.0;59.0;36.0;60.0;36.0;61.0;37.0;61.0;37.0;62.0;38.0;62.0;38.0;63.0;38.0;64.0;39.0;64.0;39.0;65.0;39.0;66.0;40.0;66.0;40.0;67.0;41.0;68.0;41.0;68.0;42.0;69.0;42.0;70.0;42.0;70.0;43.0;71.0;43.0;72.0;44.0;73.0;44.0;73.0;45.0;74.0;45.0;75.0;45.0;76.0;46.0;76.0;46.0;77.0;47.0;78.0;47.0;79.0;48.0;79.0;48.0;80.0;49.0;81.0;49.0;82.0;50.0;83.0;50.0;83.0;51.0;84.0;51.0;85.0;52.0;86.0;52.0;87.0;53.0;88.0;53.0;89.0;60.0;99.0;67.0;111.0;75.0;125.0;84.0;140.0;95.0;157.0;106.0;175.0;119.0;197.0;133.0;220.0;149.0;247.0;167.0;276.0;187.0;310.0;210.0;347.0;235.0;389.0;263.0;435.0;295.0;487.0;330.0;546.0;370.0;612.0;414.0;685.0;464.0;767.0;520;860
KMG;Kunming;25.1019;102.9292;4;31.0;49.0;32.0;50.0;32.0;50.0;32.0;51.0;33.0;51.0;33.0;52.0;33.0;52.0;34.0;53.0;34.0;53.0;34.0;54.0;35.0;54.0;35.0;55.0;35.0;55.0;36.0;56.0;36.0;57.0;36.0;57.0;37.0;58.0;37.0;58.0;38.0;59.0;38.0;60.0;38.0;60.0;39.0;61.0;39.0;61.0;39.0;62.0;40.0;63.0;40.0;63.0;41.0;64.0;41.0;65.0;42.0;65.0;42.0;66.0;42.0;66.0;43.0;67.0;43.0;68.0;44.0;68.0;44.0;69.0;45.0;70.0;45.0;71.0;45.0;71.0;46.0;72.0;46.0;73.0;47.0;73.0;47.0;74.0;48.0;75.0;48.0;76.0;49.0;76.0;49.0;77.0;55.0;87.0;62.0;97.0;69.0;109.0;78.0;122.0;87.0;137.0;98.0;153.0;110.0;171.0;123.0;192.0;137.0;215.0;154.0;241.0;173.0;270.0;193.0;302.0;217.0;339.0;243.0;379.0;272.0;425.0;305.0;476.0;341.0;533.0;382.0;597.0;428.0;669.0;480;750
XIY;Xi'an;34.4471;108.7516;4;40.0;51.0;40.0;51.0;41.0;52.0;41.0;52.0;42.0;53.0;42.0;53.0;42.0;54.0;43.0;54.0;43.0;55.0;44.0;55.0;44.0;56.0;45.0;56.0;45.0;57.0;45.0;58.0;46.0;58.0;46.0;59.0;47.0;59.0;47.0;60.0;48.0;61.0;48.0;61.0;49.0;62.0;49.0;62.0;50.0;63.0;50.0;64.0;51.0;64.0;51.0;65.0;52.0;66.0;52.0;66.0;53.0;67.0;53.0;68.0;54.0;68.0;55.0;69.0;55.0;70.0;56.0;70.0;56.0;71.0;57.0;72.0;57.0;72.0;58.0;73.0;58.0;74.0;59.0;75.0;60.0;75.0;60.0;76.0;61.0;77.0;61.0;78.0;62.0;79.0;63.0;79.0;70.0;89.0;79.0;100.0;88.0;112.0;99.0;125.0;111.0;140.0;124.0;157.0;139.0;176.0;156.0;197.0;175.0;221.0;196.0;247.0;219.0;277.0;246.0;310.0;275.0;348.0;309.0;390.0;346.0;436.0;387.0;489.0;434.0;548.0;486.0;613.0;544.0;687.0;610;770
CKG;Chongqing;29.7192;106.6417;4;31.0;53.0;31.0;54.0;31.0;54.0;32.0;55.0;32.0;55.0;32.0;56.0;33.0;56.0;33.0;57.0;33.0;58.0;34.0;58.0;34.0;59.0;34.0;59.0;35.0;60.0;35.0;61.0;35.0;61.0;36.0;62.0;36.0;62.0;36.0;63.0;37.0;64.0;37.0;64.0;37.0;65.0;38.0;66.0;38.0;66.0;39.0;67.0;39.0;68.0;39.0;68.0;40.0;69.0;40.0;70.0;41.0;70.0;41.0;71.0;41.0;72.0;42.0;73.0;42.0;73.0;43.0;74.0;43.0;75.0;44.0;76.0;44.0;76.0;44.0;77.0;45.0;78.0;45.0;79.0;46.0;79.0;46.0;80.0;47.0;81.0;47.0;82.0;48.0;83.0;48.0;83.0;54.0;94.0;61.0;105.0;68.0;117.0;76.0;132.0;85.0;147.0;96.0;165.0;107.0;185.0;120.0;207.0;135.0;232.0;151.0;260.0;169.0;292.0;189.0;327.0;212.0;366.0;238.0;410.0;266.0;459.0;298.0;514.0;334.0;576.0;374.0;645.0;419.0;723.0;470;810
HGH;Hangzhou;30.2295;120.4344;4;14.0;19.0;14.0;20.0;15.0;20.0;15.0;20.0;15.0;21.0;16.0;21.0;16.0;22.0;16.0;22.0;17.0;23.0;17.0;23.0;17.0;24.0;18.0;24.0;18.0;25.0;18.0;25.0;19.0;26.0;19.0;26.0;20.0;27.0;20.0;27.0;20.0;28.0;21.0;28.0;21.0;29.0;22.0;29.0;22.0;30.0;22.0;31.0;23.0;31.0;23.0;32.0;24.0;33.0;24.0;33.0;25.0;34.0;25.0;35.0;26.0;35.0;29.0;39.0;32.0;44.0;36.0;48.0;40.0;54.0;44.0;60.0;49.0;66.0;54.0;74.0;60.0;82.0;67.0;91.0;74.0;101.0;83.0;112.0;92.0;125.0;102.0;138.0;113.0;154.0;126.0;170.0;140.0;189.0;155.0;210.0;172.0;233.0;191.0;259.0;212.0;288.0;236.0;319.0;262.0;354.0;291.0;394.0;323.0;437.0;358.0;485.0;398.0;538.0;441.0;598.0;490.0;663.0;544.0;736.0;560.0;759.0;577.0;781.0;594.0;805.0;612.0;829.0;631.0;854.0;650;880
SGN;Ho-Chi-Minh-Stadt;10.8188;106.6519;5;19.0;21.0;20.0;21.0;21.0;22.0;21.0;23.0;22.0;24.0;23.0;25.0;24.0;26.0;25.0;27.0;26.0;28.0;27.0;29.0;28.0;31.0;30.0;32.0;31.0;33.0;32.0;35.0;33.0;36.0;35.0;37.0;36.0;39.0;38.0;40.0;39.0;42.0;41.0;44.0;42.0;46.0;44.0;47.0;46.0;49.0;48.0;51.0;50.0;53.0;52.0;56.0;55.0;60.0;59.0;64.0;63.0;68.0;68.0;73.0;73.0;78.0;78.0;84.0;83.0;90.0;89.0;96.0;95.0;103.0;102.0;110.0;109.0;118.0;117.0;126.0;125.0;135.0;134.0;144.0;143.0;154.0;153.0;165.0;164.0;177.0;176.0;189.0;188.0;202.0;201.0;217.0;215.0;232.0;230.0;248.0;246.0;265.0;264.0;284.0;282.0;304.0;302.0;325.0;323.0;348.0;346.0;372.0;370.0;399.0;396.0;427.0;424.0;456.0;453.0;488.0;485.0;523.0;519.0;559.0;556.0;598.0;595.0;640.0;636.0;685.0;681.0;733.0;728.0;785.0;780;840
CGK;Jakarta;-6.1256;106.6558;6;18.0;22.0;19.0;23.0;20.0;24.0;20.0;25.0;21.0;26.0;22.0;27.0;23.0;28.0;24.0;29.0;25.0;30.0;26.0;31.0;27.0;33.0;28.0;34.0;29.0;35.0;30.0;37.0;32.0;38.0;33.0;40.0;34.0;41.0;36.0;43.0;37.0;45.0;39.0;46.0;40.0;48.0;42.0;50.0;43.0;52.0;45.0;54.0;47.0;57.0;49.0;59.0;52.0;63.0;56.0;68.0;60.0;72.0;64.0;77.0;69.0;83.0;74.0;89.0;79.0;95.0;84.0;102.0;90.0;109.0;97.0;116.0;104.0;125.0;111.0;133.0;119.0;143.0;127.0;153.0;136.0;163.0;145.0;175.0;156.0;187.0;167.0;200.0;178.0;214.0;191.0;229.0;204.0;246.0;218.0;263.0;234.0;281.0;250.0;301.0;268.0;322.0;286.0;345.0;307.0;369.0;328.0;395.0;351.0;422.0;376.0;452.0;402.0;484.0;430.0;517.0;460.0;554.0;493.0;593.0;527.0;634.0;564.0;678.0;604.0;726.0;646.0;777.0;691.0;831.0;740;890
MNL;Manila;14.5086;121.0194;5;18.0;21.0;18.0;22.0;19.0;23.0;20.0;23.0;21.0;24.0;21.0;25.0;22.0;26.0;23.0;28.0;24.0;29.0;25.0;30.0;26.0;31.0;27.0;32.0;28.0;34.0;30.0;35.0;31.0;36.0;32.0;38.0;33.0;39.0;35.0;41.0;36.0;43.0;37.0;44.0;39.0;46.0;41.0;48.0;42.0;50.0;44.0;52.0;46.0;54.0;48.0;56.0;51.0;60.0;55.0;64.0;58.0;69.0;63.0;74.0;67.0;79.0;72.0;85.0;77.0;91.0;82.0;97.0;88.0;104.0;94.0;111.0;101.0;119.0;108.0;127.0;115.0;136.0;123.0;146.0;132.0;156.0;141.0;167.0;151.0;179.0;162.0;191.0;173.0;205.0;186.0;219.0;199.0;235.0;213.0;251.0;227.0;269.0;243.0;287.0;260.0;308.0;279.0;329.0;298.0;352.0;319.0;377.0;342.0;403.0;366.0;432.0;391.0;462.0;419.0;494.0;448.0;529.0;479.0;566.0;513.0;606.0;549.0;648.0;587.0;693.0;628.0;742.0;672.0;794.0;720;850
MEL;Melbourne;-37.6733;144.8433;5;114.0;109.0;118.0;113.0;123.0;118.0;128.0;122.0;133.0;127.0;139.0;132.0;144.0;138.0;150.0;143.0;156.0;149.0;162.0;155.0;169.0;161.0;176.0;168.0;183.0;174.0;190.0;181.0;197.0;188.0;205.0;196.0;214.0;204.0;222.0;212.0;231.0;221.0;240.0;229.0;250.0;239.0;260.0;248.0;270.0;258.0;281.0;268.0;293.0;279.0;304.0;290.0;316.0;302.0;329.0;314.0;342.0;327.0;356.0;340.0;370.0;353.0;380.0;362.0;389.0;371.0;399.0;381.0;409.0;390.0;419.0;400.0;430.0;410.0;440.0;420.0;451.0;431.0;463.0;442.0;474.0;453.0;486.0;464.0;498.0;476.0;511.0;487.0;523.0;500.0;537.0;512.0;550.0;525.0;564.0;538.0;578.0;552.0;592.0;565.0;607.0;579.0;622.0;594.0;638.0;609.0;654.0;624.0;670.0;640.0;687.0;656.0;704.0;672.0;722.0;689.0;740.0;706.0;758.0;724.0;777.0;742.0;797.0;760.0;817.0;780.0;837.0;799.0;858.0;819.0;880;840
AKL;Auckland;-37.0081;174.7917;4;109.0;98.0;113.0;102.0;118.0;106.0;122.0;111.0;127.0;115.0;132.0;120.0;138.0;124.0;143.0;129.0;149.0;135.0;155.0;140.0;161.0;146.0;168.0;152.0;174.0;158.0;181.0;164.0;188.0;170.0;196.0;177.0;204.0;184.0;212.0;192.0;221.0;200.0;229.0;208.0;239.0;216.0;248.0;224.0;258.0;233.0;268.0;243.0;279.0;253.0;290.0;263.0;302.0;273.0;314.0;284.0;327.0;296.0;340.0;307.0;353.0;320.0;362.0;328.0;371.0;336.0;381.0;344.0;390.0;353.0;400.0;362.0;410.0;371.0;420.0;380.0;431.0;390.0;442.0;399.0;453.0;409.0;464.0;420.0;476.0;430.0;487.0;441.0;500.0;452.0;512.0;463.0;525.0;475.0;538.0;487.0;552.0;499.0;565.0;511.0;579.0;524.0;594.0;537.0;609.0;551.0;624.0;565.0;640.0;579.0;656.0;593.0;672.0;608.0;689.0;623.0;706.0;639.0;724.0;655.0;742.0;671.0;760.0;688.0;780.0;705.0;799.0;723.0;819.0;741.0;840;760
YVR;Vancouver;49.1939;-123.1844;4;67.0;71.0;71.0;75.0;75.0;80.0;79.0;85.0;84.0;90.0;89.0;95.0;95.0;101.0;100.0;107.0;106.0;113.0;113.0;120.0;120.0;127.0;127.0;135.0;134.0;143.0;142.0;152.0;151.0;161.0;160.0;171.0;170.0;181.0;180.0;192.0;191.0;203.0;202.0;215.0;214.0;228.0;227.0;242.0;241.0;257.0;256.0;272.0;271.0;289.0;287.0;306.0;304.0;324.0;323.0;344.0;342.0;364.0;363.0;386.0;385.0;410.0;392.0;418.0;400.0;426.0;408.0;435.0;416.0;443.0;425.0;452.0;433.0;461.0;442.0;470.0;451.0;480.0;460.0;490.0;469.0;499.0;478.0;509.0;488.0;520.0;498.0;530.0;508.0;541.0;518.0;551.0;528.0;562.0;539.0;574.0;549.0;585.0;560.0;597.0;572.0;609.0;583.0;621.0;595.0;633.0;607.0;646.0;619.0;659.0;631.0;672.0;644.0;686.0;657.0;699.0;670.0;713.0;683.0;728.0;697.0;742.0;711.0;757.0;725.0;772.0;740.0;788.0;754.0;803.0;770;820
YUL;Montreal;45.4706;-73.7408;4;103.0;122.0;108.0;128.0;114.0;134.0;119.0;141.0;125.0;148.0;132.0;156.0;138.0;163.0;145.0;172.0;152.0;180.0;160.0;189.0;168.0;199.0;177.0;209.0;185.0;219.0;195.0;230.0;205.0;242.0;215.0;254.0;226.0;266.0;237.0;280.0;249.0;294.0;261.0;308.0;274.0;324.0;282.0;334.0;291.0;344.0;300.0;354.0;309.0;365.0;318.0;376.0;328.0;387.0;337.0;398.0;348.0;410.0;358.0;423.0;369.0;435.0;380.0;448.0;391.0;462.0;403.0;476.0;415.0;490.0;428.0;505.0;440.0;520.0;454.0;536.0;467.0;552.0;481.0;568.0;496.0;585.0;503.0;594.0;511.0;603.0;518.0;612.0;526.0;621.0;534.0;631.0;542.0;640.0;550.0;650.0;558.0;659.0;567.0;669.0;575.0;679.0;584.0;690.0;593.0;700.0;602.0;710.0;611.0;721.0;620.0;732.0;629.0;743.0;639.0;754.0;648.0;765.0;658.0;777.0;668.0;789.0;678.0;800.0;688.0;812.0;698.0;825.0;709.0;837.0;720;850
BOS;Boston;42.3643;-71.0051;5;109.0;130.0;114.0;137.0;120.0;144.0;126.0;151.0;132.0;159.0;139.0;167.0;146.0;175.0;153.0;184.0;161.0;193.0;169.0;203.0;178.0;213.0;186.0;223.0;196.0;235.0;206.0;246.0;216.0;259.0;227.0;272.0;238.0;285.0;250.0;299.0;263.0;314.0;276.0;330.0;290.0;347.0;298.0;357.0;307.0;368.0;316.0;379.0;326.0;390.0;336.0;402.0;346.0;414.0;356.0;427.0;367.0;439.0;378.0;453.0;389.0;466.0;401.0;480.0;413.0;495.0;425.0;509.0;438.0;525.0;451.0;541.0;465.0;557.0;479.0;573.0;493.0;591.0;508.0;608.0;523.0;627.0;531.0;636.0;539.0;646.0;547.0;655.0;555.0;665.0;564.0;675.0;572.0;685.0;581.0;696.0;590.0;706.0;598.0;717.0;607.0;727.0;617.0;738.0;626.0;749.0;635.0;761.0;645.0;772.0;654.0;784.0;664.0;795.0;674.0;807.0;684.0;819.0;695.0;832.0;705.0;844.0;716.0;857.0;726.0;870.0;737.0;883.0;748.0;896.0;760;910
IAH;Houston;29.9804;-95.3397;6;87.0;136.0;92.0;143.0;96.0;150.0;101.0;158.0;106.0;166.0;111.0;174.0;117.0;183.0;123.0;192.0;129.0;201.0;136.0;211.0;142.0;222.0;150.0;233.0;157.0;245.0;165.0;257.0;173.0;270.0;182.0;284.0;191.0;298.0;201.0;313.0;211.0;328.0;221.0;345.0;232.0;362.0;239.0;373.0;246.0;384.0;254.0;396.0;261.0;408.0;269.0;420.0;277.0;432.0;286.0;445.0;294.0;459.0;303.0;473.0;312.0;487.0;322.0;501.0;331.0;516.0;341.0;532.0;352.0;548.0;362.0;564.0;373.0;581.0;384.0;599.0;396.0;617.0;408.0;635.0;420.0;654.0;426.0;664.0;433.0;674.0;439.0;684.0;446.0;694.0;452.0;705.0;459.0;715.0;466.0;726.0;473.0;737.0;480.0;748.0;487.0;759.0;495.0;771.0;502.0;782.0;510.0;794.0;517.0;806.0;525.0;818.0;533.0;830.0;541.0;843.0;549.0;855.0;557.0;868.0;566.0;881.0;574.0;895.0;583.0;908.0;592.0;922.0;600.0;935.0;610;950
PHX;Phoenix;33.4342;-112.0081;5;65.0;71.0;69.0;75.0;73.0;80.0;77.0;85.0;82.0;90.0;87.0;95.0;92.0;101.0;98.0;107.0;104.0;113.0;110.0;120.0;116.0;127.0;123.0;135.0;131.0;143.0;139.0;152.0;147.0;161.0;156.0;171.0;165.0;181.0;175.0;192.0;186.0;203.0;197.0;215.0;209.0;228.0;221.0;242.0;235.0;257.0;249.0;272.0;264.0;289.0;280.0;306.0;297.0;324.0;314.0;344.0;333.0;364.0;353.0;386.0;375.0;410.0;382.0;418.0;390.0;426.0;397.0;435.0;405.0;443.0;414.0;452.0;422.0;461.0;430.0;470.0;439.0;480.0;448.0;490.0;457.0;499.0;466.0;509.0;475.0;520.0;485.0;530.0;494.0;541.0;504.0;551.0;514.0;562.0;525.0;574.0;535.0;585.0;546.0;597.0;557.0;609.0;568.0;621.0;579.0;633.0;591.0;646.0;603.0;659.0;615.0;672.0;627.0;686.0;640.0;699.0;652.0;713.0;665.0;728.0;679.0;742.0;692.0;757.0;706.0;772.0;720.0;788.0;735.0;803.0;750;820
MSP;Minneapolis;44.8848;-93.2223;5;83.0;123.0;87.0;129.0;91.0;136.0;96.0;143.0;101.0;150.0;106.0;157.0;111.0;165.0;117.0;174.0;123.0;182.0;129.0;191.0;135.0;201.0;142.0;211.0;149.0;222.0;157.0;233.0;165.0;244.0;173.0;257.0;182.0;269.0;191.0;283.0;200.0;297.0;210.0;312.0;221.0;328.0;227.0;338.0;234.0;348.0;241.0;358.0;249.0;369.0;256.0;380.0;264.0;391.0;272.0;403.0;280.0;415.0;288.0;428.0;297.0;441.0;306.0;454.0;315.0;467.0;325.0;481.0;334.0;496.0;344.0;511.0;355.0;526.0;365.0;542.0;376.0;558.0;388.0;575.0;399.0;592.0;405.0;601.0;411.0;610.0;417.0;619.0;424.0;629.0;430.0;638.0;437.0;648.0;443.0;657.0;450.0;667.0;457.0;677.0;463.0;687.0;470.0;698.0;477.0;708.0;485.0;719.0;492.0;730.0;499.0;741.0;507.0;752.0;514.0;763.0;522.0;774.0;530.0;786.0;538.0;798.0;546.0;810.0;554.0;822.0;562.0;834.0;571.0;847.0;580;860
DTW;Detroit;42.2124;-83.3533;5;74.0;127.0;78.0;134.0;82.0;141.0;86.0;148.0;90.0;155.0;95.0;163.0;100.0;171.0;105.0;180.0;110.0;189.0;116.0;198.0;121.0;208.0;127.0;218.0;134.0;229.0;141.0;241.0;148.0;253.0;155.0;266.0;163.0;279.0;171.0;293.0;179.0;308.0;188.0;323.0;198.0;339.0;204.0;349.0;210.0;360.0;216.0;371.0;223.0;382.0;230.0;393.0;236.0;405.0;244.0;417.0;251.0;430.0;258.0;443.0;266.0;456.0;274.0;470.0;282.0;484.0;291.0;498.0;300.0;513.0;309.0;529.0;318.0;544.0;327.0;561.0;337.0;578.0;347.0;595.0;358.0;613.0;363.0;622.0;369.0;631.0;374.0;641.0;380.0;651.0;386.0;660.0;391.0;670.0;397.0;680.0;403.0;690.0;409.0;701.0;415.0;711.0;422.0;722.0;428.0;733.0;434.0;744.0;441.0;755.0;448.0;766.0;454.0;778.0;461.0;790.0;468.0;801.0;475.0;813.0;482.0;826.0;489.0;838.0;497.0;851.0;504.0;863.0;512.0;876.0;520;890
PHL;Philadelphia;39.8719;-75.2411;5;99.0;125.0;104.0;131.0;109.0;137.0;114.0;144.0;120.0;152.0;126.0;159.0;132.0;167.0;139.0;176.0;146.0;184.0;153.0;194.0;161.0;203.0;169.0;214.0;178.0;224.0;187.0;235.0;196.0;247.0;206.0;260.0;216.0;273.0;227.0;286.0;238.0;301.0;250.0;316.0;263.0;331.0;271.0;341.0;279.0;352.0;287.0;362.0;296.0;373.0;305.0;384.0;314.0;396.0;323.0;408.0;333.0;420.0;343.0;433.0;353.0;446.0;364.0;459.0;375.0;473.0;386.0;487.0;398.0;502.0;410.0;517.0;422.0;532.0;435.0;548.0;448.0;565.0;461.0;582.0;475.0;599.0;482.0;608.0;489.0;617.0;497.0;626.0;504.0;636.0;512.0;645.0;519.0;655.0;527.0;665.0;535.0;675.0;543.0;685.0;551.0;695.0;560.0;706.0;568.0;716.0;577.0;727.0;585.0;738.0;594.0;749.0;603.0;760.0;612.0;772.0;621.0;783.0;631.0;795.0;640.0;807.0;650.0;819.0;659.0;831.0;669.0;844.0;679.0;857.0;690;870
SCL;Santiago;-33.393;-70.7858;4;53.0;64.0;56.0;67.0;60.0;71.0;63.0;76.0;67.0;80.0;71.0;85.0;76.0;90.0;80.0;96.0;85.0;102.0;90.0;108.0;96.0;114.0;101.0;121.0;108.0;128.0;114.0;136.0;121.0;144.0;128.0;153.0;136.0;162.0;144.0;172.0;153.0;182.0;162.0;193.0;172.0;205.0;172.0;205.0;172.0;205.0;172.0;205.0;172.0;205.0;172.0;205.0;172.0;205.0;172.0;205.0;172.0;205.0;172.0;205.0;172.0;205.0;179.0;213.0;186.0;222.0;193.0;230.0;201.0;240.0;209.0;249.0;218.0;259.0;226.0;270.0;235.0;280.0;245.0;292.0;255.0;303.0;265.0;315.0;275.0;328.0;286.0;341.0;298.0;355.0;310.0;369.0;322.0;384.0;335.0;399.0;349.0;415.0;363.0;432.0;377.0;449.0;392.0;467.0;408.0;486.0;424.0;505.0;441.0;526.0;459.0;547.0;477.0;569.0;496.0;591.0;516.0;615.0;537.0;640.0;558.0;665.0;581.0;692.0;604.0;720.0;628.0;748.0;653.0;778.0;680;810
LIM;Lima;-12.0219;-77.1143;4;64.0;58.0;68.0;61.0;72.0;65.0;77.0;69.0;81.0;73.0;86.0;78.0;91.0;82.0;97.0;87.0;103.0;93.0;109.0;98.0;116.0;104.0;122.0;110.0;130.0;117.0;138.0;124.0;146.0;132.0;155.0;140.0;164.0;148.0;174.0;157.0;184.0;166.0;196.0;176.0;207.0;187.0;207.0;187.0;207.0;187.0;207.0;187.0;207.0;187.0;207.0;187.0;207.0;187.0;207.0;187.0;207.0;187.0;207.0;187.0;207.0;187.0;216.0;195.0;224.0;202.0;233.0;210.0;243.0;219.0;252.0;228.0;262.0;237.0;273.0;246.0;284.0;256.0;295.0;266.0;307.0;277.0;319.0;288.0;332.0;300.0;346.0;312.0;359.0;324.0;374.0;337.0;389.0;351.0;404.0;365.0;420.0;379.0;437.0;395.0;455.0;410.0;473.0;427.0;492.0;444.0;512.0;462.0;532.0;480.0;553.0;499.0;576.0;519.0;599.0;540.0;623.0;562.0;648.0;584.0;673.0;608.0;700.0;632.0;728.0;657.0;758.0;684.0;788.0;711.0;820;740
EZE;Buenos Aires;-34.8222;-58.5358;4;67.0;61.0;72.0;65.0;76.0;69.0;80.0;73.0;85.0;77.0;90.0;82.0;96.0;87.0;102.0;92.0;108.0;98.0;114.0;104.0;121.0;110.0;128.0;116.0;136.0;124.0;144.0;131.0;153.0;139.0;162.0;147.0;172.0;156.0;182.0;165.0;193.0;175.0;205.0;186.0;217.0;197.0;217.0;197.0;217.0;197.0;217.0;197.0;217.0;197.0;217.0;197.0;217.0;197.0;217.0;197.0;217.0;197.0;217.0;197.0;217.0;197.0;226.0;205.0;235.0;213.0;245.0;222.0;254.0;231.0;265.0;240.0;275.0;250.0;286.0;260.0;298.0;270.0;310.0;281.0;322.0;292.0;335.0;304.0;348.0;316.0;362.0;329.0;377.0;342.0;392.0;355.0;408.0;370.0;424.0;385.0;441.0;400.0;459.0;416.0;477.0;433.0;496.0;450.0;516.0;468.0;537.0;487.0;558.0;506.0;580.0;526.0;604.0;548.0;628.0;569.0;653.0;592.0;679.0;616.0;706.0;641.0;735.0;666.0;764.0;693.0;795.0;721.0;826.0;750.0;860;780
TLV;Tel Aviv;32.0114;34.8867;4;95.0;100.0;99.0;104.0;103.0;108.0;107.0;112.0;111.0;117.0;115.0;121.0;120.0;126.0;125.0;131.0;130.0;136.0;135.0;142.0;141.0;148.0;146.0;154.0;152.0;160.0;158.0;166.0;165.0;173.0;171.0;180.0;178.0;187.0;185.0;194.0;193.0;202.0;200.0;210.0;208.0;219.0;217.0;227.0;225.0;237.0;234.0;246.0;244.0;256.0;254.0;266.0;264.0;277.0;274.0;288.0;285.0;300.0;297.0;312.0;309.0;324.0;321.0;337.0;334.0;350.0;347.0;365.0;361.0;379.0;376.0;394.0;391.0;410.0;406.0;427.0;423.0;444.0;440.0;461.0;457.0;480.0;476.0;499.0;495.0;519.0;514.0;540.0;535.0;561.0;556.0;584.0;579.0;607.0;602.0;632.0;626.0;657.0;651.0;683.0;677.0;711.0;704.0;739.0;711.0;746.0;718.0;754.0;726.0;761.0;733.0;769.0;740.0;777.0;748.0;784.0;755.0;792.0;763.0;800.0;770.0;808.0;778.0;816.0;786.0;825.0;794.0;833.0;801.0;841.0;810;850
RUH;Riad;24.9576;46.6988;5;5.0;9.0;5.0;9.0;5.0;9.0;6.0;9.0;6.0;10.0;6.0;10.0;6.0;10.0;6.0;10.0;6.0;10.0;6.0;11.0;7.0;11.0;7.0;11.0;7.0;11.0;7.0;12.0;7.0;12.0;7.0;12.0;7.0;12.0;8.0;13.0;8.0;13.0;8.0;13.0;8.0;13.0;8.0;14.0;8.0;14.0;9.0;14.0;9.0;14.0;9.0;15.0;9.0;15.0;9.0;15.0;10.0;16.0;10.0;16.0;10.0;16.0;11.0;18.0;13.0;21.0;14.0;23.0;16.0;26.0;18.0;29.0;20.0;33.0;23.0;37.0;25.0;41.0;28.0;46.0;32.0;52.0;36.0;58.0;40.0;65.0;45.0;73.0;50.0;82.0;57.0;92.0;63.0;103.0;71.0;115.0;80.0;129.0;89.0;145.0;100.0;162.0;112.0;182.0;126.0;203.0;141.0;228.0;158.0;255.0;177.0;286.0;198.0;320.0;222.0;359.0;248.0;402.0;278.0;450.0;312.0;505.0;349.0;565.0;391.0;633.0;438.0;709.0;491.0;794.0;550;890
JED;Dschidda;21.6796;39.1565;5;9.0;7.0;9.0;7.0;9.0;7.0;9.0;7.0;10.0;8.0;10.0;8.0;10.0;8.0;10.0;8.0;10.0;8.0;11.0;8.0;11.0;9.0;11.0;9.0;11.0;9.0;12.0;9.0;12.0;9.0;12.0;10.0;12.0;10.0;13.0;10.0;13.0;10.0;13.0;10.0;13.0;11.0;14.0;11.0;14.0;11.0;14.0;11.0;14.0;12.0;15.0;12.0;15.0;12.0;15.0;12.0;16.0;13.0;16.0;13.0;16.0;13.0;18.0;15.0;21.0;17.0;23.0;19.0;26.0;21.0;29.0;24.0;33.0;26.0;37.0;30.0;41.0;33.0;46.0;37.0;52.0;42.0;58.0;47.0;65.0;53.0;73.0;59.0;82.0;66.0;92.0;74.0;103.0;83.0;115.0;93.0;129.0;104.0;145.0;117.0;162.0;131.0;182.0;147.0;203.0;165.0;228.0;184.0;255.0;206.0;286.0;231.0;320.0;259.0;359.0;290.0;402.0;325.0;450.0;364.0;505.0;408.0;565.0;457.0;633.0;512.0;709.0;573.0;794.0;642.0;890;720
BRU;Brüssel;50.9014;4.4844;5;71.0;96.0;75.0;101.0;80.0;108.0;84.0;114.0;89.0;121.0;95.0;128.0;101.0;136.0;107.0;144.0;113.0;153.0;120.0;162.0;127.0;172.0;135.0;182.0;143.0;193.0;152.0;205.0;161.0;217.0;170.0;230.0;181.0;244.0;191.0;258.0;203.0;274.0;215.0;290.0;228.0;308.0;236.0;319.0;244.0;330.0;253.0;341.0;262.0;353.0;271.0;366.0;281.0;378.0;290.0;392.0;301.0;405.0;311.0;420.0;322.0;434.0;333.0;450.0;345.0;465.0;357.0;482.0;370.0;498.0;382.0;516.0;396.0;534.0;410.0;553.0;424.0;572.0;439.0;592.0;454.0;613.0;461.0;622.0;468.0;631.0;475.0;641.0;482.0;651.0;490.0;660.0;497.0;670.0;504.0;680.0;512.0;690.0;520.0;701.0;527.0;711.0;535.0;722.0;543.0;733.0;552.0;744.0;560.0;755.0;568.0;766.0;577.0;778.0;585.0;790.0;594.0;801.0;603.0;813.0;612.0;826.0;621.0;838.0;631.0;851.0;640.0;863.0;650.0;876.0;660;890
GVA;Genf;46.2381;6.1089;3;77.0;92.0;82.0;98.0;87.0;104.0;92.0;110.0;98.0;117.0;104.0;124.0;110.0;131.0;116.0;139.0;123.0;148.0;131.0;156.0;139.0;166.0;147.0;176.0;156.0;186.0;165.0;198.0;175.0;209.0;186.0;222.0;197.0;235.0;209.0;250.0;221.0;265.0;235.0;281.0;249.0;297.0;258.0;308.0;267.0;319.0;276.0;330.0;286.0;341.0;296.0;353.0;306.0;366.0;317.0;378.0;328.0;392.0;339.0;405.0;351.0;420.0;364.0;434.0;376.0;450.0;390.0;465.0;403.0;482.0;417.0;499.0;432.0;516.0;447.0;534.0;463.0;553.0;479.0;572.0;496.0;592.0;503.0;601.0;511.0;610.0;518.0;619.0;526.0;629.0;534.0;638.0;542.0;648.0;550.0;657.0;558.0;667.0;567.0;677.0;575.0;687.0;584.0;698.0;593.0;708.0;602.0;719.0;611.0;730.0;620.0;741.0;629.0;752.0;639.0;763.0;648.0;774.0;658.0;786.0;668.0;798.0;678.0;810.0;688.0;822.0;698.0;834.0;709.0;847.0;720;860
NCE;Nizza;43.6584;7.2159;3;60.0;36.0;64.0;38.0;69.0;41.0;74.0;44.0;79.0;47.0;84.0;50.0;90.0;54.0;97.0;58.0;103.0;62.0;111.0;66.0;118.0;71.0;127.0;76.0;136.0;81.0;145.0;87.0;155.0;93.0;166.0;99.0;178.0;106.0;190.0;114.0;204.0;122.0;218.0;130.0;233.0;139.0;250.0;149.0;267.0;160.0;286.0;171.0;306.0;183.0;327.0;196.0;350.0;209.0;375.0;224.0;401.0;240.0;429.0;257.0;460.0;275.0;469.0;280.0;478.0;286.0;488.0;291.0;497.0;297.0;507.0;303.0;518.0;309.0;528.0;315.0;538.0;322.0;549.0;328.0;560.0;335.0;571.0;341.0;583.0;348.0;595.0;355.0;606.0;362.0;619.0;370.0;631.0;377.0;644.0;385.0;657.0;392.0;670.0;400.0;683.0;408.0;697.0;416.0;711.0;425.0;725.0;433.0;739.0;442.0;754.0;451.0;769.0;460.0;785.0;469.0;800.0;478.0;816.0;488.0;833.0;498.0;849.0;508.0;866.0;518.0;884.0;528.0;901.0;539.0;920;550
LYS;Lyon;45.7256;5.0811;3;65.0;81.0;69.0;85.0;74.0;91.0;78.0;96.0;83.0;102.0;88.0;108.0;93.0;114.0;99.0;121.0;105.0;129.0;111.0;136.0;117.0;145.0;125.0;153.0;132.0;162.0;140.0;172.0;148.0;183.0;157.0;194.0;167.0;205.0;177.0;218.0;188.0;231.0;199.0;245.0;211.0;259.0;218.0;268.0;226.0;278.0;234.0;288.0;242.0;298.0;250.0;308.0;259.0;319.0;268.0;330.0;278.0;342.0;287.0;354.0;298.0;366.0;308.0;379.0;319.0;392.0;330.0;406.0;342.0;420.0;353.0;435.0;366.0;450.0;379.0;466.0;392.0;482.0;406.0;499.0;420.0;516.0;426.0;524.0;433.0;532.0;439.0;540.0;446.0;548.0;452.0;556.0;459.0;565.0;466.0;573.0;473.0;582.0;480.0;591.0;487.0;599.0;495.0;608.0;502.0;618.0;510.0;627.0;517.0;636.0;525.0;646.0;533.0;655.0;541.0;665.0;549.0;675.0;557.0;685.0;566.0;696.0;574.0;706.0;583.0;717.0;592.0;727.0;600.0;738.0;610;750
DUS;Düsseldorf;51.2895;6.7668;4;62.0;93.0;66.0;99.0;70.0;105.0;74.0;111.0;79.0;118.0;83.0;125.0;88.0;133.0;94.0;141.0;99.0;149.0;105.0;158.0;112.0;168.0;118.0;178.0;126.0;189.0;133.0;200.0;141.0;212.0;150.0;225.0;159.0;238.0;168.0;253.0;178.0;268.0;189.0;284.0;200.0;301.0;207.0;311.0;215.0;322.0;222.0;334.0;230.0;345.0;238.0;357.0;246.0;370.0;255.0;383.0;264.0;396.0;273.0;410.0;283.0;425.0;293.0;439.0;303.0;455.0;314.0;471.0;325.0;487.0;336.0;504.0;348.0;522.0;360.0;540.0;373.0;559.0;386.0;579.0;399.0;599.0;405.0;608.0;411.0;617.0;417.0;626.0;424.0;636.0;430.0;645.0;437.0;655.0;443.0;665.0;450.0;675.0;457.0;685.0;463.0;695.0;470.0;706.0;477.0;716.0;485.0;727.0;492.0;738.0;499.0;749.0;507.0;760.0;514.0;772.0;522.0;783.0;530.0;795.0;538.0;807.0;546.0;819.0;554.0;831.0;562.0;844.0;571.0;857.0;580;870
HAM;Hamburg;53.6304;9.9882;3;68.0;87.0;72.0;92.0;76.0;98.0;81.0;104.0;85.0;110.0;91.0;117.0;96.0;124.0;102.0;131.0;108.0;139.0;114.0;147.0;121.0;156.0;129.0;166.0;136.0;176.0;145.0;186.0;153.0;197.0;163.0;209.0;172.0;222.0;183.0;235.0;194.0;249.0;205.0;264.0;218.0;280.0;225.0;290.0;233.0;300.0;241.0;311.0;250.0;321.0;259.0;333.0;268.0;344.0;277.0;356.0;287.0;369.0;297.0;382.0;307.0;395.0;318.0;409.0;329.0;423.0;341.0;438.0;353.0;454.0;365.0;470.0;378.0;486.0;391.0;503.0;405.0;521.0;419.0;539.0;434.0;558.0;440.0;566.0;447.0;575.0;454.0;583.0;460.0;592.0;467.0;601.0;474.0;610.0;481.0;619.0;489.0;628.0;496.0;638.0;503.0;647.0;511.0;657.0;519.0;667.0;526.0;677.0;534.0;687.0;542.0;697.0;550.0;708.0;559.0;719.0;567.0;729.0;576.0;740.0;584.0;751.0;593.0;763.0;602.0;774.0;611.0;786.0;620.0;798.0;630;810
BER;Berlin;52.3667;13.5033;4;91.0;84.0;97.0;89.0;103.0;94.0;109.0;100.0;115.0;106.0;122.0;112.0;130.0;119.0;138.0;126.0;146.0;134.0;155.0;142.0;164.0;150.0;174.0;159.0;184.0;169.0;195.0;179.0;207.0;190.0;220.0;201.0;233.0;213.0;247.0;226.0;262.0;240.0;277.0;254.0;294.0;270.0;304.0;279.0;315.0;289.0;326.0;299.0;337.0;310.0;349.0;320.0;361.0;332.0;374.0;343.0;387.0;355.0;401.0;368.0;415.0;381.0;429.0;394.0;444.0;408.0;460.0;422.0;476.0;437.0;493.0;452.0;510.0;468.0;528.0;484.0;546.0;501.0;566.0;519.0;585.0;537.0;594.0;545.0;603.0;553.0;612.0;562.0;621.0;570.0;631.0;579.0;640.0;587.0;650.0;596.0;659.0;605.0;669.0;614.0;679.0;623.0;690.0;633.0;700.0;642.0;710.0;652.0;721.0;662.0;732.0;672.0;743.0;682.0;754.0;692.0;765.0;702.0;777.0;713.0;789.0;724.0;800.0;734.0;812.0;745.0;825.0;757.0;837.0;768.0;850;780
BUD;Budapest;47.4333;19.2333;3;146.0;118.0;152.0;123.0;158.0;128.0;164.0;133.0;171.0;138.0;178.0;144.0;185.0;150.0;192.0;156.0;200.0;162.0;208.0;168.0;216.0;175.0;225.0;182.0;234.0;189.0;243.0;197.0;253.0;205.0;263.0;213.0;274.0;222.0;285.0;231.0;296.0;240.0;308.0;249.0;321.0;259.0;333.0;270.0;347.0;281.0;361.0;292.0;375.0;304.0;390.0;316.0;406.0;328.0;422.0;341.0;439.0;355.0;456.0;369.0;475.0;384.0;437.0;353.0;402.0;325.0;370.0;299.0;340.0;275.0;313.0;253.0;288.0;233.0;302.0;244.0;317.0;257.0;333.0;270.0;350.0;283.0;367.0;297.0;386.0;312.0;405.0;328.0;425.0;344.0;447.0;361.0;469.0;379.0;492.0;398.0;517.0;418.0;543.0;439.0;570.0;461.0;599.0;484.0;628.0;509.0;660.0;534.0;693.0;561.0;728.0;589.0;764.0;618.0;802.0;649.0;842.0;682.0;885.0;716.0;929.0;752.0;910.0;737.0;892.0;722.0;874.0;708.0;857.0;693.0;840;680
OTP;Bukarest;44.5722;26.0841;3;120.0;113.0;125.0;117.0;130.0;122.0;135.0;127.0;140.0;132.0;146.0;137.0;152.0;143.0;158.0;149.0;164.0;155.0;171.0;161.0;178.0;167.0;185.0;174.0;192.0;181.0;200.0;188.0;208.0;196.0;216.0;204.0;225.0;212.0;234.0;220.0;243.0;229.0;253.0;238.0;263.0;248.0;274.0;258.0;285.0;268.0;296.0;279.0;308.0;290.0;320.0;302.0;333.0;314.0;347.0;326.0;360.0;339.0;375.0;353.0;390.0;367.0;359.0;338.0;330.0;311.0;303.0;286.0;279.0;263.0;257.0;242.0;236.0;222.0;248.0;234.0;260.0;245.0;273.0;258.0;287.0;271.0;302.0;284.0;317.0;298.0;333.0;313.0;349.0;329.0;367.0;345.0;385.0;363.0;404.0;381.0;425.0;400.0;446.0;420.0;468.0;441.0;492.0;463.0;516.0;486.0;542.0;511.0;569.0;536.0;598.0;563.0;628.0;591.0;659.0;621.0;692.0;652.0;726.0;684.0;763.0;719.0;748.0;704.0;733.0;690.0;718.0;676.0;704.0;663.0;690;650
MXP;Mailand;45.6301;8.7231;4;51.0;56.0;54.0;60.0;58.0;64.0;62.0;69.0;67.0;74.0;71.0;79.0;76.0;84.0;82.0;90.0;88.0;97.0;94.0;103.0;100.0;111.0;107.0;118.0;115.0;127.0;123.0;136.0;132.0;145.0;141.0;155.0;151.0;166.0;161.0;178.0;173.0;190.0;185.0;204.0;198.0;218.0;212.0;233.0;226.0;250.0;242.0;267.0;259.0;286.0;278.0;306.0;297.0;328.0;318.0;351.0;340.0;375.0;364.0;401.0;390.0;430.0;397.0;438.0;405.0;447.0;413.0;456.0;422.0;465.0;430.0;474.0;439.0;484.0;448.0;493.0;456.0;503.0;466.0;513.0;475.0;524.0;484.0;534.0;494.0;545.0;504.0;556.0;514.0;567.0;524.0;578.0;535.0;590.0;546.0;602.0;557.0;614.0;568.0;626.0;579.0;638.0;591.0;651.0;602.0;664.0;615.0;678.0;627.0;691.0;639.0;705.0;652.0;719.0;665.0;734.0;679.0;748.0;692.0;763.0;706.0;778.0;720.0;794.0;735.0;810.0;749.0;826.0;764.0;843.0;780;860
NAP;Neapel;40.886;14.2908;2;57.0;34.0;61.0;36.0;66.0;39.0;70.0;41.0;75.0;44.0;81.0;47.0;86.0;51.0;92.0;54.0;99.0;58.0;106.0;62.0;113.0;67.0;121.0;71.0;130.0;76.0;139.0;82.0;149.0;88.0;159.0;94.0;170.0;100.0;182.0;107.0;195.0;115.0;209.0;123.0;223.0;132.0;239.0;141.0;256.0;151.0;274.0;161.0;293.0;173.0;313.0;185.0;335.0;198.0;359.0;212.0;384.0;227.0;411.0;243.0;440.0;260.0;448.0;265.0;457.0;270.0;466.0;275.0;476.0;281.0;485.0;287.0;495.0;292.0;505.0;298.0;515.0;304.0;525.0;310.0;536.0;316.0;547.0;323.0;558.0;329.0;569.0;336.0;580.0;343.0;592.0;349.0;604.0;356.0;616.0;364.0;628.0;371.0;641.0;378.0;653.0;386.0;666.0;394.0;680.0;401.0;693.0;410.0;707.0;418.0;721.0;426.0;736.0;435.0;751.0;443.0;766.0;452.0;781.0;461.0;797.0;470.0;812.0;480.0;829.0;490.0;845.0;499.0;862.0;509.0;880;520
VCE;Venedig;45.5053;12.3519;3;62.0;31.0;66.0;33.0;71.0;36.0;76.0;38.0;81.0;41.0;87.0;44.0;93.0;47.0;100.0;50.0;107.0;54.0;114.0;57.0;122.0;62.0;131.0;66.0;140.0;71.0;150.0;75.0;160.0;81.0;172.0;86.0;184.0;93.0;197.0;99.0;210.0;106.0;225.0;114.0;241.0;122.0;258.0;130.0;276.0;139.0;295.0;149.0;316.0;159.0;338.0;171.0;362.0;183.0;387.0;195.0;414.0;209.0;443.0;224.0;475.0;240.0;484.0;244.0;494.0;249.0;504.0;254.0;514.0;259.0;524.0;264.0;534.0;270.0;545.0;275.0;556.0;281.0;567.0;286.0;579.0;292.0;590.0;298.0;602.0;304.0;614.0;310.0;626.0;316.0;639.0;323.0;652.0;329.0;665.0;336.0;678.0;342.0;692.0;349.0;705.0;356.0;719.0;363.0;734.0;371.0;749.0;378.0;764.0;386.0;779.0;393.0;794.0;401.0;810.0;409.0;827.0;417.0;843.0;426.0;860.0;434.0;877.0;443.0;895.0;452.0;913.0;461.0;931.0;470.0;950;480
CPT;Kapstadt;-33.9715;18.6021;3;121.0;86.0;124.0;88.0;126.0;90.0;129.0;92.0;131.0;94.0;134.0;95.0;137.0;97.0;139.0;99.0;142.0;101.0;145.0;103.0;148.0;105.0;151.0;108.0;154.0;110.0;157.0;112.0;160.0;114.0;163.0;116.0;167.0;119.0;170.0;121.0;173.0;124.0;177.0;126.0;180.0;129.0;184.0;131.0;188.0;134.0;191.0;137.0;195.0;139.0;199.0;142.0;203.0;145.0;207.0;148.0;211.0;151.0;216.0;154.0;220.0;157.0;224.0;160.0;229.0;163.0;233.0;167.0;238.0;170.0;243.0;173.0;248.0;177.0;253.0;180.0;258.0;184.0;263.0;188.0;268.0;191.0;282.0;201.0;296.0;211.0;311.0;222.0;326.0;233.0;342.0;244.0;360.0;257.0;378.0;270.0;397.0;283.0;416.0;297.0;437.0;312.0;459.0;328.0;482.0;344.0;506.0;361.0;532.0;380.0;558.0;399.0;586.0;418.0;615.0;439.0;646.0;461.0;679.0;485.0;713.0;509.0;748.0;534.0;786.0;561.0;825.0;589.0;866.0;619.0;910;650
CMN;Casablanca;33.3675;-7.5899;3;54.0;52.0;57.0;54.0;60.0;57.0;63.0;60.0;66.0;63.0;70.0;66.0;73.0;69.0;77.0;73.0;81.0;76.0;85.0;80.0;89.0;84.0;93.0;88.0;98.0;93.0;103.0;98.0;108.0;102.0;114.0;108.0;119.0;113.0;125.0;119.0;132.0;125.0;138.0;131.0;145.0;138.0;152.0;144.0;160.0;152.0;168.0;159.0;177.0;167.0;185.0;176.0;195.0;184.0;205.0;194.0;215.0;203.0;226.0;214.0;237.0;224.0;249.0;236.0;261.0;247.0;274.0;260.0;288.0;273.0;302.0;286.0;318.0;301.0;333.0;316.0;350.0;332.0;368.0;348.0;386.0;366.0;405.0;384.0;426.0;403.0;447.0;423.0;469.0;445.0;493.0;467.0;518.0;490.0;543.0;515.0;571.0;541.0;599.0;568.0;629.0;596.0;661.0;626.0;667.0;632.0;674.0;638.0;681.0;645.0;688.0;651.0;694.0;658.0;701.0;664.0;708.0;671.0;715.0;678.0;723.0;685.0;730.0;691.0;737.0;698.0;745.0;705.0;752.0;712.0;760;720
NBO;Nairobi;-1.3192;36.9275;3;98.0;90.0;100.0;92.0;102.0;94.0;105.0;96.0;107.0;98.0;109.0;100.0;111.0;102.0;113.0;104.0;115.0;106.0;118.0;108.0;120.0;110.0;123.0;113.0;125.0;115.0;128.0;117.0;130.0;119.0;133.0;122.0;135.0;124.0;138.0;127.0;141.0;129.0;144.0;132.0;147.0;135.0;150.0;137.0;153.0;140.0;156.0;143.0;159.0;146.0;162.0;149.0;165.0;152.0;168.0;155.0;172.0;158.0;175.0;161.0;179.0;164.0;182.0;168.0;186.0;171.0;190.0;174.0;194.0;178.0;197.0;181.0;201.0;185.0;205.0;189.0;210.0;193.0;214.0;196.0;218.0;200.0;229.0;210.0;240.0;221.0;252.0;232.0;265.0;244.0;278.0;256.0;292.0;269.0;307.0;282.0;322.0;296.0;339.0;311.0;355.0;327.0;373.0;343.0;392.0;360.0;412.0;378.0;432.0;397.0;454.0;417.0;477.0;438.0;500.0;460.0;525.0;483.0;552.0;507.0;579.0;532.0;608.0;559.0;639.0;587.0;671.0;616.0;704.0;647.0;740;680
ADD;Addis Abeba;8.9779;38.7993;4;60.0;94.0;61.0;96.0;62.0;98.0;63.0;100.0;65.0;102.0;66.0;104.0;67.0;106.0;69.0;109.0;70.0;111.0;71.0;113.0;73.0;115.0;74.0;118.0;76.0;120.0;77.0;122.0;79.0;125.0;80.0;127.0;82.0;130.0;84.0;132.0;85.0;135.0;87.0;138.0;89.0;141.0;91.0;143.0;93.0;146.0;94.0;149.0;96.0;152.0;98.0;155.0;100.0;158.0;102.0;162.0;104.0;165.0;106.0;168.0;109.0;171.0;111.0;175.0;113.0;178.0;115.0;182.0;117.0;186.0;120.0;189.0;122.0;193.0;125.0;197.0;127.0;201.0;130.0;205.0;132.0;209.0;139.0;220.0;146.0;231.0;153.0;242.0;161.0;254.0;169.0;267.0;178.0;280.0;186.0;295.0;196.0;309.0;206.0;325.0;216.0;341.0;227.0;358.0;238.0;376.0;250.0;395.0;263.0;415.0;276.0;435.0;290.0;457.0;304.0;480.0;319.0;504.0;335.0;529.0;352.0;556.0;370.0;584.0;388.0;613.0;408.0;643.0;428.0;676.0;450;710
TPE;Taipeh;25.0777;121.2328;5;36.0;40.0;39.0;44.0;43.0;47.0;46.0;52.0;51.0;57.0;55.0;62.0;60.0;67.0;66.0;73.0;72.0;80.0;78.0;87.0;85.0;95.0;93.0;104.0;101.0;113.0;111.0;123.0;121.0;134.0;132.0;147.0;143.0;160.0;156.0;174.0;171.0;190.0;186.0;207.0;203.0;226.0;221.0;246.0;241.0;268.0;263.0;293.0;286.0;319.0;312.0;348.0;340.0;379.0;371.0;413.0;404.0;451.0;441.0;491.0;481.0;535.0;485.0;541.0;490.0;546.0;495.0;552.0;500.0;557.0;505.0;563.0;510.0;568.0;515.0;574.0;520.0;580.0;526.0;586.0;531.0;591.0;536.0;597.0;542.0;603.0;547.0;609.0;552.0;615.0;558.0;622.0;564.0;628.0;569.0;634.0;575.0;640.0;581.0;647.0;586.0;653.0;598.0;666.0;610.0;680.0;622.0;693.0;635.0;707.0;648.0;721.0;661.0;736.0;674.0;751.0;687.0;766.0;701.0;781.0;715.0;797.0;729.0;812.0;744.0;829.0;759.0;845.0;774.0;862.0;790;880
FUK;Fukuoka;33.5859;130.4506;3;31.0;34.0;34.0;38.0;37.0;41.0;40.0;45.0;44.0;49.0;48.0;53.0;52.0;58.0;57.0;63.0;62.0;69.0;67.0;75.0;73.0;82.0;80.0;90.0;87.0;98.0;95.0;106.0;104.0;116.0;113.0;127.0;123.0;138.0;135.0;150.0;147.0;164.0;160.0;179.0;174.0;195.0;190.0;213.0;207.0;232.0;226.0;253.0;246.0;275.0;269.0;300.0;293.0;327.0;319.0;357.0;348.0;389.0;379.0;424.0;414.0;462.0;418.0;467.0;422.0;472.0;426.0;476.0;430.0;481.0;435.0;486.0;439.0;491.0;443.0;496.0;448.0;501.0;452.0;506.0;457.0;511.0;461.0;516.0;466.0;521.0;471.0;526.0;475.0;531.0;480.0;537.0;485.0;542.0;490.0;548.0;495.0;553.0;500.0;559.0;505.0;564.0;515.0;575.0;525.0;587.0;536.0;599.0;546.0;611.0;557.0;623.0;568.0;635.0;580.0;648.0;591.0;661.0;603.0;674.0;615.0;688.0;628.0;702.0;640.0;716.0;653.0;730.0;666.0;745.0;680;760
CTS;Sapporo;42.7752;141.6923;3;37.0;26.0;40.0;29.0;44.0;31.0;48.0;34.0;52.0;37.0;57.0;40.0;62.0;44.0;67.0;48.0;74.0;53.0;80.0;57.0;88.0;63.0;95.0;68.0;104.0;74.0;113.0;81.0;124.0;88.0;135.0;96.0;147.0;105.0;160.0;115.0;175.0;125.0;191.0;136.0;208.0;149.0;227.0;162.0;247.0;177.0;269.0;193.0;294.0;210.0;320.0;229.0;349.0;250.0;380.0;272.0;415.0;297.0;452.0;324.0;493.0;353.0;498.0;356.0;503.0;360.0;508.0;363.0;513.0;367.0;518.0;371.0;523.0;374.0;528.0;378.0;534.0;382.0;539.0;386.0;544.0;390.0;550.0;394.0;555.0;397.0;561.0;401.0;566.0;405.0;572.0;410.0;578.0;414.0;584.0;418.0;589.0;422.0;595.0;426.0;601.0;430.0;613.0;439.0;626.0;448.0;638.0;457.0;651.0;466.0;664.0;475.0;677.0;485.0;691.0;495.0;705.0;504.0;719.0;515.0;733.0;525.0;748.0;535.0;763.0;546.0;778.0;557.0;794.0;568.0;810;580
BNE;Brisbane;-27.3842;153.1175;4;100.0;97.0;104.0;101.0;108.0;105.0;112.0;109.0;117.0;113.0;121.0;118.0;126.0;123.0;131.0;128.0;136.0;133.0;142.0;138.0;148.0;144.0;154.0;150.0;160.0;156.0;166.0;162.0;173.0;168.0;180.0;175.0;187.0;182.0;194.0;189.0;202.0;197.0;210.0;205.0;219.0;213.0;227.0;222.0;237.0;230.0;246.0;240.0;256.0;249.0;266.0;259.0;277.0;270.0;288.0;280.0;299.0;292.0;311.0;303.0;324.0;316.0;332.0;323.0;340.0;332.0;349.0;340.0;358.0;348.0;367.0;357.0;376.0;366.0;385.0;375.0;395.0;385.0;405.0;394.0;415.0;404.0;425.0;414.0;436.0;425.0;447.0;435.0;458.0;446.0;469.0;457.0;481.0;469.0;493.0;480.0;506.0;492.0;518.0;505.0;531.0;517.0;544.0;530.0;558.0;544.0;572.0;557.0;586.0;571.0;601.0;585.0;616.0;600.0;631.0;615.0;647.0;630.0;663.0;646.0;680.0;662.0;697.0;679.0;715.0;696.0;732.0;713.0;751.0;731.0;770;750
PER;Perth;-31.9403;115.9669;3;89.0;93.0;93.0;97.0;96.0;101.0;100.0;105.0;104.0;109.0;109.0;113.0;113.0;118.0;117.0;123.0;122.0;128.0;127.0;133.0;132.0;138.0;138.0;144.0;143.0;149.0;149.0;155.0;155.0;161.0;161.0;168.0;167.0;175.0;174.0;182.0;181.0;189.0;188.0;197.0;196.0;204.0;204.0;213.0;212.0;221.0;220.0;230.0;229.0;239.0;238.0;249.0;248.0;259.0;258.0;269.0;268.0;280.0;279.0;291.0;290.0;303.0;298.0;310.0;305.0;318.0;313.0;326.0;320.0;334.0;328.0;343.0;337.0;351.0;345.0;360.0;354.0;369.0;363.0;378.0;372.0;388.0;381.0;398.0;391.0;408.0;400.0;418.0;410.0;428.0;421.0;439.0;431.0;450.0;442.0;461.0;453.0;473.0;464.0;485.0;476.0;497.0;488.0;509.0;500.0;522.0;513.0;535.0;525.0;548.0;539.0;562.0;552.0;576.0;566.0;590.0;580.0;605.0;594.0;620.0;609.0;636.0;625.0;652.0;640.0;668.0;656.0;685.0;673.0;702.0;690;720
CCU;Kalkutta;22.6547;88.4467;3;18.0;26.0;19.0;27.0;19.0;27.0;20.0;28.0;20.0;29.0;21.0;30.0;22.0;31.0;22.0;32.0;23.0;33.0;24.0;34.0;24.0;35.0;25.0;36.0;26.0;37.0;27.0;38.0;27.0;39.0;28.0;40.0;29.0;42.0;30.0;43.0;31.0;44.0;32.0;46.0;33.0;47.0;34.0;48.0;35.0;50.0;36.0;51.0;37.0;53.0;38.0;55.0;39.0;56.0;41.0;58.0;42.0;60.0;43.0;61.0;44.0;63.0;46.0;65.0;47.0;67.0;49.0;69.0;50.0;71.0;52.0;74.0;53.0;76.0;55.0;78.0;56.0;80.0;58.0;83.0;60.0;85.0;65.0;93.0;71.0;101.0;78.0;111.0;85.0;121.0;92.0;132.0;101.0;143.0;110.0;156.0;120.0;170.0;130.0;186.0;142.0;203.0;155.0;221.0;169.0;241.0;184.0;263.0;201.0;286.0;219.0;312.0;239.0;340.0;260.0;371.0;284.0;404.0;310.0;441.0;337.0;480.0;368.0;524.0;401.0;571.0;437.0;622.0;477.0;678.0;520;740
HYD;Hyderabad;17.2403;78.4294;4;17.0;29.0;17.0;30.0;18.0;30.0;18.0;31.0;19.0;32.0;19.0;33.0;20.0;34.0;20.0;35.0;21.0;36.0;22.0;38.0;22.0;39.0;23.0;40.0;24.0;41.0;25.0;42.0;25.0;44.0;26.0;45.0;27.0;46.0;28.0;48.0;29.0;49.0;29.0;51.0;30.0;52.0;31.0;54.0;32.0;55.0;33.0;57.0;34.0;59.0;35.0;61.0;36.0;62.0;37.0;64.0;39.0;66.0;40.0;68.0;41.0;70.0;42.0;72.0;43.0;75.0;45.0;77.0;46.0;79.0;48.0;82.0;49.0;84.0;50.0;87.0;52.0;89.0;54.0;92.0;55.0;95.0;60.0;103.0;66.0;112.0;72.0;123.0;78.0;134.0;85.0;146.0;93.0;159.0;101.0;173.0;110.0;189.0;120.0;206.0;131.0;225.0;143.0;245.0;156.0;267.0;170.0;291.0;186.0;317.0;202.0;346.0;221.0;377.0;240.0;411.0;262.0;448.0;286.0;488.0;311.0;532.0;340.0;580.0;370.0;633.0;404.0;690.0;440.0;752.0;480;820
MAA;Chennai;12.9941;80.1709;4;19.0;28.0;20.0;29.0;20.0;30.0;21.0;31.0;22.0;32.0;22.0;33.0;23.0;34.0;24.0;35.0;24.0;36.0;25.0;37.0;26.0;38.0;27.0;39.0;27.0;41.0;28.0;42.0;29.0;43.0;30.0;44.0;31.0;46.0;32.0;47.0;33.0;49.0;34.0;50.0;35.0;52.0;36.0;53.0;37.0;55.0;38.0;56.0;39.0;58.0;40.0;60.0;42.0;62.0;43.0;63.0;44.0;65.0;46.0;67.0;47.0;69.0;48.0;71.0;50.0;74.0;51.0;76.0;53.0;78.0;55.0;81.0;56.0;83.0;58.0;85.0;60.0;88.0;61.0;91.0;63.0;93.0;69.0;102.0;75.0;111.0;82.0;121.0;90.0;132.0;98.0;144.0;106.0;157.0;116.0;171.0;127.0;187.0;138.0;204.0;150.0;222.0;164.0;242.0;179.0;264.0;195.0;287.0;213.0;313.0;232.0;342.0;253.0;372.0;276.0;406.0;300.0;443.0;327.0;482.0;357.0;526.0;389.0;573.0;424.0;625.0;462.0;681.0;504.0;743.0;550;810
BLR;Bangalore;13.1986;77.7066;5;17.0;32.0;17.0;33.0;18.0;34.0;19.0;35.0;19.0;36.0;20.0;37.0;20.0;39.0;21.0;40.0;22.0;41.0;22.0;42.0;23.0;43.0;24.0;45.0;24.0;46.0;25.0;48.0;26.0;49.0;27.0;50.0;27.0;52.0;28.0;54.0;29.0;55.0;30.0;57.0;31.0;59.0;32.0;60.0;33.0;62.0;34.0;64.0;35.0;66.0;36.0;68.0;37.0;70.0;38.0;72.0;39.0;74.0;41.0;77.0;42.0;79.0;43.0;81.0;44.0;84.0;46.0;86.0;47.0;89.0;49.0;92.0;50.0;94.0;52.0;97.0;53.0;100.0;55.0;103.0;56.0;106.0;61.0;116.0;67.0;126.0;73.0;138.0;80.0;150.0;87.0;164.0;95.0;178.0;103.0;195.0;113.0;212.0;123.0;231.0;134.0;252.0;146.0;275.0;159.0;300.0;174.0;327.0;189.0;356.0;206.0;388.0;225.0;423.0;245.0;461.0;268.0;503.0;292.0;548.0;318.0;597.0;347.0;651.0;378.0;710.0;412.0;774.0;449.0;844.0;490;920
COK;Kochi;10.152;76.3922;2;24.0;18.0;24.0;18.0;25.0;19.0;26.0;19.0;27.0;20.0;28.0;21.0;28.0;21.0;29.0;22.0;30.0;22.0;31.0;23.0;32.0;24.0;33.0;25.0;34.0;25.0;35.0;26.0;36.0;27.0;37.0;28.0;38.0;29.0;39.0;29.0;41.0;30.0;42.0;31.0;43.0;32.0;44.0;33.0;46.0;34.0;47.0;35.0;49.0;36.0;50.0;37.0;52.0;39.0;53.0;40.0;55.0;41.0;56.0;42.0;58.0;44.0;60.0;45.0;62.0;46.0;64.0;48.0;66.0;49.0;68.0;51.0;70.0;52.0;72.0;54.0;74.0;55.0;76.0;57.0;78.0;59.0;85.0;64.0;93.0;70.0;102.0;76.0;111.0;83.0;121.0;90.0;132.0;99.0;144.0;108.0;157.0;117.0;171.0;128.0;186.0;140.0;203.0;152.0;221.0;166.0;241.0;181.0;263.0;197.0;287.0;215.0;313.0;234.0;341.0;255.0;371.0;278.0;405.0;304.0;441.0;331.0;481.0;361.0;525.0;393.0;572.0;429.0;623.0;467.0;680;510
AMD;Ahmedabad;23.0772;72.6347;3;18.0;26.0;18.0;27.0;19.0;28.0;19.0;29.0;20.0;30.0;21.0;30.0;21.0;31.0;22.0;32.0;22.0;33.0;23.0;34.0;24.0;35.0;25.0;36.0;25.0;38.0;26.0;39.0;27.0;40.0;28.0;41.0;29.0;42.0;29.0;44.0;30.0;45.0;31.0;46.0;32.0;48.0;33.0;49.0;34.0;51.0;35.0;52.0;36.0;54.0;37.0;55.0;39.0;57.0;40.0;59.0;41.0;61.0;42.0;62.0;44.0;64.0;45.0;66.0;46.0;68.0;48.0;70.0;49.0;72.0;51.0;75.0;52.0;77.0;54.0;79.0;55.0;81.0;57.0;84.0;59.0;86.0;64.0;94.0;70.0;103.0;76.0;112.0;83.0;122.0;90.0;133.0;99.0;145.0;108.0;158.0;117.0;173.0;128.0;188.0;140.0;205.0;152.0;224.0;166.0;244.0;181.0;266.0;197.0;290.0;215.0;316.0;234.0;345.0;255.0;376.0;278.0;410.0;304.0;447.0;331.0;487.0;361.0;531.0;393.0;579.0;429.0;631.0;467.0;688.0;510;750
HAN;Hanoi;21.2212;105.8072;4;18.0;20.0;19.0;21.0;20.0;21.0;20.0;22.0;21.0;23.0;22.0;24.0;23.0;25.0;24.0;26.0;25.0;27.0;26.0;28.0;27.0;30.0;28.0;31.0;29.0;32.0;30.0;33.0;32.0;35.0;33.0;36.0;34.0;38.0;36.0;39.0;37.0;41.0;39.0;42.0;40.0;44.0;42.0;46.0;43.0;48.0;45.0;50.0;47.0;52.0;49.0;54.0;52.0;57.0;56.0;61.0;60.0;66.0;64.0;70.0;69.0;75.0;74.0;81.0;79.0;86.0;84.0;92.0;90.0;99.0;97.0;106.0;104.0;113.0;111.0;121.0;119.0;130.0;127.0;139.0;136.0;149.0;145.0;159.0;156.0;170.0;167.0;182.0;178.0;195.0;191.0;209.0;204.0;223.0;218.0;239.0;234.0;256.0;250.0;274.0;268.0;293.0;286.0;314.0;307.0;336.0;328.0;359.0;351.0;384.0;376.0;411.0;402.0;440.0;430.0;471.0;460.0;504.0;493.0;539.0;527.0;577.0;564.0;617.0;604.0;661.0;646.0;707.0;691.0;757.0;740;810
HKT;Phuket;8.1132;98.3169;3;24.0;8.0;25.0;9.0;26.0;9.0;27.0;9.0;28.0;10.0;29.0;10.0;30.0;11.0;31.0;11.0;32.0;11.0;34.0;12.0;35.0;12.0;37.0;13.0;38.0;14.0;40.0;14.0;41.0;15.0;43.0;15.0;45.0;16.0;46.0;17.0;48.0;17.0;50.0;18.0;52.0;19.0;54.0;19.0;56.0;20.0;59.0;21.0;61.0;22.0;64.0;23.0;68.0;25.0;73.0;26.0;78.0;28.0;84.0;30.0;89.0;32.0;96.0;35.0;102.0;37.0;110.0;40.0;117.0;42.0;126.0;45.0;134.0;49.0;144.0;52.0;154.0;56.0;165.0;60.0;176.0;64.0;189.0;69.0;202.0;73.0;216.0;78.0;231.0;84.0;248.0;90.0;265.0;96.0;284.0;103.0;303.0;110.0;325.0;118.0;347.0;126.0;372.0;135.0;398.0;145.0;426.0;155.0;456.0;166.0;488.0;177.0;522.0;190.0;558.0;203.0;597.0;217.0;639.0;233.0;684.0;249.0;732.0;267.0;783.0;285.0;838.0;305.0;897.0;327.0;960;350
SUB;Surabaya;-7.3798;112.7871;3;15.0;17.0;15.0;17.0;16.0;18.0;17.0;19.0;17.0;19.0;18.0;20.0;19.0;21.0;20.0;22.0;20.0;23.0;21.0;24.0;22.0;25.0;23.0;26.0;24.0;27.0;25.0;28.0;26.0;29.0;27.0;30.0;28.0;31.0;29.0;33.0;30.0;34.0;32.0;35.0;33.0;37.0;34.0;38.0;36.0;40.0;37.0;41.0;39.0;43.0;40.0;45.0;43.0;48.0;46.0;51.0;49.0;55.0;53.0;59.0;57.0;63.0;61.0;68.0;65.0;72.0;69.0;78.0;74.0;83.0;80.0;89.0;85.0;95.0;91.0;102.0;98.0;109.0;105.0;117.0;112.0;125.0;120.0;134.0;128.0;143.0;137.0;153.0;147.0;164.0;157.0;175.0;168.0;188.0;180.0;201.0;193.0;215.0;206.0;230.0;221.0;246.0;236.0;263.0;253.0;282.0;270.0;301.0;289.0;323.0;310.0;345.0;331.0;369.0;355.0;395.0;379.0;423.0;406.0;453.0;434.0;484.0;465.0;518.0;497.0;555.0;532.0;593.0;570.0;635.0;610;680
DPS;Denpasar;-8.7482;115.167;4;24.0;7.0;25.0;8.0;26.0;8.0;27.0;8.0;28.0;9.0;29.0;9.0;31.0;9.0;32.0;10.0;33.0;10.0;34.0;11.0;36.0;11.0;37.0;11.0;39.0;12.0;40.0;12.0;42.0;13.0;44.0;13.0;45.0;14.0;47.0;15.0;49.0;15.0;51.0;16.0;53.0;17.0;55.0;17.0;58.0;18.0;60.0;19.0;62.0;19.0;65.0;20.0;70.0;22.0;74.0;23.0;80.0;25.0;85.0;27.0;91.0;29.0;98.0;31.0;105.0;33.0;112.0;35.0;120.0;38.0;128.0;40.0;137.0;43.0;147.0;46.0;157.0;49.0;168.0;53.0;180.0;57.0;193.0;61.0;206.0;65.0;221.0;69.0;236.0;74.0;253.0;80.0;270.0;85.0;289.0;91.0;310.0;98.0;331.0;105.0;355.0;112.0;380.0;120.0;406.0;128.0;435.0;137.0;465.0;147.0;498.0;157.0;533.0;168.0;570.0;180.0;610.0;193.0;653.0;206.0;698.0;221.0;747.0;236.0;799.0;253.0;855.0;270.0;915.0;289.0;980;310
ALA;Almaty;43.3521;77.0405;2;107.0;121.0;109.0;123.0;112.0;126.0;114.0;128.0;116.0;131.0;118.0;134.0;121.0;136.0;123.0;139.0;126.0;142.0;128.0;145.0;131.0;148.0;133.0;151.0;136.0;154.0;139.0;157.0;142.0;160.0;145.0;163.0;147.0;166.0;150.0;170.0;153.0;173.0;157.0;176.0;160.0;180.0;163.0;184.0;166.0;187.0;169.0;191.0;173.0;195.0;176.0;199.0;180.0;203.0;183.0;207.0;187.0;211.0;191.0;215.0;195.0;220.0;185.0;209.0;176.0;198.0;167.0;188.0;158.0;179.0;151.0;170.0;143.0;161.0;146.0;164.0;149.0;168.0;152.0;171.0;155.0;175.0;158.0;178.0;161.0;182.0;164.0;185.0;168.0;189.0;171.0;193.0;181.0;204.0;192.0;217.0;204.0;230.0;216.0;244.0;229.0;258.0;243.0;274.0;257.0;290.0;273.0;308.0;289.0;326.0;307.0;346.0;325.0;366.0;345.0;388.0;365.0;412.0;387.0;437.0;410.0;463.0;435.0;491.0;461.0;520.0;489.0;551.0;518.0;584.0;550;620
TSE;Astana;51.0222;71.4669;2;82.0;133.0;83.0;135.0;85.0;138.0;87.0;141.0;89.0;144.0;90.0;147.0;92.0;150.0;94.0;153.0;96.0;156.0;98.0;159.0;100.0;162.0;102.0;165.0;104.0;168.0;106.0;172.0;108.0;175.0;110.0;179.0;112.0;182.0;115.0;186.0;117.0;190.0;119.0;194.0;122.0;197.0;124.0;201.0;127.0;205.0;129.0;210.0;132.0;214.0;135.0;218.0;137.0;222.0;140.0;227.0;143.0;231.0;146.0;236.0;149.0;241.0;141.0;229.0;134.0;217.0;127.0;206.0;121.0;196.0;115.0;186.0;109.0;177.0;111.0;180.0;114.0;184.0;116.0;188.0;118.0;192.0;120.0;195.0;123.0;199.0;125.0;203.0;128.0;207.0;130.0;212.0;138.0;224.0;147.0;238.0;155.0;252.0;165.0;267.0;175.0;283.0;185.0;300.0;196.0;318.0;208.0;337.0;221.0;358.0;234.0;379.0;248.0;402.0;263.0;426.0;279.0;452.0;296.0;479.0;313.0;508.0;332.0;538.0;352.0;570.0;373.0;605.0;396.0;641.0;420;680
TAS;Taschkent;41.2579;69.2812;2;99.0;125.0;101.0;127.0;103.0;130.0;106.0;133.0;108.0;135.0;110.0;138.0;112.0;141.0;114.0;144.0;117.0;146.0;119.0;149.0;121.0;152.0;124.0;155.0;126.0;159.0;129.0;162.0;131.0;165.0;134.0;168.0;137.0;172.0;139.0;175.0;142.0;179.0;145.0;182.0;148.0;186.0;151.0;190.0;154.0;193.0;157.0;197.0;160.0;201.0;163.0;205.0;167.0;209.0;170.0;214.0;173.0;218.0;177.0;222.0;181.0;227.0;171.0;215.0;163.0;205.0;155.0;194.0;147.0;185.0;140.0;175.0;133.0;166.0;135.0;170.0;138.0;173.0;141.0;177.0;144.0;180.0;146.0;184.0;149.0;188.0;152.0;191.0;155.0;195.0;159.0;199.0;168.0;211.0;178.0;224.0;189.0;237.0;200.0;251.0;212.0;267.0;225.0;283.0;239.0;300.0;253.0;318.0;268.0;337.0;284.0;357.0;301.0;378.0;319.0;401.0;339.0;425.0;359.0;451.0;381.0;478.0;403.0;506.0;428.0;537.0;453.0;569.0;481.0;603.0;510;640
GYD;Baku;40.4675;50.0467;2;113.0;139.0;115.0;141.0;118.0;144.0;120.0;147.0;123.0;150.0;125.0;153.0;127.0;156.0;130.0;159.0;133.0;163.0;135.0;166.0;138.0;169.0;141.0;172.0;144.0;176.0;147.0;179.0;149.0;183.0;152.0;187.0;156.0;190.0;159.0;194.0;162.0;198.0;165.0;202.0;168.0;206.0;172.0;210.0;175.0;215.0;179.0;219.0;182.0;223.0;186.0;228.0;190.0;232.0;193.0;237.0;197.0;242.0;201.0;247.0;205.0;251.0;195.0;239.0;185.0;227.0;176.0;216.0;167.0;205.0;159.0;194.0;151.0;185.0;154.0;188.0;157.0;192.0;160.0;196.0;163.0;200.0;167.0;204.0;170.0;208.0;173.0;212.0;177.0;217.0;180.0;221.0;191.0;234.0;203.0;248.0;215.0;263.0;228.0;279.0;242.0;296.0;256.0;314.0;271.0;332.0;288.0;352.0;305.0;374.0;323.0;396.0;343.0;420.0;363.0;445.0;385.0;472.0;408.0;500.0;433.0;530.0;459.0;562.0;486.0;596.0;516.0;631.0;547.0;669.0;580;710
EVN;Eriwan;40.1473;44.3959;1;125.0;107.0;127.0;109.0;130.0;112.0;133.0;114.0;135.0;116.0;138.0;118.0;141.0;121.0;144.0;123.0;146.0;126.0;149.0;128.0;152.0;131.0;155.0;133.0;159.0;136.0;162.0;139.0;165.0;142.0;168.0;145.0;172.0;147.0;175.0;150.0;179.0;153.0;182.0;157.0;186.0;160.0;190.0;163.0;193.0;166.0;197.0;169.0;201.0;173.0;205.0;176.0;209.0;180.0;214.0;183.0;218.0;187.0;222.0;191.0;227.0;195.0;215.0;185.0;205.0;176.0;194.0;167.0;185.0;158.0;175.0;151.0;166.0;143.0;170.0;146.0;173.0;149.0;177.0;152.0;180.0;155.0;184.0;158.0;188.0;161.0;191.0;164.0;195.0;168.0;199.0;171.0;211.0;181.0;224.0;192.0;237.0;204.0;251.0;216.0;267.0;229.0;283.0;243.0;300.0;257.0;318.0;273.0;337.0;289.0;357.0;307.0;378.0;325.0;401.0;345.0;425.0;365.0;451.0;387.0;478.0;410.0;506.0;435.0;537.0;461.0;569.0;489.0;603.0;518.0;640;550
AUH;Abu Dhabi;24.433;54.6511;4;8.0;8.0;8.0;8.0;8.0;9.0;8.0;9.0;8.0;9.0;9.0;9.0;9.0;9.0;9.0;10.0;9.0;10.0;9.0;10.0;9.0;10.0;10.0;10.0;10.0;11.0;10.0;11.0;10.0;11.0;10.0;11.0;11.0;12.0;11.0;12.0;11.0;12.0;11.0;12.0;12.0;13.0;12.0;13.0;12.0;13.0;12.0;13.0;13.0;14.0;13.0;14.0;13.0;14.0;13.0;14.0;14.0;15.0;14.0;15.0;14.0;15.0;16.0;17.0;18.0;19.0;20.0;22.0;23.0;25.0;26.0;28.0;29.0;31.0;32.0;35.0;36.0;39.0;40.0;44.0;45.0;49.0;51.0;55.0;57.0;61.0;64.0;69.0;72.0;77.0;80.0;87.0;90.0;97.0;101.0;109.0;113.0;122.0;127.0;137.0;142.0;153.0;159.0;171.0;178.0;192.0;200.0;215.0;224.0;241.0;251.0;270.0;281.0;302.0;315.0;339.0;352.0;379.0;395.0;425.0;442.0;476.0;495.0;533.0;555.0;597.0;621.0;669.0;696.0;749.0;780;840
BAH;Bahrain;26.2708;50.6336;3;6.0;8.0;6.0;8.0;6.0;8.0;6.0;8.0;7.0;8.0;7.0;9.0;7.0;9.0;7.0;9.0;7.0;9.0;7.0;9.0;7.0;9.0;8.0;10.0;8.0;10.0;8.0;10.0;8.0;10.0;8.0;10.0;8.0;11.0;9.0;11.0;9.0;11.0;9.0;11.0;9.0;12.0;9.0;12.0;10.0;12.0;10.0;12.0;10.0;13.0;10.0;13.0;10.0;13.0;11.0;13.0;11.0;14.0;11.0;14.0;11.0;14.0;13.0;16.0;14.0;18.0;16.0;20.0;18.0;23.0;20.0;26.0;23.0;29.0;25.0;32.0;29.0;36.0;32.0;40.0;36.0;45.0;40.0;51.0;45.0;57.0;51.0;64.0;57.0;72.0;64.0;80.0;71.0;90.0;80.0;101.0;90.0;113.0;101.0;127.0;113.0;142.0;126.0;159.0;142.0;178.0;159.0;200.0;178.0;224.0;199.0;251.0;223.0;281.0;250.0;315.0;280.0;352.0;314.0;395.0;351.0;442.0;394.0;495.0;441.0;555.0;494.0;621.0;553.0;696.0;620;780
MCT;Maskat;23.5933;58.2844;3;7.0;7.0;7.0;7.0;7.0;7.0;7.0;7.0;7.0;8.0;7.0;8.0;8.0;8.0;8.0;8.0;8.0;8.0;8.0;8.0;8.0;9.0;8.0;9.0;9.0;9.0;9.0;9.0;9.0;9.0;9.0;10.0;9.0;10.0;9.0;10.0;10.0;10.0;10.0;10.0;10.0;11.0;10.0;11.0;10.0;11.0;11.0;11.0;11.0;12.0;11.0;12.0;11.0;12.0;12.0;12.0;12.0;13.0;12.0;13.0;12.0;13.0;14.0;15.0;16.0;17.0;18.0;19.0;20.0;21.0;22.0;24.0;25.0;26.0;28.0;30.0;31.0;33.0;35.0;37.0;39.0;42.0;44.0;47.0;50.0;53.0;56.0;59.0;62.0;66.0;70.0;74.0;78.0;83.0;88.0;93.0;99.0;104.0;110.0;117.0;124.0;131.0;139.0;147.0;155.0;165.0;174.0;184.0;195.0;206.0;218.0;231.0;245.0;259.0;274.0;290.0;307.0;325.0;344.0;364.0;385.0;408.0;432.0;457.0;484.0;512.0;542.0;573.0;607.0;642.0;680;720
BEY;Beirut;33.8209;35.4884;2;84.0;76.0;88.0;79.0;91.0;82.0;95.0;86.0;99.0;89.0;103.0;93.0;107.0;96.0;111.0;100.0;115.0;104.0;120.0;108.0;125.0;113.0;130.0;117.0;135.0;122.0;141.0;127.0;146.0;132.0;152.0;137.0;158.0;143.0;165.0;149.0;171.0;154.0;178.0;161.0;185.0;167.0;193.0;174.0;200.0;181.0;208.0;188.0;217.0;196.0;225.0;203.0;234.0;212.0;244.0;220.0;254.0;229.0;264.0;238.0;274.0;248.0;285.0;258.0;297.0;268.0;309.0;279.0;321.0;290.0;334.0;301.0;347.0;313.0;361.0;326.0;376.0;339.0;391.0;353.0;406.0;367.0;423.0;382.0;440.0;397.0;457.0;413.0;475.0;429.0;495.0;446.0;514.0;464.0;535.0;483.0;556.0;502.0;579.0;522.0;602.0;543.0;626.0;565.0;632.0;571.0;638.0;576.0;645.0;582.0;651.0;588.0;658.0;594.0;664.0;600.0;671.0;606.0;678.0;612.0;685.0;618.0;691.0;624.0;698.0;630.0;705.0;637.0;712.0;643.0;720;650
AMM;Amman;31.7226;35.9932;2;83.0;80.0;86.0;83.0;90.0;86.0;94.0;90.0;97.0;93.0;101.0;97.0;105.0;101.0;109.0;105.0;114.0;109.0;118.0;113.0;123.0;118.0;128.0;123.0;133.0;128.0;139.0;133.0;144.0;138.0;150.0;144.0;156.0;149.0;162.0;155.0;169.0;162.0;176.0;168.0;183.0;175.0;190.0;182.0;198.0;189.0;205.0;197.0;214.0;205.0;222.0;213.0;231.0;221.0;240.0;230.0;250.0;240.0;260.0;249.0;271.0;259.0;281.0;269.0;293.0;280.0;304.0;292.0;317.0;303.0;329.0;315.0;342.0;328.0;356.0;341.0;370.0;355.0;385.0;369.0;401.0;384.0;417.0;399.0;433.0;415.0;451.0;432.0;469.0;449.0;488.0;467.0;507.0;486.0;527.0;505.0;549.0;525.0;571.0;546.0;593.0;568.0;617.0;591.0;623.0;597.0;630.0;603.0;636.0;609.0;642.0;615.0;649.0;621.0;655.0;627.0;662.0;634.0;668.0;640.0;675.0;646.0;682.0;653.0;689.0;660.0;696.0;666.0;702.0;673.0;710;680
KWI;Kuwait;25.2399;55.4;3;56.0;92.0;58.0;96.0;61.0;100.0;63.0;104.0;66.0;108.0;68.0;113.0;71.0;117.0;74.0;122.0;77.0;127.0;80.0;132.0;83.0;137.0;86.0;143.0;90.0;148.0;94.0;154.0;97.0;161.0;101.0;167.0;105.0;174.0;110.0;181.0;114.0;188.0;119.0;195.0;123.0;203.0;128.0;211.0;133.0;220.0;139.0;229.0;144.0;238.0;150.0;247.0;156.0;257.0;162.0;268.0;169.0;278.0;176.0;289.0;183.0;301.0;190.0;313.0;198.0;326.0;206.0;339.0;214.0;352.0;222.0;366.0;231.0;381.0;241.0;396.0;250.0;412.0;260.0;429.0;271.0;446.0;282.0;464.0;293.0;482.0;305.0;502.0;317.0;522.0;330.0;543.0;343.0;564.0;356.0;587.0;371.0;610.0;386.0;635.0;401.0;660.0;417.0;687.0;421.0;694.0;425.0;701.0;430.0;708.0;434.0;715.0;438.0;722.0;443.0;729.0;447.0;736.0;452.0;744.0;456.0;751.0;461.0;759.0;465.0;766.0;470.0;774.0;475.0;782.0;480;790
GIG;Rio de Janeiro;-22.809;-43.2506;4;69.0;56.0;73.0;59.0;78.0;63.0;82.0;66.0;87.0;70.0;93.0;75.0;98.0;79.0;104.0;84.0;110.0;89.0;117.0;94.0;124.0;100.0;131.0;106.0;139.0;112.0;148.0;119.0;157.0;126.0;166.0;134.0;176.0;142.0;187.0;151.0;198.0;160.0;210.0;169.0;223.0;179.0;223.0;179.0;223.0;179.0;223.0;179.0;223.0;179.0;223.0;179.0;223.0;179.0;223.0;179.0;223.0;179.0;223.0;179.0;223.0;179.0;231.0;187.0;241.0;194.0;250.0;202.0;260.0;210.0;271.0;218.0;282.0;227.0;293.0;236.0;305.0;246.0;317.0;256.0;330.0;266.0;343.0;276.0;357.0;288.0;371.0;299.0;386.0;311.0;401.0;324.0;417.0;336.0;434.0;350.0;451.0;364.0;469.0;379.0;488.0;394.0;508.0;410.0;528.0;426.0;549.0;443.0;571.0;461.0;594.0;479.0;618.0;498.0;643.0;518.0;668.0;539.0;695.0;561.0;723.0;583.0;752.0;606.0;782.0;631.0;813.0;656.0;846.0;682.0;880;710
BSB;Brasília;-15.8697;-47.9208;3;35.0;67.0;37.0;71.0;39.0;75.0;42.0;79.0;44.0;84.0;47.0;89.0;50.0;95.0;53.0;100.0;56.0;107.0;60.0;113.0;63.0;120.0;67.0;127.0;71.0;135.0;75.0;143.0;80.0;151.0;85.0;160.0;90.0;170.0;95.0;180.0;101.0;191.0;107.0;203.0;114.0;215.0;114.0;215.0;114.0;215.0;114.0;215.0;114.0;215.0;114.0;215.0;114.0;215.0;114.0;215.0;114.0;215.0;114.0;215.0;114.0;215.0;118.0;224.0;123.0;232.0;128.0;242.0;133.0;251.0;138.0;262.0;144.0;272.0;150.0;283.0;156.0;294.0;162.0;306.0;168.0;318.0;175.0;331.0;182.0;344.0;189.0;358.0;197.0;373.0;205.0;387.0;213.0;403.0;222.0;419.0;231.0;436.0;240.0;453.0;249.0;471.0;259.0;490.0;270.0;510.0;281.0;530.0;292.0;552.0;304.0;574.0;316.0;597.0;328.0;621.0;341.0;645.0;355.0;671.0;369.0;698.0;384.0;726.0;400.0;755.0;416.0;785.0;432.0;817.0;450;850
CNF;Belo Horizonte;-19.6244;-43.9719;3;30.0;60.0;31.0;63.0;33.0;67.0;35.0;71.0;37.0;75.0;40.0;80.0;42.0;85.0;45.0;90.0;47.0;95.0;50.0;101.0;53.0;107.0;56.0;113.0;60.0;120.0;64.0;128.0;67.0;135.0;71.0;143.0;76.0;152.0;80.0;161.0;85.0;171.0;90.0;181.0;96.0;192.0;96.0;192.0;96.0;192.0;96.0;192.0;96.0;192.0;96.0;192.0;96.0;192.0;96.0;192.0;96.0;192.0;96.0;192.0;96.0;192.0;100.0;200.0;104.0;208.0;108.0;216.0;112.0;225.0;117.0;234.0;121.0;243.0;126.0;253.0;131.0;263.0;137.0;274.0;142.0;285.0;148.0;296.0;154.0;308.0;160.0;320.0;166.0;333.0;173.0;346.0;180.0;360.0;187.0;375.0;195.0;390.0;202.0;405.0;211.0;422.0;219.0;438.0;228.0;456.0;237.0;474.0;246.0;493.0;256.0;513.0;266.0;533.0;277.0;555.0;288.0;577.0;300.0;600.0;312.0;624.0;324.0;649.0;337.0;675.0;351.0;702.0;365.0;730.0;380;760
CUN;Cancun;21.0365;-86.8771;4;77.0;19.0;80.0;20.0;83.0;21.0;87.0;21.0;90.0;22.0;94.0;23.0;97.0;24.0;101.0;25.0;105.0;26.0;110.0;27.0;114.0;28.0;119.0;30.0;123.0;31.0;128.0;32.0;133.0;33.0;139.0;35.0;144.0;36.0;150.0;38.0;156.0;39.0;162.0;41.0;169.0;42.0;176.0;44.0;183.0;46.0;190.0;48.0;198.0;50.0;206.0;52.0;214.0;54.0;223.0;56.0;231.0;58.0;241.0;60.0;250.0;63.0;260.0;65.0;271.0;68.0;282.0;71.0;293.0;74.0;305.0;77.0;317.0;80.0;330.0;83.0;343.0;86.0;357.0;90.0;371.0;93.0;386.0;97.0;401.0;101.0;417.0;105.0;434.0;109.0;451.0;114.0;469.0;118.0;488.0;123.0;508.0;128.0;528.0;133.0;549.0;138.0;571.0;144.0;594.0;150.0;618.0;156.0;643.0;162.0;668.0;168.0;695.0;175.0;723.0;182.0;752.0;189.0;782.0;197.0;813.0;205.0;846.0;213.0;880.0;222.0;915.0;231.0;951.0;240.0;990;250
PTY;Panama-Stadt;9.0714;-79.3835;4;50.0;68.0;52.0;71.0;54.0;74.0;57.0;77.0;59.0;80.0;61.0;83.0;64.0;86.0;66.0;90.0;69.0;94.0;72.0;97.0;75.0;101.0;78.0;105.0;81.0;110.0;84.0;114.0;87.0;119.0;91.0;123.0;95.0;128.0;98.0;133.0;102.0;139.0;106.0;144.0;111.0;150.0;115.0;156.0;120.0;162.0;125.0;169.0;130.0;176.0;135.0;183.0;140.0;190.0;146.0;198.0;152.0;206.0;158.0;214.0;164.0;223.0;171.0;231.0;178.0;241.0;185.0;250.0;192.0;260.0;200.0;271.0;208.0;282.0;216.0;293.0;225.0;305.0;234.0;317.0;243.0;330.0;253.0;343.0;263.0;357.0;274.0;371.0;285.0;386.0;296.0;401.0;308.0;417.0;320.0;434.0;333.0;451.0;347.0;469.0;360.0;488.0;375.0;508.0;390.0;528.0;405.0;549.0;422.0;571.0;439.0;594.0;456.0;618.0;474.0;643.0;493.0;668.0;513.0;695.0;534.0;723.0;555.0;752.0;577.0;782.0;600.0;813.0;625.0;846.0;650;880
SJO;San Jose;9.9939;-84.2088;2;64.0;42.0;66.0;43.0;69.0;45.0;72.0;47.0;74.0;49.0;77.0;51.0;81.0;53.0;84.0;55.0;87.0;57.0;91.0;60.0;94.0;62.0;98.0;64.0;102.0;67.0;106.0;70.0;110.0;73.0;115.0;75.0;119.0;79.0;124.0;82.0;129.0;85.0;134.0;88.0;140.0;92.0;145.0;96.0;151.0;99.0;157.0;103.0;164.0;108.0;170.0;112.0;177.0;116.0;184.0;121.0;192.0;126.0;199.0;131.0;207.0;136.0;216.0;142.0;224.0;148.0;233.0;153.0;243.0;160.0;252.0;166.0;262.0;173.0;273.0;180.0;284.0;187.0;295.0;194.0;307.0;202.0;319.0;210.0;332.0;219.0;346.0;227.0;359.0;236.0;374.0;246.0;389.0;256.0;404.0;266.0;420.0;277.0;437.0;288.0;455.0;299.0;473.0;311.0;492.0;324.0;512.0;337.0;532.0;350.0;553.0;364.0;576.0;379.0;599.0;394.0;623.0;410.0;648.0;426.0;673.0;443.0;700.0;461.0;728.0;480.0;758.0;499.0;788.0;519.0;820;540
HAV;Havanna;22.9892;-82.4091;2;67.0;27.0;69.0;28.0;72.0;29.0;75.0;30.0;78.0;31.0;81.0;33.0;85.0;34.0;88.0;35.0;91.0;37.0;95.0;38.0;99.0;40.0;103.0;42.0;107.0;43.0;111.0;45.0;116.0;47.0;121.0;49.0;125.0;51.0;130.0;53.0;136.0;55.0;141.0;57.0;147.0;59.0;153.0;62.0;159.0;64.0;165.0;67.0;172.0;70.0;179.0;72.0;186.0;75.0;193.0;78.0;201.0;82.0;209.0;85.0;217.0;88.0;226.0;92.0;235.0;95.0;245.0;99.0;254.0;103.0;265.0;107.0;275.0;112.0;286.0;116.0;298.0;121.0;310.0;126.0;322.0;131.0;335.0;136.0;348.0;142.0;362.0;147.0;377.0;153.0;392.0;159.0;408.0;166.0;424.0;172.0;441.0;179.0;459.0;186.0;477.0;194.0;496.0;202.0;516.0;210.0;537.0;218.0;558.0;227.0;580.0;236.0;604.0;245.0;628.0;255.0;653.0;265.0;679.0;276.0;706.0;287.0;735.0;299.0;764.0;311.0;795.0;323.0;826.0;336.0;860;350
PUJ;Punta Cana;18.5674;-68.3634;3;75.0;16.0;78.0;17.0;81.0;17.0;85.0;18.0;88.0;19.0;92.0;19.0;95.0;20.0;99.0;21.0;103.0;22.0;107.0;23.0;112.0;24.0;116.0;25.0;121.0;26.0;126.0;27.0;131.0;28.0;136.0;29.0;141.0;30.0;147.0;31.0;153.0;33.0;159.0;34.0;166.0;35.0;172.0;37.0;179.0;38.0;186.0;40.0;194.0;42.0;202.0;43.0;210.0;45.0;218.0;47.0;227.0;49.0;236.0;51.0;245.0;53.0;255.0;55.0;265.0;57.0;276.0;59.0;287.0;62.0;299.0;64.0;311.0;67.0;323.0;70.0;336.0;72.0;349.0;75.0;363.0;78.0;378.0;81.0;393.0;85.0;409.0;88.0;425.0;92.0;442.0;95.0;460.0;99.0;478.0;103.0;497.0;107.0;517.0;112.0;538.0;116.0;560.0;121.0;582.0;126.0;605.0;131.0;630.0;136.0;655.0;141.0;681.0;147.0;708.0;153.0;737.0;159.0;766.0;165.0;797.0;172.0;829.0;179.0;862.0;186.0;896.0;194.0;932.0;201.0;970;210
GDL;Guadalajara;20.5218;-103.3112;3;53.0;57.0;55.0;60.0;57.0;62.0;59.0;65.0;62.0;67.0;64.0;70.0;67.0;73.0;69.0;76.0;72.0;79.0;75.0;82.0;78.0;85.0;81.0;89.0;85.0;92.0;88.0;96.0;92.0;100.0;95.0;104.0;99.0;108.0;103.0;112.0;107.0;117.0;111.0;121.0;116.0;126.0;121.0;131.0;125.0;137.0;130.0;142.0;136.0;148.0;141.0;154.0;147.0;160.0;153.0;166.0;159.0;173.0;165.0;180.0;172.0;187.0;179.0;195.0;186.0;202.0;193.0;210.0;201.0;219.0;209.0;228.0;218.0;237.0;226.0;246.0;235.0;256.0;245.0;266.0;255.0;277.0;265.0;288.0;275.0;300.0;286.0;312.0;298.0;324.0;310.0;337.0;322.0;351.0;335.0;365.0;349.0;379.0;363.0;395.0;377.0;410.0;392.0;427.0;408.0;444.0;424.0;462.0;441.0;480.0;459.0;499.0;477.0;519.0;496.0;540.0;516.0;562.0;537.0;584.0;558.0;608.0;581.0;632.0;604.0;657.0;628.0;684.0;653.0;711.0;680;740
MTY;Monterrey;25.7785;-100.1069;3;40.0;64.0;42.0;66.0;43.0;69.0;45.0;72.0;47.0;74.0;49.0;77.0;51.0;81.0;53.0;84.0;55.0;87.0;57.0;91.0;60.0;94.0;62.0;98.0;65.0;102.0;67.0;106.0;70.0;110.0;73.0;115.0;76.0;119.0;79.0;124.0;82.0;129.0;85.0;134.0;89.0;140.0;92.0;145.0;96.0;151.0;100.0;157.0;104.0;164.0;108.0;170.0;112.0;177.0;117.0;184.0;121.0;192.0;126.0;199.0;131.0;207.0;137.0;216.0;142.0;224.0;148.0;233.0;154.0;243.0;160.0;252.0;166.0;262.0;173.0;273.0;180.0;284.0;187.0;295.0;195.0;307.0;202.0;319.0;210.0;332.0;219.0;346.0;228.0;359.0;237.0;374.0;246.0;389.0;256.0;404.0;266.0;420.0;277.0;437.0;288.0;455.0;300.0;473.0;312.0;492.0;324.0;512.0;337.0;532.0;351.0;553.0;365.0;576.0;379.0;599.0;395.0;623.0;410.0;648.0;427.0;673.0;444.0;700.0;462.0;728.0;480.0;758.0;500.0;788.0;520;820
ALG;Algier;36.691;3.2154;2;41.0;49.0;44.0;51.0;46.0;54.0;48.0;56.0;50.0;59.0;53.0;62.0;56.0;65.0;58.0;69.0;61.0;72.0;65.0;76.0;68.0;80.0;71.0;84.0;75.0;88.0;79.0;92.0;82.0;97.0;87.0;102.0;91.0;107.0;96.0;112.0;100.0;118.0;105.0;124.0;111.0;130.0;116.0;136.0;122.0;143.0;128.0;150.0;135.0;158.0;141.0;166.0;149.0;174.0;156.0;183.0;164.0;192.0;172.0;202.0;181.0;212.0;190.0;222.0;199.0;234.0;209.0;245.0;220.0;258.0;231.0;271.0;242.0;284.0;254.0;298.0;267.0;313.0;280.0;329.0;295.0;345.0;309.0;363.0;325.0;381.0;341.0;400.0;358.0;420.0;376.0;441.0;395.0;463.0;415.0;486.0;435.0;511.0;457.0;536.0;480.0;563.0;504.0;591.0;509.0;597.0;514.0;603.0;519.0;609.0;525.0;615.0;530.0;621.0;535.0;627.0;540.0;634.0;546.0;640.0;551.0;646.0;557.0;653.0;562.0;660.0;568.0;666.0;574.0;673.0;580;680
TUN;Tunis;36.851;10.2272;2;51.0;42.0;53.0;44.0;56.0;46.0;59.0;49.0;62.0;51.0;65.0;54.0;68.0;57.0;72.0;59.0;75.0;62.0;79.0;66.0;83.0;69.0;87.0;72.0;92.0;76.0;96.0;80.0;101.0;84.0;106.0;88.0;111.0;93.0;117.0;97.0;123.0;102.0;129.0;107.0;136.0;113.0;142.0;118.0;150.0;124.0;157.0;130.0;165.0;137.0;173.0;144.0;182.0;151.0;191.0;159.0;201.0;167.0;211.0;175.0;221.0;184.0;232.0;193.0;244.0;203.0;256.0;213.0;269.0;223.0;282.0;235.0;297.0;246.0;311.0;259.0;327.0;272.0;343.0;285.0;361.0;300.0;379.0;315.0;398.0;330.0;418.0;347.0;438.0;364.0;460.0;383.0;483.0;402.0;508.0;422.0;533.0;443.0;560.0;465.0;588.0;488.0;617.0;513.0;623.0;518.0;630.0;523.0;636.0;528.0;642.0;534.0;649.0;539.0;655.0;544.0;662.0;550.0;668.0;555.0;675.0;561.0;682.0;566.0;689.0;572.0;696.0;578.0;702.0;584.0;710;590
RAK;Marrakesch;31.6069;-8.0363;2;65.0;27.0;69.0;28.0;72.0;30.0;76.0;31.0;79.0;33.0;83.0;35.0;88.0;36.0;92.0;38.0;97.0;40.0;101.0;42.0;107.0;44.0;112.0;46.0;118.0;49.0;123.0;51.0;130.0;54.0;136.0;57.0;143.0;59.0;150.0;62.0;158.0;66.0;166.0;69.0;174.0;72.0;183.0;76.0;192.0;80.0;201.0;84.0;212.0;88.0;222.0;92.0;233.0;97.0;245.0;102.0;257.0;107.0;270.0;113.0;284.0;118.0;298.0;124.0;313.0;130.0;328.0;137.0;345.0;144.0;362.0;151.0;380.0;159.0;399.0;166.0;419.0;175.0;440.0;184.0;462.0;193.0;486.0;202.0;510.0;213.0;535.0;223.0;562.0;234.0;590.0;246.0;620.0;259.0;651.0;271.0;683.0;285.0;718.0;299.0;753.0;314.0;791.0;330.0;799.0;333.0;807.0;337.0;815.0;340.0;823.0;344.0;832.0;347.0;840.0;350.0;848.0;354.0;857.0;357.0;865.0;361.0;874.0;365.0;883.0;368.0;892.0;372.0;900.0;376.0;910;380
LOS;Lagos;6.5774;3.3215;3;56.0;104.0;57.0;106.0;58.0;108.0;59.0;110.0;60.0;112.0;62.0;115.0;63.0;117.0;64.0;119.0;65.0;122.0;67.0;124.0;68.0;127.0;69.0;129.0;71.0;132.0;72.0;134.0;74.0;137.0;75.0;140.0;77.0;143.0;78.0;146.0;80.0;148.0;81.0;151.0;83.0;155.0;85.0;158.0;86.0;161.0;88.0;164.0;90.0;167.0;92.0;171.0;93.0;174.0;95.0;178.0;97.0;181.0;99.0;185.0;101.0;188.0;103.0;192.0;105.0;196.0;107.0;200.0;110.0;204.0;112.0;208.0;114.0;212.0;116.0;217.0;119.0;221.0;121.0;225.0;124.0;230.0;130.0;241.0;136.0;253.0;143.0;266.0;150.0;279.0;158.0;293.0;166.0;308.0;174.0;324.0;183.0;340.0;192.0;357.0;202.0;375.0;212.0;393.0;222.0;413.0;233.0;434.0;245.0;456.0;257.0;478.0;270.0;502.0;284.0;527.0;298.0;554.0;313.0;582.0;329.0;611.0;345.0;641.0;362.0;673.0;380.0;707.0;400.0;742.0;420;780
DKR;Dakar;14.7397;-17.4902;2;82.0;86.0;84.0;88.0;86.0;90.0;87.0;92.0;89.0;94.0;91.0;95.0;93.0;97.0;95.0;99.0;97.0;101.0;99.0;103.0;101.0;105.0;103.0;108.0;105.0;110.0;107.0;112.0;109.0;114.0;111.0;116.0;113.0;119.0;116.0;121.0;118.0;124.0;120.0;126.0;123.0;129.0;125.0;131.0;128.0;134.0;130.0;137.0;133.0;139.0;136.0;142.0;138.0;145.0;141.0;148.0;144.0;151.0;147.0;154.0;150.0;157.0;153.0;160.0;156.0;163.0;159.0;167.0;162.0;170.0;165.0;173.0;169.0;177.0;172.0;180.0;175.0;184.0;179.0;188.0;183.0;191.0;192.0;201.0;201.0;211.0;211.0;222.0;222.0;233.0;233.0;244.0;245.0;257.0;257.0;270.0;270.0;283.0;284.0;297.0;298.0;312.0;313.0;328.0;328.0;344.0;345.0;361.0;362.0;380.0;380.0;399.0;399.0;418.0;419.0;439.0;440.0;461.0;462.0;485.0;485.0;509.0;510.0;534.0;535.0;561.0;562.0;589.0;590.0;619.0;620;650
ABJ;Abidjan;5.2614;-3.9263;2;68.0;90.0;69.0;92.0;70.0;94.0;72.0;96.0;73.0;98.0;75.0;100.0;76.0;102.0;78.0;104.0;79.0;106.0;81.0;108.0;83.0;110.0;84.0;113.0;86.0;115.0;88.0;117.0;89.0;119.0;91.0;122.0;93.0;124.0;95.0;127.0;97.0;129.0;99.0;132.0;101.0;135.0;103.0;137.0;105.0;140.0;107.0;143.0;109.0;146.0;111.0;149.0;114.0;152.0;116.0;155.0;118.0;158.0;121.0;161.0;123.0;164.0;126.0;168.0;128.0;171.0;131.0;174.0;133.0;178.0;136.0;181.0;139.0;185.0;141.0;189.0;144.0;193.0;147.0;196.0;150.0;200.0;158.0;210.0;166.0;221.0;174.0;232.0;183.0;244.0;192.0;256.0;201.0;269.0;211.0;282.0;222.0;296.0;233.0;311.0;245.0;327.0;257.0;343.0;270.0;360.0;283.0;378.0;298.0;397.0;313.0;417.0;328.0;438.0;345.0;460.0;362.0;483.0;380.0;507.0;399.0;532.0;419.0;559.0;440.0;587.0;462.0;616.0;485.0;647.0;510;680
MRU;Port Louis;-20.4302;57.6772;2;117.0;54.0;120.0;55.0;122.0;57.0;124.0;58.0;127.0;59.0;129.0;60.0;132.0;61.0;135.0;62.0;137.0;64.0;140.0;65.0;143.0;66.0;146.0;68.0;149.0;69.0;152.0;70.0;155.0;72.0;158.0;73.0;161.0;75.0;164.0;76.0;168.0;78.0;171.0;79.0;174.0;81.0;178.0;83.0;181.0;84.0;185.0;86.0;189.0;88.0;193.0;89.0;196.0;91.0;200.0;93.0;204.0;95.0;209.0;97.0;213.0;99.0;217.0;101.0;221.0;103.0;226.0;105.0;230.0;107.0;235.0;109.0;240.0;111.0;244.0;114.0;249.0;116.0;254.0;118.0;259.0;121.0;272.0;127.0;286.0;133.0;300.0;140.0;315.0;147.0;331.0;154.0;348.0;162.0;365.0;170.0;383.0;178.0;403.0;187.0;423.0;197.0;444.0;207.0;466.0;217.0;490.0;228.0;514.0;239.0;540.0;251.0;567.0;264.0;595.0;277.0;625.0;291.0;656.0;305.0;689.0;321.0;723.0;337.0;760.0;354.0;798.0;371.0;838.0;390.0;880;410
ADL;Adelaide;-34.945;138.5306;2;92.0;89.0;95.0;93.0;99.0;96.0;103.0;100.0;107.0;104.0;112.0;109.0;116.0;113.0;121.0;117.0;126.0;122.0;131.0;127.0;136.0;132.0;142.0;138.0;147.0;143.0;153.0;149.0;159.0;155.0;166.0;161.0;172.0;167.0;179.0;174.0;186.0;181.0;194.0;188.0;202.0;196.0;210.0;204.0;218.0;212.0;227.0;220.0;236.0;229.0;245.0;238.0;255.0;248.0;265.0;258.0;276.0;268.0;287.0;279.0;299.0;290.0;306.0;298.0;314.0;305.0;322.0;313.0;330.0;320.0;338.0;328.0;346.0;337.0;355.0;345.0;364.0;354.0;373.0;363.0;382.0;372.0;392.0;381.0;402.0;391.0;412.0;400.0;422.0;410.0;433.0;421.0;444.0;431.0;455.0;442.0;466.0;453.0;478.0;464.0;490.0;476.0;502.0;488.0;515.0;500.0;527.0;513.0;541.0;525.0;554.0;539.0;568.0;552.0;582.0;566.0;597.0;580.0;612.0;594.0;627.0;609.0;643.0;625.0;659.0;640.0;675.0;656.0;692.0;673.0;710;690
CBR;Canberra;-35.3069;149.195;1;71.0;101.0;74.0;105.0;77.0;109.0;80.0;113.0;83.0;118.0;86.0;123.0;90.0;128.0;94.0;133.0;97.0;138.0;101.0;144.0;105.0;150.0;110.0;156.0;114.0;162.0;118.0;168.0;123.0;175.0;128.0;182.0;133.0;189.0;139.0;197.0;144.0;205.0;150.0;213.0;156.0;222.0;162.0;230.0;169.0;240.0;176.0;249.0;183.0;259.0;190.0;270.0;198.0;280.0;206.0;292.0;214.0;303.0;222.0;316.0;231.0;328.0;237.0;336.0;243.0;345.0;249.0;353.0;255.0;362.0;262.0;371.0;268.0;381.0;275.0;390.0;282.0;400.0;289.0;410.0;296.0;420.0;304.0;431.0;311.0;442.0;319.0;453.0;327.0;464.0;335.0;476.0;344.0;487.0;352.0;500.0;361.0;512.0;370.0;525.0;379.0;538.0;389.0;552.0;398.0;565.0;408.0;579.0;419.0;594.0;429.0;609.0;440.0;624.0;451.0;640.0;462.0;656.0;474.0;672.0;486.0;689.0;498.0;706.0;510.0;724.0;523.0;742.0;536.0;760.0;550;780
WLG;Wellington;-41.3272;174.8053;2;96.0;84.0;99.0;87.0;103.0;91.0;108.0;94.0;112.0;98.0;116.0;102.0;121.0;106.0;126.0;111.0;131.0;115.0;136.0;120.0;142.0;125.0;148.0;130.0;153.0;135.0;160.0;140.0;166.0;146.0;173.0;152.0;180.0;158.0;187.0;164.0;194.0;171.0;202.0;177.0;210.0;185.0;219.0;192.0;227.0;200.0;236.0;208.0;246.0;216.0;256.0;225.0;266.0;234.0;277.0;243.0;288.0;253.0;299.0;263.0;311.0;273.0;319.0;280.0;327.0;287.0;335.0;294.0;344.0;302.0;352.0;309.0;361.0;317.0;370.0;325.0;379.0;333.0;389.0;342.0;399.0;350.0;409.0;359.0;419.0;368.0;429.0;377.0;440.0;387.0;451.0;396.0;462.0;406.0;474.0;416.0;486.0;427.0;498.0;437.0;510.0;448.0;523.0;460.0;536.0;471.0;550.0;483.0;563.0;495.0;578.0;507.0;592.0;520.0;607.0;533.0;622.0;546.0;638.0;560.0;654.0;574.0;670.0;588.0;687.0;603.0;704.0;618.0;721.0;634.0;740;650
MSY;New Orleans;29.9933;-90.258;3;107.0;87.0;113.0;92.0;118.0;96.0;124.0;101.0;131.0;106.0;137.0;111.0;144.0;117.0;151.0;123.0;159.0;129.0;167.0;136.0;175.0;142.0;184.0;150.0;193.0;157.0;203.0;165.0;213.0;173.0;224.0;182.0;235.0;191.0;247.0;201.0;259.0;211.0;272.0;221.0;286.0;232.0;294.0;239.0;303.0;246.0;312.0;254.0;322.0;261.0;331.0;269.0;341.0;277.0;351.0;286.0;362.0;294.0;373.0;303.0;384.0;312.0;396.0;322.0;408.0;331.0;420.0;341.0;432.0;352.0;445.0;362.0;459.0;373.0;473.0;384.0;487.0;396.0;501.0;408.0;516.0;420.0;524.0;426.0;532.0;433.0;540.0;439.0;548.0;446.0;556.0;452.0;565.0;459.0;573.0;466.0;582.0;473.0;591.0;480.0;599.0;487.0;608.0;495.0;618.0;502.0;627.0;510.0;636.0;517.0;646.0;525.0;655.0;533.0;665.0;541.0;675.0;549.0;685.0;557.0;696.0;566.0;706.0;574.0;717.0;583.0;727.0;592.0;738.0;600.0;750;610
TPA;Tampa;27.9754;-82.5332;4;123.0;89.0;129.0;93.0;136.0;98.0;143.0;103.0;150.0;108.0;157.0;113.0;165.0;119.0;174.0;125.0;182.0;131.0;191.0;138.0;201.0;145.0;211.0;152.0;222.0;160.0;233.0;168.0;244.0;176.0;257.0;185.0;269.0;194.0;283.0;204.0;297.0;214.0;312.0;225.0;328.0;236.0;338.0;243.0;348.0;250.0;358.0;258.0;369.0;266.0;380.0;274.0;391.0;282.0;403.0;290.0;415.0;299.0;428.0;308.0;441.0;317.0;454.0;327.0;467.0;337.0;481.0;347.0;496.0;357.0;511.0;368.0;526.0;379.0;542.0;391.0;558.0;402.0;575.0;414.0;592.0;427.0;601.0;433.0;610.0;440.0;619.0;446.0;629.0;453.0;638.0;460.0;648.0;467.0;657.0;474.0;667.0;481.0;677.0;488.0;687.0;495.0;698.0;503.0;708.0;510.0;719.0;518.0;730.0;526.0;741.0;534.0;752.0;542.0;763.0;550.0;774.0;558.0;786.0;567.0;798.0;575.0;810.0;584.0;822.0;592.0;834.0;601.0;847.0;610.0;860;620
SAN;San Diego;32.7336;-117.19;4;73.0;61.0;77.0;65.0;82.0;69.0;87.0;73.0;92.0;78.0;97.0;82.0;103.0;87.0;109.0;92.0;116.0;98.0;123.0;104.0;130.0;110.0;138.0;117.0;147.0;124.0;155.0;131.0;165.0;139.0;175.0;148.0;185.0;157.0;196.0;166.0;208.0;176.0;221.0;187.0;234.0;198.0;248.0;210.0;263.0;222.0;279.0;236.0;296.0;250.0;313.0;265.0;332.0;281.0;352.0;298.0;373.0;315.0;396.0;334.0;420.0;355.0;428.0;362.0;436.0;369.0;445.0;376.0;454.0;384.0;463.0;391.0;473.0;399.0;482.0;407.0;492.0;415.0;501.0;424.0;512.0;432.0;522.0;441.0;532.0;450.0;543.0;459.0;554.0;468.0;565.0;477.0;576.0;487.0;588.0;497.0;599.0;507.0;611.0;517.0;624.0;527.0;636.0;538.0;649.0;548.0;662.0;559.0;675.0;571.0;689.0;582.0;702.0;594.0;716.0;605.0;731.0;618.0;745.0;630.0;760.0;643.0;776.0;655.0;791.0;669.0;807.0;682.0;823.0;696.0;840;710
PDX;Portland;45.5887;-122.5975;3;59.0;62.0;62.0;66.0;66.0;70.0;70.0;74.0;74.0;79.0;79.0;83.0;83.0;88.0;89.0;94.0;94.0;99.0;100.0;105.0;106.0;112.0;112.0;118.0;119.0;126.0;126.0;133.0;133.0;141.0;141.0;150.0;150.0;159.0;159.0;168.0;168.0;178.0;179.0;189.0;189.0;201.0;201.0;213.0;213.0;225.0;226.0;239.0;239.0;253.0;254.0;269.0;269.0;285.0;285.0;302.0;302.0;320.0;320.0;339.0;340.0;360.0;346.0;367.0;353.0;374.0;360.0;382.0;368.0;389.0;375.0;397.0;382.0;405.0;390.0;413.0;398.0;421.0;406.0;430.0;414.0;438.0;422.0;447.0;431.0;456.0;439.0;465.0;448.0;475.0;457.0;484.0;466.0;494.0;476.0;504.0;485.0;514.0;495.0;524.0;505.0;534.0;515.0;545.0;525.0;556.0;536.0;567.0;546.0;579.0;557.0;590.0;568.0;602.0;580.0;614.0;591.0;626.0;603.0;639.0;615.0;652.0;628.0;665.0;640.0;678.0;653.0;692.0;666.0;705.0;680;720
SLC;Salt Lake City;40.7884;-111.9778;4;61.0;65.0;65.0;69.0;69.0;73.0;73.0;77.0;78.0;82.0;82.0;87.0;87.0;92.0;92.0;98.0;98.0;104.0;104.0;110.0;110.0;116.0;117.0;123.0;124.0;131.0;131.0;139.0;139.0;147.0;148.0;156.0;157.0;165.0;166.0;175.0;176.0;186.0;187.0;197.0;198.0;209.0;210.0;221.0;222.0;235.0;236.0;249.0;250.0;264.0;265.0;280.0;281.0;297.0;298.0;314.0;315.0;333.0;334.0;353.0;355.0;375.0;362.0;382.0;369.0;390.0;376.0;397.0;384.0;405.0;391.0;414.0;399.0;422.0;407.0;430.0;415.0;439.0;424.0;448.0;432.0;457.0;441.0;466.0;450.0;475.0;459.0;485.0;468.0;494.0;477.0;504.0;487.0;514.0;497.0;525.0;507.0;535.0;517.0;546.0;527.0;557.0;538.0;568.0;548.0;579.0;559.0;591.0;571.0;603.0;582.0;615.0;594.0;627.0;605.0;640.0;618.0;652.0;630.0;665.0;643.0;679.0;655.0;692.0;669.0;706.0;682.0;720.0;696.0;735.0;710;750
HNL;Honolulu;21.3187;-157.9225;4;82.0;36.0;87.0;38.0;92.0;41.0;98.0;43.0;104.0;46.0;110.0;48.0;117.0;51.0;124.0;54.0;131.0;58.0;139.0;61.0;148.0;65.0;157.0;69.0;166.0;73.0;176.0;77.0;186.0;82.0;198.0;87.0;210.0;92.0;222.0;98.0;236.0;104.0;250.0;110.0;265.0;117.0;281.0;124.0;298.0;131.0;315.0;139.0;334.0;148.0;354.0;156.0;376.0;166.0;398.0;176.0;422.0;186.0;448.0;198.0;475.0;210.0;484.0;214.0;494.0;218.0;504.0;222.0;514.0;227.0;524.0;231.0;534.0;236.0;545.0;241.0;556.0;246.0;567.0;250.0;579.0;256.0;590.0;261.0;602.0;266.0;614.0;271.0;626.0;277.0;639.0;282.0;652.0;288.0;665.0;294.0;678.0;299.0;692.0;305.0;705.0;312.0;719.0;318.0;734.0;324.0;749.0;331.0;764.0;337.0;779.0;344.0;794.0;351.0;810.0;358.0;827.0;365.0;843.0;372.0;860.0;380.0;877.0;388.0;895.0;395.0;913.0;403.0;931.0;411.0;950;420
SVO;Moskau;55.9726;37.4146;5;113.0;150.0;117.0;156.0;122.0;162.0;127.0;168.0;132.0;175.0;137.0;182.0;143.0;189.0;149.0;197.0;155.0;205.0;161.0;213.0;167.0;222.0;174.0;230.0;181.0;240.0;188.0;249.0;196.0;259.0;204.0;270.0;212.0;280.0;220.0;292.0;229.0;303.0;238.0;316.0;248.0;328.0;258.0;341.0;268.0;355.0;279.0;369.0;290.0;384.0;302.0;399.0;314.0;415.0;326.0;432.0;339.0;449.0;353.0;467.0;367.0;486.0;338.0;447.0;311.0;411.0;286.0;378.0;263.0;348.0;242.0;320.0;222.0;295.0;234.0;309.0;245.0;325.0;258.0;341.0;271.0;358.0;284.0;376.0;298.0;395.0;313.0;415.0;329.0;435.0;345.0;457.0;363.0;480.0;381.0;504.0;400.0;529.0;420.0;556.0;441.0;584.0;463.0;613.0;486.0;643.0;511.0;676.0;536.0;709.0;563.0;745.0;591.0;782.0;621.0;821.0;652.0;862.0;684.0;906.0;719.0;951.0;704.0;932.0;690.0;913.0;676.0;895.0;663.0;877.0;650;860
FKB;Karlsruhe;48.7794;8.0805;2;0.0;0.0;0.0;0.0;0.0;0.0;0.0;0.0;0.0;0.0;0.0;0.0;0.0;0.0;0.0;0.0;0.0;0.0;0.0;0.0;0.0;0.0;0.0;0.0;0.0;0.0;0.0;0.0;0.0;0.0;0.0;0.0;0.0;0.0;0.0;0.0;0.0;0.0;0.0;0.0;0.0;0.0;0.0;0.0;0.0;0.0;0.0;0.0;0.0;0.0;0.0;0.0;0.0;0.0;0.0;0.0;0.0;0.0;0.0;0.0;0.0;0.0;0.0;0.0;0.0;0.0;0.0;0.0;0.0;0.0;44.0;27.0;48.0;30.0;52.0;32.0;56.0;35.0;60.0;37.0;65.0;40.0;70.0;44.0;76.0;47.0;82.0;51.0;89.0;55.0;96.0;60.0;104.0;64.0;112.0;70.0;121.0;75.0;131.0;81.0;141.0;88.0;153.0;95.0;165.0;102.0;178.0;111.0;192.0;120.0;208.0;129.0;225.0;140.0;243.0;151.0;262.0;163.0;283.0;176.0;306.0;190.0;330.0;205.0;357.0;222.0;385.0;240.0;416.0;259.0;450;280
MAN;Manchester;53.3537;-2.2749;4;70.0;77.0;74.0;82.0;78.0;87.0;83.0;92.0;88.0;98.0;93.0;104.0;99.0;110.0;105.0;116.0;111.0;123.0;118.0;131.0;125.0;139.0;133.0;147.0;141.0;156.0;149.0;165.0;158.0;175.0;168.0;186.0;178.0;197.0;189.0;209.0;200.0;221.0;212.0;235.0;225.0;249.0;233.0;258.0;241.0;267.0;249.0;276.0;258.0;286.0;267.0;296.0;276.0;306.0;286.0;317.0;296.0;328.0;306.0;339.0;317.0;351.0;328.0;364.0;340.0;376.0;352.0;390.0;364.0;403.0;377.0;417.0;390.0;432.0;404.0;447.0;418.0;463.0;432.0;479.0;447.0;496.0;454.0;503.0;461.0;511.0;468.0;518.0;475.0;526.0;482.0;534.0;489.0;542.0;497.0;550.0;504.0;558.0;512.0;567.0;519.0;575.0;527.0;584.0;535.0;593.0;543.0;602.0;551.0;611.0;560.0;620.0;568.0;629.0;577.0;639.0;585.0;648.0;594.0;658.0;603.0;668.0;612.0;678.0;621.0;688.0;630.0;698.0;640.0;709.0;650;720
EDI;Edinburgh;55.95;-3.3725;3;84.0;65.0;89.0;69.0;94.0;74.0;100.0;78.0;106.0;83.0;112.0;88.0;119.0;93.0;126.0;99.0;134.0;105.0;142.0;111.0;150.0;117.0;159.0;125.0;169.0;132.0;179.0;140.0;190.0;148.0;201.0;157.0;213.0;167.0;226.0;177.0;240.0;188.0;254.0;199.0;270.0;211.0;279.0;218.0;289.0;226.0;299.0;234.0;310.0;242.0;320.0;250.0;332.0;259.0;343.0;268.0;355.0;278.0;368.0;287.0;381.0;298.0;394.0;308.0;408.0;319.0;422.0;330.0;437.0;342.0;452.0;353.0;468.0;366.0;484.0;379.0;501.0;392.0;519.0;406.0;537.0;420.0;545.0;426.0;553.0;433.0;562.0;439.0;570.0;446.0;579.0;452.0;587.0;459.0;596.0;466.0;605.0;473.0;614.0;480.0;623.0;487.0;633.0;495.0;642.0;502.0;652.0;510.0;662.0;517.0;672.0;525.0;682.0;533.0;692.0;541.0;702.0;549.0;713.0;557.0;724.0;566.0;734.0;574.0;745.0;583.0;757.0;592.0;768.0;600.0;780;610
STR;Stuttgart;48.6899;9.2219;3;44.0;87.0;46.0;92.0;49.0;98.0;52.0;104.0;55.0;110.0;59.0;117.0;62.0;124.0;66.0;131.0;70.0;139.0;74.0;147.0;79.0;156.0;84.0;166.0;89.0;176.0;94.0;186.0;100.0;197.0;106.0;209.0;112.0;222.0;119.0;235.0;126.0;249.0;133.0;264.0;142.0;280.0;146.0;290.0;152.0;300.0;157.0;311.0;162.0;321.0;168.0;333.0;174.0;344.0;180.0;356.0;187.0;369.0;193.0;382.0;200.0;395.0;207.0;409.0;214.0;423.0;222.0;438.0;229.0;454.0;237.0;470.0;246.0;486.0;254.0;503.0;263.0;521.0;273.0;539.0;282.0;558.0;286.0;566.0;291.0;575.0;295.0;583.0;299.0;592.0;304.0;601.0;308.0;610.0;313.0;619.0;318.0;628.0;323.0;638.0;327.0;647.0;332.0;657.0;337.0;667.0;342.0;677.0;348.0;687.0;353.0;697.0;358.0;708.0;363.0;719.0;369.0;729.0;374.0;740.0;380.0;751.0;386.0;763.0;392.0;774.0;397.0;786.0;403.0;798.0;410;810
KEF;Reykjavik;63.985;-22.6056;3;96.0;22.0;101.0;24.0;108.0;25.0;114.0;27.0;121.0;28.0;128.0;30.0;136.0;32.0;144.0;34.0;153.0;36.0;162.0;38.0;172.0;40.0;182.0;43.0;193.0;45.0;205.0;48.0;217.0;51.0;230.0;54.0;244.0;57.0;258.0;61.0;274.0;64.0;290.0;68.0;308.0;72.0;319.0;75.0;330.0;77.0;341.0;80.0;353.0;83.0;366.0;86.0;378.0;89.0;392.0;92.0;405.0;95.0;420.0;99.0;434.0;102.0;450.0;106.0;465.0;109.0;482.0;113.0;498.0;117.0;516.0;121.0;534.0;126.0;553.0;130.0;572.0;135.0;592.0;139.0;613.0;144.0;622.0;146.0;631.0;149.0;641.0;151.0;651.0;153.0;660.0;155.0;670.0;158.0;680.0;160.0;690.0;163.0;701.0;165.0;711.0;167.0;722.0;170.0;733.0;173.0;744.0;175.0;755.0;178.0;766.0;180.0;778.0;183.0;790.0;186.0;801.0;189.0;813.0;192.0;826.0;194.0;838.0;197.0;851.0;200.0;863.0;203.0;876.0;206.0;890;210
AUS;Austin;30.1945;-97.6698;4;107.0;122.0;113.0;128.0;118.0;134.0;124.0;141.0;131.0;148.0;137.0;156.0;144.0;163.0;151.0;172.0;159.0;180.0;167.0;189.0;175.0;199.0;184.0;209.0;193.0;219.0;203.0;230.0;213.0;242.0;224.0;254.0;235.0;266.0;247.0;280.0;259.0;294.0;272.0;308.0;286.0;324.0;294.0;334.0;303.0;344.0;312.0;354.0;322.0;365.0;331.0;376.0;341.0;387.0;351.0;398.0;362.0;410.0;373.0;423.0;384.0;435.0;396.0;448.0;408.0;462.0;420.0;476.0;432.0;490.0;445.0;505.0;459.0;520.0;473.0;536.0;487.0;552.0;501.0;568.0;516.0;585.0;524.0;594.0;532.0;603.0;540.0;612.0;548.0;621.0;556.0;631.0;565.0;640.0;573.0;650.0;582.0;659.0;591.0;669.0;599.0;679.0;608.0;690.0;618.0;700.0;627.0;710.0;636.0;721.0;646.0;732.0;655.0;743.0;665.0;754.0;675.0;765.0;685.0;777.0;696.0;789.0;706.0;800.0;717.0;812.0;727.0;825.0;738.0;837.0;750;850
BNA;Nashville;36.1244;-86.6781;4;115.0;100.0;120.0;105.0;126.0;110.0;133.0;116.0;139.0;122.0;146.0;128.0;154.0;134.0;161.0;141.0;169.0;148.0;178.0;156.0;187.0;163.0;196.0;172.0;206.0;180.0;216.0;189.0;227.0;199.0;239.0;209.0;251.0;219.0;263.0;230.0;276.0;242.0;290.0;254.0;305.0;267.0;314.0;275.0;323.0;283.0;333.0;291.0;343.0;300.0;353.0;309.0;364.0;318.0;375.0;328.0;386.0;338.0;398.0;348.0;410.0;358.0;422.0;369.0;435.0;380.0;448.0;392.0;461.0;404.0;475.0;416.0;489.0;428.0;504.0;441.0;519.0;454.0;535.0;468.0;551.0;482.0;559.0;489.0;568.0;497.0;576.0;504.0;585.0;512.0;593.0;519.0;602.0;527.0;611.0;535.0;621.0;543.0;630.0;551.0;639.0;559.0;649.0;568.0;659.0;576.0;669.0;585.0;679.0;594.0;689.0;603.0;699.0;612.0;710.0;621.0;720.0;630.0;731.0;640.0;742.0;649.0;753.0;659.0;765.0;669.0;776.0;679.0;788.0;689.0;800;700
RDU;Raleigh;35.8776;-78.7874;3;71.0;107.0;75.0;113.0;79.0;118.0;83.0;124.0;87.0;131.0;91.0;137.0;96.0;144.0;101.0;151.0;106.0;159.0;111.0;167.0;117.0;175.0;122.0;184.0;129.0;193.0;135.0;203.0;142.0;213.0;149.0;224.0;156.0;235.0;164.0;247.0;173.0;259.0;181.0;272.0;190.0;286.0;196.0;294.0;202.0;303.0;208.0;312.0;214.0;322.0;221.0;331.0;227.0;341.0;234.0;351.0;241.0;362.0;248.0;373.0;256.0;384.0;264.0;396.0;272.0;408.0;280.0;420.0;288.0;432.0;297.0;445.0;306.0;459.0;315.0;473.0;324.0;487.0;334.0;501.0;344.0;516.0;349.0;524.0;355.0;532.0;360.0;540.0;365.0;548.0;371.0;556.0;376.0;565.0;382.0;573.0;388.0;582.0;394.0;591.0;399.0;599.0;405.0;608.0;412.0;618.0;418.0;627.0;424.0;636.0;430.0;646.0;437.0;655.0;443.0;665.0;450.0;675.0;457.0;685.0;464.0;696.0;471.0;706.0;478.0;717.0;485.0;727.0;492.0;738.0;500;750
CLE;Cleveland;41.4116;-81.8497;3;57.0;93.0;60.0;98.0;63.0;103.0;66.0;108.0;69.0;113.0;73.0;119.0;77.0;125.0;80.0;131.0;84.0;138.0;89.0;145.0;93.0;152.0;98.0;159.0;103.0;167.0;108.0;176.0;113.0;185.0;119.0;194.0;125.0;204.0;131.0;214.0;138.0;224.0;145.0;236.0;152.0;248.0;157.0;255.0;161.0;263.0;166.0;271.0;171.0;279.0;176.0;287.0;182.0;296.0;187.0;305.0;193.0;314.0;199.0;323.0;205.0;333.0;211.0;343.0;217.0;353.0;224.0;364.0;230.0;375.0;237.0;386.0;244.0;398.0;252.0;409.0;259.0;422.0;267.0;434.0;275.0;447.0;279.0;454.0;284.0;461.0;288.0;468.0;292.0;475.0;296.0;482.0;301.0;489.0;305.0;497.0;310.0;504.0;315.0;512.0;319.0;519.0;324.0;527.0;329.0;535.0;334.0;543.0;339.0;551.0;344.0;560.0;349.0;568.0;355.0;577.0;360.0;585.0;365.0;594.0;371.0;603.0;376.0;612.0;382.0;621.0;388.0;630.0;394.0;640.0;400;650
CVG;Cincinnati;39.0488;-84.6678;3;64.0;100.0;67.0;105.0;71.0;110.0;74.0;116.0;78.0;122.0;82.0;128.0;86.0;134.0;91.0;141.0;95.0;148.0;100.0;156.0;105.0;163.0;110.0;172.0;116.0;180.0;122.0;189.0;128.0;199.0;134.0;209.0;141.0;219.0;148.0;230.0;155.0;242.0;163.0;254.0;171.0;267.0;176.0;275.0;182.0;283.0;187.0;291.0;193.0;300.0;199.0;309.0;205.0;318.0;211.0;328.0;217.0;338.0;224.0;348.0;230.0;358.0;237.0;369.0;244.0;380.0;252.0;392.0;259.0;404.0;267.0;416.0;275.0;428.0;283.0;441.0;292.0;454.0;301.0;468.0;310.0;482.0;314.0;489.0;319.0;497.0;324.0;504.0;329.0;512.0;334.0;519.0;339.0;527.0;344.0;535.0;349.0;543.0;354.0;551.0;359.0;559.0;365.0;568.0;370.0;576.0;376.0;585.0;382.0;594.0;387.0;603.0;393.0;612.0;399.0;621.0;405.0;630.0;411.0;640.0;417.0;649.0;423.0;659.0;430.0;669.0;436.0;679.0;443.0;689.0;450;700
PIT;Pittsburgh;40.4914;-80.2328;3;57.0;93.0;60.0;98.0;63.0;103.0;66.0;108.0;69.0;113.0;73.0;119.0;77.0;125.0;80.0;131.0;84.0;138.0;89.0;145.0;93.0;152.0;98.0;159.0;103.0;167.0;108.0;176.0;113.0;185.0;119.0;194.0;125.0;204.0;131.0;214.0;138.0;224.0;145.0;236.0;152.0;248.0;157.0;255.0;161.0;263.0;166.0;271.0;171.0;279.0;176.0;287.0;182.0;296.0;187.0;305.0;193.0;314.0;199.0;323.0;205.0;333.0;211.0;343.0;217.0;353.0;224.0;364.0;230.0;375.0;237.0;386.0;244.0;398.0;252.0;409.0;259.0;422.0;267.0;434.0;275.0;447.0;279.0;454.0;284.0;461.0;288.0;468.0;292.0;475.0;296.0;482.0;301.0;489.0;305.0;497.0;310.0;504.0;315.0;512.0;319.0;519.0;324.0;527.0;329.0;535.0;334.0;543.0;339.0;551.0;344.0;560.0;349.0;568.0;355.0;577.0;360.0;585.0;365.0;594.0;371.0;603.0;376.0;612.0;382.0;621.0;388.0;630.0;394.0;640.0;400;650
MCI;Kansas City;39.2976;-94.7139;3;64.0;86.0;67.0;90.0;71.0;95.0;74.0;99.0;78.0;104.0;82.0;110.0;86.0;115.0;91.0;121.0;95.0;127.0;100.0;133.0;105.0;140.0;110.0;147.0;116.0;154.0;122.0;162.0;128.0;170.0;134.0;179.0;141.0;188.0;148.0;197.0;155.0;207.0;163.0;218.0;171.0;228.0;176.0;235.0;182.0;242.0;187.0;250.0;193.0;257.0;199.0;265.0;205.0;273.0;211.0;281.0;217.0;290.0;224.0;298.0;230.0;307.0;237.0;316.0;244.0;326.0;252.0;336.0;259.0;346.0;267.0;356.0;275.0;367.0;283.0;378.0;292.0;389.0;301.0;401.0;310.0;413.0;314.0;419.0;319.0;426.0;324.0;432.0;329.0;438.0;334.0;445.0;339.0;452.0;344.0;458.0;349.0;465.0;354.0;472.0;359.0;479.0;365.0;487.0;370.0;494.0;376.0;501.0;382.0;509.0;387.0;517.0;393.0;524.0;399.0;532.0;405.0;540.0;411.0;548.0;417.0;556.0;423.0;565.0;430.0;573.0;436.0;582.0;443.0;591.0;450;600
STL;St. Louis;38.7486;-90.37;3;71.0;93.0;75.0;98.0;79.0;103.0;83.0;108.0;87.0;113.0;91.0;119.0;96.0;125.0;101.0;131.0;106.0;138.0;111.0;145.0;117.0;152.0;122.0;159.0;129.0;167.0;135.0;176.0;142.0;185.0;149.0;194.0;156.0;204.0;164.0;214.0;173.0;224.0;181.0;236.0;190.0;248.0;196.0;255.0;202.0;263.0;208.0;271.0;214.0;279.0;221.0;287.0;227.0;296.0;234.0;305.0;241.0;314.0;248.0;323.0;256.0;333.0;264.0;343.0;272.0;353.0;280.0;364.0;288.0;375.0;297.0;386.0;306.0;398.0;315.0;409.0;324.0;422.0;334.0;434.0;344.0;447.0;349.0;454.0;355.0;461.0;360.0;468.0;365.0;475.0;371.0;482.0;376.0;489.0;382.0;497.0;388.0;504.0;394.0;512.0;399.0;519.0;405.0;527.0;412.0;535.0;418.0;543.0;424.0;551.0;430.0;560.0;437.0;568.0;443.0;577.0;450.0;585.0;457.0;594.0;464.0;603.0;471.0;612.0;478.0;621.0;485.0;630.0;492.0;640.0;500;650
SAT;San Antonio;29.5339;-98.4697;3;93.0;86.0;98.0;90.0;103.0;95.0;108.0;99.0;113.0;104.0;119.0;110.0;125.0;115.0;131.0;121.0;138.0;127.0;145.0;133.0;152.0;140.0;159.0;147.0;167.0;154.0;176.0;162.0;185.0;170.0;194.0;179.0;204.0;188.0;214.0;197.0;224.0;207.0;236.0;218.0;248.0;228.0;255.0;235.0;263.0;242.0;271.0;250.0;279.0;257.0;287.0;265.0;296.0;273.0;305.0;281.0;314.0;290.0;323.0;298.0;333.0;307.0;343.0;316.0;353.0;326.0;364.0;336.0;375.0;346.0;386.0;356.0;398.0;367.0;409.0;378.0;422.0;389.0;434.0;401.0;447.0;413.0;454.0;419.0;461.0;426.0;468.0;432.0;475.0;438.0;482.0;445.0;489.0;452.0;497.0;458.0;504.0;465.0;512.0;472.0;519.0;479.0;527.0;487.0;535.0;494.0;543.0;501.0;551.0;509.0;560.0;517.0;568.0;524.0;577.0;532.0;585.0;540.0;594.0;548.0;603.0;556.0;612.0;565.0;621.0;573.0;630.0;582.0;640.0;591.0;650;600
SMF;Sacramento;38.6954;-121.5907;3;43.0;56.0;46.0;59.0;48.0;63.0;51.0;67.0;54.0;71.0;58.0;75.0;61.0;80.0;65.0;85.0;69.0;90.0;73.0;95.0;77.0;101.0;82.0;107.0;87.0;113.0;92.0;120.0;98.0;127.0;104.0;135.0;110.0;143.0;117.0;152.0;124.0;161.0;131.0;171.0;139.0;181.0;147.0;192.0;156.0;203.0;166.0;216.0;176.0;229.0;186.0;242.0;198.0;257.0;209.0;272.0;222.0;289.0;235.0;306.0;250.0;325.0;255.0;331.0;260.0;338.0;265.0;344.0;270.0;351.0;276.0;358.0;281.0;366.0;287.0;373.0;292.0;380.0;298.0;388.0;304.0;396.0;310.0;404.0;317.0;412.0;323.0;420.0;329.0;428.0;336.0;437.0;343.0;446.0;350.0;455.0;357.0;464.0;364.0;473.0;371.0;482.0;378.0;492.0;386.0;502.0;394.0;512.0;402.0;522.0;410.0;533.0;418.0;543.0;426.0;554.0;435.0;565.0;443.0;577.0;452.0;588.0;461.0;600.0;471.0;612.0;480.0;624.0;490.0;637.0;500;650
SJC;San Jose (USA);37.3627;-121.929;3;34.0;74.0;36.0;78.0;39.0;83.0;41.0;88.0;43.0;93.0;46.0;99.0;49.0;104.0;52.0;111.0;55.0;117.0;58.0;125.0;62.0;132.0;66.0;140.0;70.0;148.0;74.0;157.0;78.0;167.0;83.0;177.0;88.0;187.0;93.0;199.0;99.0;211.0;105.0;223.0;111.0;237.0;118.0;251.0;125.0;266.0;133.0;282.0;140.0;299.0;149.0;317.0;158.0;336.0;167.0;356.0;178.0;378.0;188.0;400.0;200.0;425.0;204.0;433.0;208.0;442.0;212.0;451.0;216.0;460.0;220.0;469.0;225.0;478.0;229.0;488.0;234.0;497.0;239.0;507.0;243.0;518.0;248.0;528.0;253.0;539.0;258.0;549.0;263.0;560.0;269.0;572.0;274.0;583.0;280.0;595.0;285.0;607.0;291.0;619.0;297.0;631.0;303.0;644.0;309.0;657.0;315.0;670.0;321.0;683.0;328.0;697.0;334.0;711.0;341.0;725.0;348.0;739.0;355.0;754.0;362.0;769.0;369.0;785.0;376.0;800.0;384.0;816.0;392.0;833.0;400;850
YYC;Calgary;51.1138;-114.0196;4;52.0;65.0;55.0;69.0;58.0;73.0;62.0;77.0;65.0;82.0;69.0;87.0;74.0;92.0;78.0;98.0;83.0;104.0;88.0;110.0;93.0;116.0;99.0;123.0;105.0;131.0;111.0;139.0;118.0;147.0;125.0;156.0;132.0;165.0;140.0;175.0;149.0;186.0;158.0;197.0;167.0;209.0;177.0;221.0;188.0;235.0;199.0;249.0;211.0;264.0;224.0;280.0;237.0;297.0;251.0;314.0;267.0;333.0;283.0;353.0;300.0;375.0;306.0;382.0;312.0;390.0;318.0;397.0;324.0;405.0;331.0;414.0;337.0;422.0;344.0;430.0;351.0;439.0;358.0;448.0;365.0;457.0;373.0;466.0;380.0;475.0;388.0;485.0;395.0;494.0;403.0;504.0;411.0;514.0;420.0;525.0;428.0;535.0;437.0;546.0;445.0;557.0;454.0;568.0;463.0;579.0;473.0;591.0;482.0;603.0;492.0;615.0;502.0;627.0;512.0;640.0;522.0;652.0;532.0;665.0;543.0;679.0;554.0;692.0;565.0;706.0;576.0;720.0;588.0;735.0;600;750
YEG;Edmonton;53.3097;-113.5797;3;39.0;56.0;41.0;59.0;44.0;63.0;46.0;67.0;49.0;71.0;52.0;75.0;55.0;80.0;58.0;85.0;62.0;90.0;66.0;95.0;70.0;101.0;74.0;107.0;78.0;113.0;83.0;120.0;88.0;127.0;93.0;135.0;99.0;143.0;105.0;152.0;111.0;161.0;118.0;171.0;125.0;181.0;133.0;192.0;141.0;203.0;149.0;216.0;158.0;229.0;168.0;242.0;178.0;257.0;188.0;272.0;200.0;289.0;212.0;306.0;225.0;325.0;229.0;331.0;234.0;338.0;238.0;344.0;243.0;351.0;248.0;358.0;253.0;366.0;258.0;373.0;263.0;380.0;268.0;388.0;274.0;396.0;279.0;404.0;285.0;412.0;291.0;420.0;296.0;428.0;302.0;437.0;308.0;446.0;315.0;455.0;321.0;464.0;327.0;473.0;334.0;482.0;341.0;492.0;347.0;502.0;354.0;512.0;361.0;522.0;369.0;533.0;376.0;543.0;384.0;554.0;391.0;565.0;399.0;577.0;407.0;588.0;415.0;600.0;424.0;612.0;432.0;624.0;441.0;637.0;450;650
YOW;Ottawa;45.3225;-75.6691;3;79.0;100.0;83.0;105.0;87.0;110.0;91.0;116.0;96.0;122.0;100.0;128.0;106.0;134.0;111.0;141.0;116.0;148.0;122.0;156.0;128.0;163.0;135.0;172.0;142.0;180.0;149.0;189.0;156.0;199.0;164.0;209.0;172.0;219.0;181.0;230.0;190.0;242.0;199.0;254.0;209.0;267.0;216.0;275.0;222.0;283.0;229.0;291.0;236.0;300.0;243.0;309.0;250.0;318.0;258.0;328.0;265.0;338.0;273.0;348.0;282.0;358.0;290.0;369.0;299.0;380.0;308.0;392.0;317.0;404.0;326.0;416.0;336.0;428.0;346.0;441.0;357.0;454.0;368.0;468.0;379.0;482.0;384.0;489.0;390.0;497.0;396.0;504.0;402.0;512.0;408.0;519.0;414.0;527.0;420.0;535.0;427.0;543.0;433.0;551.0;439.0;559.0;446.0;568.0;453.0;576.0;460.0;585.0;466.0;594.0;473.0;603.0;481.0;612.0;488.0;621.0;495.0;630.0;502.0;640.0;510.0;649.0;518.0;659.0;525.0;669.0;533.0;679.0;541.0;689.0;550;700
YHZ;Halifax;44.8808;-63.5086;3;86.0;71.0;90.0;75.0;95.0;79.0;99.0;83.0;104.0;87.0;110.0;91.0;115.0;96.0;121.0;101.0;127.0;106.0;133.0;111.0;140.0;117.0;147.0;122.0;154.0;129.0;162.0;135.0;170.0;142.0;179.0;149.0;188.0;156.0;197.0;164.0;207.0;173.0;218.0;181.0;228.0;190.0;235.0;196.0;242.0;202.0;250.0;208.0;257.0;214.0;265.0;221.0;273.0;227.0;281.0;234.0;290.0;241.0;298.0;248.0;307.0;256.0;316.0;264.0;326.0;272.0;336.0;280.0;346.0;288.0;356.0;297.0;367.0;306.0;378.0;315.0;389.0;324.0;401.0;334.0;413.0;344.0;419.0;349.0;426.0;355.0;432.0;360.0;438.0;365.0;445.0;371.0;452.0;376.0;458.0;382.0;465.0;388.0;472.0;394.0;479.0;399.0;487.0;405.0;494.0;412.0;501.0;418.0;509.0;424.0;517.0;430.0;524.0;437.0;532.0;443.0;540.0;450.0;548.0;457.0;556.0;464.0;565.0;471.0;573.0;478.0;582.0;485.0;591.0;492.0;600;500
YWG;Winnipeg;49.9099;-97.2399;3;57.0;79.0;60.0;83.0;63.0;87.0;66.0;91.0;69.0;96.0;73.0;100.0;77.0;106.0;80.0;111.0;84.0;116.0;89.0;122.0;93.0;128.0;98.0;135.0;103.0;142.0;108.0;149.0;113.0;156.0;119.0;164.0;125.0;172.0;131.0;181.0;138.0;190.0;145.0;199.0;152.0;209.0;157.0;216.0;161.0;222.0;166.0;229.0;171.0;236.0;176.0;243.0;182.0;250.0;187.0;258.0;193.0;265.0;199.0;273.0;205.0;282.0;211.0;290.0;217.0;299.0;224.0;308.0;230.0;317.0;237.0;326.0;244.0;336.0;252.0;346.0;259.0;357.0;267.0;368.0;275.0;379.0;279.0;384.0;284.0;390.0;288.0;396.0;292.0;402.0;296.0;408.0;301.0;414.0;305.0;420.0;310.0;427.0;315.0;433.0;319.0;439.0;324.0;446.0;329.0;453.0;334.0;460.0;339.0;466.0;344.0;473.0;349.0;481.0;355.0;488.0;360.0;495.0;365.0;502.0;371.0;510.0;376.0;518.0;382.0;525.0;388.0;533.0;394.0;541.0;400;550
BLL;Billund;55.7403;9.1517;2;75.0;43.0;80.0;45.0;84.0;48.0;90.0;51.0;95.0;54.0;101.0;57.0;107.0;61.0;113.0;64.0;120.0;68.0;127.0;72.0;135.0;77.0;143.0;82.0;152.0;86.0;161.0;92.0;170.0;97.0;181.0;103.0;192.0;109.0;203.0;116.0;215.0;123.0;228.0;130.0;242.0;138.0;250.0;143.0;259.0;148.0;268.0;153.0;278.0;158.0;287.0;164.0;298.0;170.0;308.0;176.0;319.0;182.0;330.0;188.0;342.0;195.0;353.0;202.0;366.0;209.0;379.0;216.0;392.0;224.0;406.0;232.0;420.0;240.0;435.0;248.0;450.0;257.0;466.0;266.0;482.0;275.0;489.0;279.0;497.0;284.0;504.0;288.0;512.0;292.0;519.0;296.0;527.0;301.0;535.0;305.0;543.0;310.0;551.0;315.0;559.0;319.0;568.0;324.0;576.0;329.0;585.0;334.0;594.0;339.0;603.0;344.0;612.0;349.0;621.0;355.0;630.0;360.0;640.0;365.0;649.0;371.0;659.0;376.0;669.0;382.0;679.0;388.0;689.0;394.0;700;400
GOT;Göteborg;57.6611;12.2798;3;59.0;70.0;62.0;74.0;66.0;78.0;70.0;83.0;74.0;88.0;79.0;93.0;84.0;99.0;89.0;105.0;94.0;111.0;100.0;118.0;106.0;125.0;112.0;133.0;119.0;141.0;126.0;149.0;134.0;158.0;142.0;168.0;150.0;178.0;159.0;189.0;169.0;200.0;179.0;212.0;190.0;225.0;197.0;233.0;204.0;241.0;211.0;249.0;218.0;258.0;226.0;267.0;234.0;276.0;242.0;286.0;250.0;296.0;259.0;306.0;268.0;317.0;278.0;328.0;287.0;340.0;297.0;352.0;308.0;364.0;319.0;377.0;330.0;390.0;341.0;404.0;353.0;418.0;366.0;432.0;379.0;447.0;384.0;454.0;390.0;461.0;396.0;468.0;402.0;475.0;408.0;482.0;414.0;489.0;420.0;497.0;427.0;504.0;433.0;512.0;439.0;519.0;446.0;527.0;453.0;535.0;460.0;543.0;466.0;551.0;473.0;560.0;481.0;568.0;488.0;577.0;495.0;585.0;502.0;594.0;510.0;603.0;518.0;612.0;525.0;621.0;533.0;630.0;541.0;640.0;550;650
BGO;Bergen;60.2933;5.2181;3;70.0;54.0;74.0;57.0;78.0;60.0;83.0;64.0;88.0;68.0;93.0;72.0;99.0;76.0;105.0;81.0;111.0;86.0;118.0;91.0;125.0;96.0;133.0;102.0;141.0;108.0;149.0;115.0;158.0;122.0;168.0;129.0;178.0;137.0;189.0;145.0;200.0;154.0;212.0;163.0;225.0;173.0;233.0;179.0;241.0;185.0;249.0;192.0;258.0;198.0;267.0;205.0;276.0;212.0;286.0;220.0;296.0;228.0;306.0;236.0;317.0;244.0;328.0;252.0;340.0;261.0;352.0;270.0;364.0;280.0;377.0;290.0;390.0;300.0;404.0;310.0;418.0;321.0;432.0;332.0;447.0;344.0;454.0;349.0;461.0;355.0;468.0;360.0;475.0;365.0;482.0;371.0;489.0;376.0;497.0;382.0;504.0;388.0;512.0;394.0;519.0;399.0;527.0;405.0;535.0;412.0;543.0;418.0;551.0;424.0;560.0;430.0;568.0;437.0;577.0;443.0;585.0;450.0;594.0;457.0;603.0;464.0;612.0;471.0;621.0;478.0;630.0;485.0;640.0;492.0;650;500
TRD;Trondheim;63.4575;10.9242;2;48.0;43.0;51.0;45.0;54.0;48.0;57.0;51.0;61.0;54.0;65.0;57.0;68.0;61.0;73.0;64.0;77.0;68.0;82.0;72.0;87.0;77.0;92.0;82.0;97.0;86.0;103.0;92.0;109.0;97.0;116.0;103.0;123.0;109.0;130.0;116.0;138.0;123.0;147.0;130.0;155.0;138.0;161.0;143.0;166.0;148.0;172.0;153.0;178.0;158.0;185.0;164.0;191.0;170.0;198.0;176.0;205.0;182.0;212.0;188.0;219.0;195.0;227.0;202.0;235.0;209.0;243.0;216.0;252.0;224.0;261.0;232.0;270.0;240.0;279.0;248.0;289.0;257.0;299.0;266.0;310.0;275.0;314.0;279.0;319.0;284.0;324.0;288.0;329.0;292.0;334.0;296.0;339.0;301.0;344.0;305.0;349.0;310.0;354.0;315.0;359.0;319.0;365.0;324.0;370.0;329.0;376.0;334.0;382.0;339.0;387.0;344.0;393.0;349.0;399.0;355.0;405.0;360.0;411.0;365.0;417.0;371.0;423.0;376.0;430.0;382.0;436.0;388.0;443.0;394.0;450;400
RIX;Riga;56.9236;23.9711;3;104.0;95.0;108.0;99.0;113.0;103.0;117.0;107.0;122.0;112.0;127.0;116.0;132.0;121.0;137.0;126.0;143.0;131.0;148.0;136.0;154.0;142.0;161.0;147.0;167.0;153.0;174.0;159.0;181.0;166.0;188.0;172.0;196.0;179.0;203.0;186.0;212.0;194.0;220.0;202.0;229.0;210.0;238.0;218.0;248.0;227.0;257.0;236.0;268.0;245.0;278.0;255.0;290.0;265.0;301.0;276.0;313.0;287.0;326.0;299.0;339.0;311.0;312.0;286.0;287.0;263.0;264.0;242.0;243.0;222.0;223.0;205.0;205.0;188.0;216.0;198.0;226.0;208.0;238.0;218.0;250.0;229.0;262.0;240.0;275.0;252.0;289.0;265.0;304.0;278.0;319.0;292.0;335.0;307.0;352.0;322.0;369.0;338.0;388.0;355.0;407.0;373.0;427.0;392.0;449.0;411.0;471.0;432.0;495.0;454.0;520.0;476.0;546.0;500.0;573.0;525.0;602.0;551.0;632.0;579.0;663.0;608.0;650.0;596.0;637.0;584.0;624.0;572.0;612.0;561.0;600;550
TLL;Tallinn;59.4133;24.8328;2;113.0;104.0;117.0;108.0;122.0;113.0;127.0;117.0;132.0;122.0;137.0;127.0;143.0;132.0;149.0;137.0;155.0;143.0;161.0;148.0;167.0;154.0;174.0;161.0;181.0;167.0;188.0;174.0;196.0;181.0;204.0;188.0;212.0;196.0;220.0;203.0;229.0;212.0;238.0;220.0;248.0;229.0;258.0;238.0;268.0;248.0;279.0;257.0;290.0;268.0;302.0;278.0;314.0;290.0;326.0;301.0;339.0;313.0;353.0;326.0;367.0;339.0;338.0;312.0;311.0;287.0;286.0;264.0;263.0;243.0;242.0;223.0;222.0;205.0;234.0;216.0;245.0;226.0;258.0;238.0;271.0;250.0;284.0;262.0;298.0;275.0;313.0;289.0;329.0;304.0;345.0;319.0;363.0;335.0;381.0;352.0;400.0;369.0;420.0;388.0;441.0;407.0;463.0;427.0;486.0;449.0;511.0;471.0;536.0;495.0;563.0;520.0;591.0;546.0;621.0;573.0;652.0;602.0;684.0;632.0;719.0;663.0;704.0;650.0;690.0;637.0;676.0;624.0;663.0;612.0;650;600
VNO;Vilnius;54.6341;25.2858;2;95.0;87.0;99.0;90.0;103.0;94.0;107.0;98.0;112.0;102.0;116.0;106.0;121.0;110.0;126.0;114.0;131.0;119.0;136.0;124.0;142.0;129.0;147.0;134.0;153.0;139.0;159.0;145.0;166.0;151.0;172.0;157.0;179.0;163.0;186.0;169.0;194.0;176.0;202.0;183.0;210.0;191.0;218.0;198.0;227.0;206.0;236.0;214.0;245.0;223.0;255.0;232.0;265.0;241.0;276.0;251.0;287.0;261.0;299.0;271.0;311.0;282.0;286.0;260.0;263.0;239.0;242.0;220.0;222.0;202.0;205.0;186.0;188.0;171.0;198.0;180.0;208.0;189.0;218.0;198.0;229.0;208.0;240.0;218.0;252.0;229.0;265.0;241.0;278.0;253.0;292.0;266.0;307.0;279.0;322.0;293.0;338.0;308.0;355.0;323.0;373.0;339.0;392.0;356.0;411.0;374.0;432.0;393.0;454.0;412.0;476.0;433.0;500.0;455.0;525.0;477.0;551.0;501.0;579.0;526.0;608.0;553.0;596.0;542.0;584.0;531.0;572.0;520.0;561.0;510.0;550;500
MSQ;Minsk;53.8825;28.0307;2;69.0;78.0;72.0;81.0;75.0;84.0;78.0;88.0;81.0;91.0;84.0;95.0;88.0;99.0;91.0;103.0;95.0;107.0;99.0;111.0;103.0;116.0;107.0;120.0;111.0;125.0;116.0;130.0;120.0;135.0;125.0;141.0;130.0;147.0;135.0;152.0;141.0;159.0;146.0;165.0;152.0;171.0;158.0;178.0;165.0;186.0;171.0;193.0;178.0;201.0;185.0;209.0;193.0;217.0;201.0;226.0;209.0;235.0;217.0;244.0;226.0;254.0;208.0;234.0;191.0;215.0;176.0;198.0;162.0;182.0;149.0;167.0;137.0;154.0;144.0;162.0;151.0;170.0;158.0;178.0;166.0;187.0;175.0;197.0;183.0;206.0;193.0;217.0;202.0;228.0;212.0;239.0;223.0;251.0;234.0;264.0;246.0;277.0;258.0;291.0;271.0;305.0;285.0;320.0;299.0;336.0;314.0;353.0;330.0;371.0;346.0;390.0;364.0;409.0;382.0;430.0;401.0;451.0;421.0;474.0;442.0;497.0;433.0;487.0;424.0;478.0;416.0;468.0;408.0;459.0;400;450
KBP;Kiew;50.345;30.8947;3;87.0;95.0;90.0;99.0;94.0;103.0;98.0;107.0;102.0;112.0;106.0;116.0;110.0;121.0;114.0;126.0;119.0;131.0;124.0;136.0;129.0;142.0;134.0;147.0;139.0;153.0;145.0;159.0;151.0;166.0;157.0;172.0;163.0;179.0;169.0;186.0;176.0;194.0;183.0;202.0;191.0;210.0;198.0;218.0;206.0;227.0;214.0;236.0;223.0;245.0;232.0;255.0;241.0;265.0;251.0;276.0;261.0;287.0;271.0;299.0;282.0;311.0;260.0;286.0;239.0;263.0;220.0;242.0;202.0;222.0;186.0;205.0;171.0;188.0;180.0;198.0;189.0;208.0;198.0;218.0;208.0;229.0;218.0;240.0;229.0;252.0;241.0;265.0;253.0;278.0;266.0;292.0;279.0;307.0;293.0;322.0;308.0;338.0;323.0;355.0;339.0;373.0;356.0;392.0;374.0;411.0;393.0;432.0;412.0;454.0;433.0;476.0;455.0;500.0;477.0;525.0;501.0;551.0;526.0;579.0;553.0;608.0;542.0;596.0;531.0;584.0;520.0;572.0;510.0;561.0;500;550
SOF;Sofia;42.6966;23.4114;3;104.0;113.0;108.0;117.0;113.0;122.0;117.0;127.0;122.0;132.0;127.0;137.0;132.0;143.0;137.0;149.0;143.0;155.0;148.0;161.0;154.0;167.0;161.0;174.0;167.0;181.0;174.0;188.0;181.0;196.0;188.0;204.0;196.0;212.0;203.0;220.0;212.0;229.0;220.0;238.0;229.0;248.0;238.0;258.0;248.0;268.0;257.0;279.0;268.0;290.0;278.0;302.0;290.0;314.0;301.0;326.0;313.0;339.0;326.0;353.0;339.0;367.0;312.0;338.0;287.0;311.0;264.0;286.0;243.0;263.0;223.0;242.0;205.0;222.0;216.0;234.0;226.0;245.0;238.0;258.0;250.0;271.0;262.0;284.0;275.0;298.0;289.0;313.0;304.0;329.0;319.0;345.0;335.0;363.0;352.0;381.0;369.0;400.0;388.0;420.0;407.0;441.0;427.0;463.0;449.0;486.0;471.0;511.0;495.0;536.0;520.0;563.0;546.0;591.0;573.0;621.0;602.0;652.0;632.0;684.0;663.0;719.0;650.0;704.0;637.0;690.0;624.0;676.0;612.0;663.0;600;650
BEG;Belgrad;44.8184;20.3091;3;113.0;104.0;117.0;108.0;122.0;113.0;127.0;117.0;132.0;122.0;137.0;127.0;143.0;132.0;149.0;137.0;155.0;143.0;161.0;148.0;167.0;154.0;174.0;161.0;181.0;167.0;188.0;174.0;196.0;181.0;204.0;188.0;212.0;196.0;220.0;203.0;229.0;212.0;238.0;220.0;248.0;229.0;258.0;238.0;268.0;248.0;279.0;257.0;290.0;268.0;302.0;278.0;314.0;290.0;326.0;301.0;339.0;313.0;353.0;326.0;367.0;339.0;338.0;312.0;311.0;287.0;286.0;264.0;263.0;243.0;242.0;223.0;222.0;205.0;234.0;216.0;245.0;226.0;258.0;238.0;271.0;250.0;284.0;262.0;298.0;275.0;313.0;289.0;329.0;304.0;345.0;319.0;363.0;335.0;381.0;352.0;400.0;369.0;420.0;388.0;441.0;407.0;463.0;427.0;486.0;449.0;511.0;471.0;536.0;495.0;563.0;520.0;591.0;546.0;621.0;573.0;652.0;602.0;684.0;632.0;719.0;663.0;704.0;650.0;690.0;637.0;676.0;624.0;663.0;612.0;650;600
ZAG;Zagreb;45.7429;16.0687;3;122.0;95.0;126.0;99.0;132.0;103.0;137.0;107.0;142.0;112.0;148.0;116.0;154.0;121.0;160.0;126.0;167.0;131.0;173.0;136.0;180.0;142.0;187.0;147.0;195.0;153.0;203.0;159.0;211.0;166.0;219.0;172.0;228.0;179.0;237.0;186.0;247.0;194.0;257.0;202.0;267.0;210.0;278.0;218.0;289.0;227.0;300.0;236.0;312.0;245.0;325.0;255.0;338.0;265.0;352.0;276.0;366.0;287.0;380.0;299.0;396.0;311.0;364.0;286.0;335.0;263.0;308.0;242.0;283.0;222.0;260.0;205.0;240.0;188.0;252.0;198.0;264.0;208.0;277.0;218.0;291.0;229.0;306.0;240.0;321.0;252.0;337.0;265.0;354.0;278.0;372.0;292.0;391.0;307.0;410.0;322.0;431.0;338.0;452.0;355.0;475.0;373.0;499.0;392.0;524.0;411.0;550.0;432.0;577.0;454.0;606.0;476.0;637.0;500.0;668.0;525.0;702.0;551.0;737.0;579.0;774.0;608.0;758.0;596.0;743.0;584.0;728.0;572.0;714.0;561.0;700;550
LJU;Ljubljana;46.2237;14.4576;2;104.0;87.0;108.0;90.0;113.0;94.0;117.0;98.0;122.0;102.0;127.0;106.0;132.0;110.0;137.0;114.0;143.0;119.0;148.0;124.0;154.0;129.0;161.0;134.0;167.0;139.0;174.0;145.0;181.0;151.0;188.0;157.0;196.0;163.0;203.0;169.0;212.0;176.0;220.0;183.0;229.0;191.0;238.0;198.0;248.0;206.0;257.0;214.0;268.0;223.0;278.0;232.0;290.0;241.0;301.0;251.0;313.0;261.0;326.0;271.0;339.0;282.0;312.0;260.0;287.0;239.0;264.0;220.0;243.0;202.0;223.0;186.0;205.0;171.0;216.0;180.0;226.0;189.0;238.0;198.0;250.0;208.0;262.0;218.0;275.0;229.0;289.0;241.0;304.0;253.0;319.0;266.0;335.0;279.0;352.0;293.0;369.0;308.0;388.0;323.0;407.0;339.0;427.0;356.0;449.0;374.0;471.0;393.0;495.0;412.0;520.0;433.0;546.0;455.0;573.0;477.0;602.0;501.0;632.0;526.0;663.0;553.0;650.0;542.0;637.0;531.0;624.0;520.0;612.0;510.0;600;500
SJJ;Sarajevo;43.8246;18.3314;2;95.0;69.0;99.0;72.0;103.0;75.0;107.0;78.0;112.0;81.0;116.0;84.0;121.0;88.0;126.0;91.0;131.0;95.0;136.0;99.0;142.0;103.0;147.0;107.0;153.0;111.0;159.0;116.0;166.0;120.0;172.0;125.0;179.0;130.0;186.0;135.0;194.0;141.0;202.0;146.0;210.0;152.0;218.0;158.0;227.0;165.0;236.0;171.0;245.0;178.0;255.0;185.0;265.0;193.0;276.0;201.0;287.0;209.0;299.0;217.0;311.0;226.0;286.0;208.0;263.0;191.0;242.0;176.0;222.0;162.0;205.0;149.0;188.0;137.0;198.0;144.0;208.0;151.0;218.0;158.0;229.0;166.0;240.0;175.0;252.0;183.0;265.0;193.0;278.0;202.0;292.0;212.0;307.0;223.0;322.0;234.0;338.0;246.0;355.0;258.0;373.0;271.0;392.0;285.0;411.0;299.0;432.0;314.0;454.0;330.0;476.0;346.0;500.0;364.0;525.0;382.0;551.0;401.0;579.0;421.0;608.0;442.0;596.0;433.0;584.0;424.0;572.0;416.0;561.0;408.0;550;400
TIA;Tirana;41.4147;19.7205;2;113.0;78.0;117.0;81.0;122.0;84.0;127.0;88.0;132.0;91.0;137.0;95.0;143.0;99.0;149.0;103.0;155.0;107.0;161.0;111.0;167.0;116.0;174.0;120.0;181.0;125.0;188.0;130.0;196.0;135.0;204.0;141.0;212.0;147.0;220.0;152.0;229.0;159.0;238.0;165.0;248.0;171.0;258.0;178.0;268.0;186.0;279.0;193.0;290.0;201.0;302.0;209.0;314.0;217.0;326.0;226.0;339.0;235.0;353.0;244.0;367.0;254.0;338.0;234.0;311.0;215.0;286.0;198.0;263.0;182.0;242.0;167.0;222.0;154.0;234.0;162.0;245.0;170.0;258.0;178.0;271.0;187.0;284.0;197.0;298.0;206.0;313.0;217.0;329.0;228.0;345.0;239.0;363.0;251.0;381.0;264.0;400.0;277.0;420.0;291.0;441.0;305.0;463.0;320.0;486.0;336.0;511.0;353.0;536.0;371.0;563.0;390.0;591.0;409.0;621.0;430.0;652.0;451.0;684.0;474.0;719.0;497.0;704.0;487.0;690.0;478.0;676.0;468.0;663.0;459.0;650;450
SKP;Skopje;41.9616;21.6213;2;87.0;69.0;90.0;72.0;94.0;75.0;98.0;78.0;102.0;81.0;106.0;84.0;110.0;88.0;114.0;91.0;119.0;95.0;124.0;99.0;129.0;103.0;134.0;107.0;139.0;111.0;145.0;116.0;151.0;120.0;157.0;125.0;163.0;130.0;169.0;135.0;176.0;141.0;183.0;146.0;191.0;152.0;198.0;158.0;206.0;165.0;214.0;171.0;223.0;178.0;232.0;185.0;241.0;193.0;251.0;201.0;261.0;209.0;271.0;217.0;282.0;226.0;260.0;208.0;239.0;191.0;220.0;176.0;202.0;162.0;186.0;149.0;171.0;137.0;180.0;144.0;189.0;151.0;198.0;158.0;208.0;166.0;218.0;175.0;229.0;183.0;241.0;193.0;253.0;202.0;266.0;212.0;279.0;223.0;293.0;234.0;308.0;246.0;323.0;258.0;339.0;271.0;356.0;285.0;374.0;299.0;393.0;314.0;412.0;330.0;433.0;346.0;455.0;364.0;477.0;382.0;501.0;401.0;526.0;421.0;553.0;442.0;542.0;433.0;531.0;424.0;520.0;416.0;510.0;408.0;500;400
KIV;Chisinau;46.9277;28.9306;2;78.0;61.0;81.0;63.0;84.0;66.0;88.0;68.0;91.0;71.0;95.0;74.0;99.0;77.0;103.0;80.0;107.0;83.0;111.0;86.0;116.0;90.0;120.0;93.0;125.0;97.0;130.0;101.0;135.0;105.0;141.0;109.0;147.0;114.0;152.0;118.0;159.0;123.0;165.0;128.0;171.0;133.0;178.0;139.0;186.0;144.0;193.0;150.0;201.0;156.0;209.0;162.0;217.0;169.0;226.0;176.0;235.0;183.0;244.0;190.0;254.0;198.0;234.0;182.0;215.0;167.0;198.0;154.0;182.0;141.0;167.0;130.0;154.0;120.0;162.0;126.0;170.0;132.0;178.0;138.0;187.0;145.0;197.0;153.0;206.0;160.0;217.0;168.0;228.0;177.0;239.0;186.0;251.0;195.0;264.0;205.0;277.0;215.0;291.0;226.0;305.0;237.0;320.0;249.0;336.0;262.0;353.0;275.0;371.0;288.0;390.0;303.0;409.0;318.0;430.0;334.0;451.0;351.0;474.0;368.0;497.0;387.0;487.0;379.0;478.0;371.0;468.0;364.0;459.0;357.0;450;350
TBS;Tiflis;41.6691;44.9547;2;117.0;88.0;119.0;89.0;122.0;91.0;124.0;93.0;127.0;95.0;129.0;97.0;132.0;99.0;135.0;101.0;137.0;103.0;140.0;105.0;143.0;107.0;146.0;109.0;149.0;111.0;152.0;114.0;155.0;116.0;158.0;118.0;161.0;121.0;164.0;123.0;167.0;125.0;171.0;128.0;174.0;131.0;178.0;133.0;181.0;136.0;185.0;139.0;189.0;141.0;192.0;144.0;196.0;147.0;200.0;150.0;204.0;153.0;208.0;156.0;212.0;159.0;202.0;151.0;192.0;144.0;182.0;136.0;173.0;130.0;164.0;123.0;156.0;117.0;159.0;119.0;162.0;122.0;166.0;124.0;169.0;127.0;172.0;129.0;176.0;132.0;179.0;134.0;183.0;137.0;187.0;140.0;198.0;148.0;210.0;157.0;222.0;167.0;236.0;177.0;250.0;187.0;265.0;199.0;281.0;210.0;298.0;223.0;316.0;237.0;335.0;251.0;355.0;266.0;376.0;282.0;399.0;299.0;422.0;317.0;448.0;336.0;475.0;356.0;503.0;377.0;533.0;400.0;566.0;424.0;600;450
MLA;Malta;35.8575;14.4775;3;55.0;32.0;59.0;35.0;63.0;37.0;68.0;40.0;73.0;43.0;78.0;46.0;83.0;49.0;89.0;52.0;95.0;56.0;102.0;60.0;109.0;64.0;117.0;69.0;125.0;73.0;134.0;79.0;143.0;84.0;154.0;90.0;164.0;96.0;176.0;103.0;188.0;111.0;201.0;118.0;216.0;127.0;231.0;135.0;247.0;145.0;264.0;155.0;283.0;166.0;303.0;178.0;324.0;190.0;346.0;204.0;371.0;218.0;397.0;233.0;425.0;250.0;433.0;255.0;442.0;260.0;451.0;265.0;460.0;270.0;469.0;276.0;478.0;281.0;488.0;287.0;497.0;292.0;507.0;298.0;518.0;304.0;528.0;310.0;539.0;317.0;549.0;323.0;560.0;329.0;572.0;336.0;583.0;343.0;595.0;350.0;607.0;357.0;619.0;364.0;631.0;371.0;644.0;378.0;657.0;386.0;670.0;394.0;683.0;402.0;697.0;410.0;711.0;418.0;725.0;426.0;739.0;435.0;754.0;443.0;769.0;452.0;785.0;461.0;800.0;471.0;816.0;480.0;833.0;490.0;850;500
LCA;Larnaca;34.8751;33.6248;3;52.0;29.0;56.0;31.0;60.0;33.0;64.0;36.0;68.0;38.0;73.0;41.0;78.0;44.0;84.0;47.0;90.0;50.0;96.0;54.0;103.0;58.0;110.0;62.0;118.0;66.0;126.0;71.0;135.0;76.0;144.0;81.0;155.0;87.0;165.0;93.0;177.0;99.0;190.0;106.0;203.0;114.0;217.0;122.0;232.0;130.0;249.0;140.0;266.0;149.0;285.0;160.0;305.0;171.0;326.0;183.0;349.0;196.0;373.0;210.0;400.0;225.0;408.0;229.0;416.0;234.0;424.0;238.0;432.0;243.0;441.0;248.0;450.0;253.0;459.0;258.0;468.0;263.0;478.0;268.0;487.0;274.0;497.0;279.0;507.0;285.0;517.0;291.0;527.0;296.0;538.0;302.0;549.0;308.0;560.0;315.0;571.0;321.0;582.0;327.0;594.0;334.0;606.0;341.0;618.0;347.0;630.0;354.0;643.0;361.0;656.0;369.0;669.0;376.0;682.0;384.0;696.0;391.0;710.0;399.0;724.0;407.0;739.0;415.0;753.0;424.0;768.0;432.0;784.0;441.0;800;450
PMI;Palma de Mallorca;39.5516;2.7388;4;64.0;13.0;68.0;14.0;73.0;15.0;78.0;16.0;84.0;17.0;90.0;18.0;96.0;19.0;103.0;21.0;110.0;22.0;118.0;24.0;126.0;25.0;135.0;27.0;144.0;29.0;155.0;31.0;165.0;33.0;177.0;36.0;190.0;38.0;203.0;41.0;217.0;44.0;232.0;47.0;249.0;50.0;266.0;54.0;285.0;58.0;305.0;62.0;326.0;66.0;349.0;71.0;373.0;76.0;400.0;81.0;428.0;87.0;457.0;93.0;490.0;100.0;499.0;102.0;509.0;104.0;520.0;106.0;530.0;108.0;541.0;110.0;551.0;112.0;562.0;114.0;574.0;117.0;585.0;119.0;597.0;121.0;609.0;124.0;621.0;126.0;633.0;129.0;646.0;131.0;659.0;134.0;672.0;137.0;686.0;140.0;699.0;142.0;713.0;145.0;728.0;148.0;742.0;151.0;757.0;154.0;772.0;157.0;788.0;160.0;803.0;164.0;820.0;167.0;836.0;170.0;853.0;174.0;870.0;177.0;887.0;181.0;905.0;184.0;923.0;188.0;941.0;192.0;960.0;196.0;980;200
ALC;Alicante;38.2821;-0.5581;4;62.0;19.0;66.0;21.0;71.0;22.0;76.0;24.0;81.0;25.0;87.0;27.0;93.0;29.0;100.0;31.0;107.0;33.0;114.0;36.0;122.0;38.0;131.0;41.0;140.0;44.0;150.0;47.0;160.0;50.0;172.0;54.0;184.0;58.0;197.0;62.0;210.0;66.0;225.0;71.0;241.0;76.0;258.0;81.0;276.0;87.0;295.0;93.0;316.0;99.0;338.0;106.0;362.0;114.0;387.0;122.0;414.0;131.0;443.0;140.0;475.0;150.0;484.0;153.0;494.0;156.0;504.0;159.0;514.0;162.0;524.0;165.0;534.0;168.0;545.0;172.0;556.0;175.0;567.0;179.0;579.0;182.0;590.0;186.0;602.0;190.0;614.0;194.0;626.0;197.0;639.0;201.0;652.0;205.0;665.0;210.0;678.0;214.0;692.0;218.0;705.0;222.0;719.0;227.0;734.0;231.0;749.0;236.0;764.0;241.0;779.0;246.0;794.0;251.0;810.0;256.0;827.0;261.0;843.0;266.0;860.0;271.0;877.0;277.0;895.0;282.0;913.0;288.0;931.0;294.0;950;300
AGP;Malaga;36.6749;-4.4991;4;63.0;22.0;67.0;24.0;72.0;26.0;77.0;28.0;82.0;30.0;88.0;32.0;94.0;34.0;101.0;36.0;108.0;39.0;115.0;42.0;124.0;45.0;132.0;48.0;142.0;51.0;151.0;55.0;162.0;59.0;173.0;63.0;186.0;67.0;199.0;72.0;213.0;77.0;228.0;83.0;244.0;88.0;261.0;95.0;279.0;101.0;298.0;108.0;319.0;116.0;342.0;124.0;366.0;133.0;391.0;142.0;419.0;152.0;448.0;163.0;480.0;175.0;489.0;178.0;499.0;182.0;509.0;185.0;519.0;189.0;529.0;193.0;540.0;197.0;551.0;201.0;562.0;205.0;573.0;209.0;585.0;213.0;596.0;217.0;608.0;221.0;620.0;226.0;633.0;230.0;646.0;235.0;658.0;240.0;672.0;245.0;685.0;249.0;699.0;254.0;713.0;260.0;727.0;265.0;742.0;270.0;756.0;275.0;772.0;281.0;787.0;287.0;803.0;292.0;819.0;298.0;835.0;304.0;852.0;310.0;869.0;317.0;886.0;323.0;904.0;329.0;922.0;336.0;941.0;343.0;960;350
IBZ;Ibiza;38.8728;1.3731;3;65.0;6.0;69.0;7.0;74.0;7.0;79.0;8.0;85.0;8.0;91.0;9.0;97.0;9.0;104.0;10.0;111.0;11.0;119.0;12.0;127.0;12.0;136.0;13.0;146.0;14.0;156.0;15.0;167.0;16.0;179.0;18.0;191.0;19.0;205.0;20.0;219.0;22.0;235.0;23.0;251.0;25.0;269.0;27.0;288.0;29.0;308.0;31.0;329.0;33.0;352.0;35.0;377.0;38.0;404.0;40.0;432.0;43.0;462.0;46.0;495.0;50.0;504.0;51.0;515.0;52.0;525.0;53.0;535.0;54.0;546.0;55.0;557.0;56.0;568.0;57.0;580.0;58.0;591.0;59.0;603.0;60.0;615.0;62.0;627.0;63.0;640.0;64.0;653.0;65.0;666.0;67.0;679.0;68.0;693.0;70.0;707.0;71.0;721.0;72.0;735.0;74.0;750.0;75.0;765.0;77.0;780.0;78.0;796.0;80.0;812.0;82.0;828.0;83.0;844.0;85.0;861.0;87.0;879.0;88.0;896.0;90.0;914.0;92.0;932.0;94.0;951.0;96.0;970.0;98.0;990;100
TFS;Teneriffa;28.0444;-16.5724;4;62.0;9.0;66.0;10.0;71.0;11.0;76.0;12.0;81.0;12.0;87.0;13.0;93.0;14.0;100.0;15.0;107.0;16.0;114.0;18.0;122.0;19.0;131.0;20.0;140.0;22.0;150.0;23.0;160.0;25.0;172.0;27.0;184.0;29.0;197.0;31.0;210.0;33.0;225.0;35.0;241.0;38.0;258.0;40.0;276.0;43.0;295.0;46.0;316.0;49.0;338.0;53.0;362.0;57.0;387.0;61.0;414.0;65.0;443.0;70.0;475.0;75.0;484.0;76.0;494.0;78.0;504.0;79.0;514.0;81.0;524.0;82.0;534.0;84.0;545.0;86.0;556.0;87.0;567.0;89.0;579.0;91.0;590.0;93.0;602.0;95.0;614.0;97.0;626.0;98.0;639.0;100.0;652.0;102.0;665.0;105.0;678.0;107.0;692.0;109.0;705.0;111.0;719.0;113.0;734.0;115.0;749.0;118.0;764.0;120.0;779.0;123.0;794.0;125.0;810.0;128.0;827.0;130.0;843.0;133.0;860.0;135.0;877.0;138.0;895.0;141.0;913.0;144.0;931.0;147.0;950;150
LPA;Gran Canaria;27.9319;-15.3865;4;60.0;13.0;64.0;14.0;69.0;15.0;74.0;16.0;79.0;17.0;84.0;18.0;90.0;19.0;97.0;21.0;103.0;22.0;111.0;24.0;118.0;25.0;127.0;27.0;136.0;29.0;145.0;31.0;155.0;33.0;166.0;36.0;178.0;38.0;190.0;41.0;204.0;44.0;218.0;47.0;233.0;50.0;250.0;54.0;267.0;58.0;286.0;62.0;306.0;66.0;327.0;71.0;350.0;76.0;375.0;81.0;401.0;87.0;429.0;93.0;460.0;100.0;469.0;102.0;478.0;104.0;488.0;106.0;497.0;108.0;507.0;110.0;518.0;112.0;528.0;114.0;538.0;117.0;549.0;119.0;560.0;121.0;571.0;124.0;583.0;126.0;595.0;129.0;606.0;131.0;619.0;134.0;631.0;137.0;644.0;140.0;657.0;142.0;670.0;145.0;683.0;148.0;697.0;151.0;711.0;154.0;725.0;157.0;739.0;160.0;754.0;164.0;769.0;167.0;785.0;170.0;800.0;174.0;816.0;177.0;833.0;181.0;849.0;184.0;866.0;188.0;884.0;192.0;901.0;196.0;920;200
FNC;Funchal;32.6978;-16.7744;3;55.0;9.0;59.0;10.0;63.0;11.0;68.0;12.0;73.0;12.0;78.0;13.0;83.0;14.0;89.0;15.0;95.0;16.0;102.0;18.0;109.0;19.0;117.0;20.0;125.0;22.0;134.0;23.0;143.0;25.0;154.0;27.0;164.0;29.0;176.0;31.0;188.0;33.0;201.0;35.0;216.0;38.0;231.0;40.0;247.0;43.0;264.0;46.0;283.0;49.0;303.0;53.0;324.0;57.0;346.0;61.0;371.0;65.0;397.0;70.0;425.0;75.0;433.0;76.0;442.0;78.0;451.0;79.0;460.0;81.0;469.0;82.0;478.0;84.0;488.0;86.0;497.0;87.0;507.0;89.0;518.0;91.0;528.0;93.0;539.0;95.0;549.0;97.0;560.0;98.0;572.0;100.0;583.0;102.0;595.0;105.0;607.0;107.0;619.0;109.0;631.0;111.0;644.0;113.0;657.0;115.0;670.0;118.0;683.0;120.0;697.0;123.0;711.0;125.0;725.0;128.0;739.0;130.0;754.0;133.0;769.0;135.0;785.0;138.0;800.0;141.0;816.0;144.0;833.0;147.0;850;150
PDL;Ponta Delgada;37.7411;-25.6978;2;45.0;13.0;49.0;14.0;52.0;15.0;56.0;16.0;60.0;17.0;64.0;18.0;69.0;19.0;73.0;21.0;79.0;22.0;84.0;24.0;90.0;25.0;96.0;27.0;103.0;29.0;110.0;31.0;118.0;33.0;126.0;36.0;135.0;38.0;145.0;41.0;155.0;44.0;166.0;47.0;177.0;50.0;190.0;54.0;203.0;58.0;217.0;62.0;233.0;66.0;249.0;71.0;267.0;76.0;285.0;81.0;305.0;87.0;327.0;93.0;350.0;100.0;357.0;102.0;364.0;104.0;371.0;106.0;378.0;108.0;386.0;110.0;394.0;112.0;402.0;114.0;410.0;117.0;418.0;119.0;426.0;121.0;435.0;124.0;443.0;126.0;452.0;129.0;461.0;131.0;471.0;134.0;480.0;137.0;490.0;140.0;499.0;142.0;509.0;145.0;520.0;148.0;530.0;151.0;541.0;154.0;551.0;157.0;562.0;160.0;574.0;164.0;585.0;167.0;597.0;170.0;609.0;174.0;621.0;177.0;634.0;181.0;646.0;184.0;659.0;188.0;672.0;192.0;686.0;196.0;700;200
BLQ;Bologna;44.5354;11.2886;3;49.0;42.0;52.0;45.0;56.0;48.0;60.0;52.0;64.0;55.0;69.0;59.0;73.0;64.0;79.0;68.0;84.0;73.0;90.0;78.0;96.0;83.0;103.0;89.0;110.0;96.0;118.0;102.0;127.0;110.0;135.0;117.0;145.0;126.0;155.0;134.0;166.0;144.0;178.0;154.0;190.0;165.0;203.0;176.0;218.0;189.0;233.0;202.0;249.0;216.0;267.0;231.0;286.0;247.0;306.0;265.0;327.0;283.0;350.0;303.0;375.0;325.0;382.0;331.0;390.0;338.0;397.0;344.0;405.0;351.0;414.0;358.0;422.0;366.0;430.0;373.0;439.0;380.0;448.0;388.0;457.0;396.0;466.0;404.0;475.0;412.0;485.0;420.0;494.0;428.0;504.0;437.0;514.0;446.0;525.0;455.0;535.0;464.0;546.0;473.0;557.0;482.0;568.0;492.0;579.0;502.0;591.0;512.0;603.0;522.0;615.0;533.0;627.0;543.0;640.0;554.0;652.0;565.0;665.0;577.0;679.0;588.0;692.0;600.0;706.0;612.0;720.0;624.0;735.0;637.0;750;650
FLR;Florenz;43.8099;11.2051;2;55.0;32.0;59.0;35.0;63.0;37.0;68.0;40.0;73.0;43.0;78.0;46.0;83.0;49.0;89.0;52.0;95.0;56.0;102.0;60.0;109.0;64.0;117.0;69.0;125.0;73.0;134.0;79.0;143.0;84.0;154.0;90.0;164.0;96.0;176.0;103.0;188.0;111.0;201.0;118.0;216.0;127.0;231.0;135.0;247.0;145.0;264.0;155.0;283.0;166.0;303.0;178.0;324.0;190.0;346.0;204.0;371.0;218.0;397.0;233.0;425.0;250.0;433.0;255.0;442.0;260.0;451.0;265.0;460.0;270.0;469.0;276.0;478.0;281.0;488.0;287.0;497.0;292.0;507.0;298.0;518.0;304.0;528.0;310.0;539.0;317.0;549.0;323.0;560.0;329.0;572.0;336.0;583.0;343.0;595.0;350.0;607.0;357.0;619.0;364.0;631.0;371.0;644.0;378.0;657.0;386.0;670.0;394.0;683.0;402.0;697.0;410.0;711.0;418.0;725.0;426.0;739.0;435.0;754.0;443.0;769.0;452.0;785.0;461.0;800.0;471.0;816.0;480.0;833.0;490.0;850;500
PMO;Palermo;38.1759;13.091;3;49.0;29.0;52.0;31.0;56.0;33.0;60.0;36.0;64.0;38.0;69.0;41.0;73.0;44.0;79.0;47.0;84.0;50.0;90.0;54.0;96.0;58.0;103.0;62.0;110.0;66.0;118.0;71.0;127.0;76.0;135.0;81.0;145.0;87.0;155.0;93.0;166.0;99.0;178.0;106.0;190.0;114.0;203.0;122.0;218.0;130.0;233.0;140.0;249.0;149.0;267.0;160.0;286.0;171.0;306.0;183.0;327.0;196.0;350.0;210.0;375.0;225.0;382.0;229.0;390.0;234.0;397.0;238.0;405.0;243.0;414.0;248.0;422.0;253.0;430.0;258.0;439.0;263.0;448.0;268.0;457.0;274.0;466.0;279.0;475.0;285.0;485.0;291.0;494.0;296.0;504.0;302.0;514.0;308.0;525.0;315.0;535.0;321.0;546.0;327.0;557.0;334.0;568.0;341.0;579.0;347.0;591.0;354.0;603.0;361.0;615.0;369.0;627.0;376.0;640.0;384.0;652.0;391.0;665.0;399.0;679.0;407.0;692.0;415.0;706.0;424.0;720.0;432.0;735.0;441.0;750;450
CTA;Catania;37.4667;15.0664;3;52.0;26.0;56.0;28.0;60.0;30.0;64.0;32.0;68.0;34.0;73.0;36.0;78.0;39.0;84.0;42.0;90.0;45.0;96.0;48.0;103.0;51.0;110.0;55.0;118.0;59.0;126.0;63.0;135.0;67.0;144.0;72.0;155.0;77.0;165.0;82.0;177.0;88.0;190.0;95.0;203.0;101.0;217.0;108.0;232.0;116.0;249.0;124.0;266.0;133.0;285.0;142.0;305.0;152.0;326.0;163.0;349.0;174.0;373.0;186.0;400.0;200.0;408.0;204.0;416.0;208.0;424.0;212.0;432.0;216.0;441.0;220.0;450.0;225.0;459.0;229.0;468.0;234.0;478.0;239.0;487.0;243.0;497.0;248.0;507.0;253.0;517.0;258.0;527.0;263.0;538.0;269.0;549.0;274.0;560.0;280.0;571.0;285.0;582.0;291.0;594.0;297.0;606.0;303.0;618.0;309.0;630.0;315.0;643.0;321.0;656.0;328.0;669.0;334.0;682.0;341.0;696.0;348.0;710.0;355.0;724.0;362.0;739.0;369.0;753.0;376.0;768.0;384.0;784.0;392.0;800;400
CAG;Cagliari;39.2514;9.0525;3;45.0;22.0;49.0;24.0;52.0;26.0;56.0;28.0;60.0;30.0;64.0;32.0;69.0;34.0;73.0;36.0;79.0;39.0;84.0;42.0;90.0;45.0;96.0;48.0;103.0;51.0;110.0;55.0;118.0;59.0;126.0;63.0;135.0;67.0;145.0;72.0;155.0;77.0;166.0;83.0;177.0;88.0;190.0;95.0;203.0;101.0;217.0;108.0;233.0;116.0;249.0;124.0;267.0;133.0;285.0;142.0;305.0;152.0;327.0;163.0;350.0;175.0;357.0;178.0;364.0;182.0;371.0;185.0;378.0;189.0;386.0;193.0;394.0;197.0;402.0;201.0;410.0;205.0;418.0;209.0;426.0;213.0;435.0;217.0;443.0;221.0;452.0;226.0;461.0;230.0;471.0;235.0;480.0;240.0;490.0;245.0;499.0;249.0;509.0;254.0;520.0;260.0;530.0;265.0;541.0;270.0;551.0;275.0;562.0;281.0;574.0;287.0;585.0;292.0;597.0;298.0;609.0;304.0;621.0;310.0;634.0;317.0;646.0;323.0;659.0;329.0;672.0;336.0;686.0;343.0;700;350
MRS;Marseille;43.4361;5.215;3;86.0;64.0;91.0;68.0;97.0;72.0;102.0;77.0;109.0;81.0;115.0;86.0;122.0;91.0;129.0;97.0;137.0;103.0;145.0;109.0;154.0;116.0;164.0;123.0;173.0;130.0;184.0;138.0;195.0;146.0;207.0;155.0;219.0;164.0;232.0;174.0;246.0;184.0;261.0;196.0;277.0;207.0;286.0;215.0;296.0;222.0;307.0;230.0;317.0;238.0;329.0;246.0;340.0;255.0;352.0;264.0;364.0;273.0;377.0;283.0;390.0;293.0;404.0;303.0;418.0;314.0;433.0;325.0;448.0;336.0;464.0;348.0;480.0;360.0;497.0;372.0;514.0;386.0;532.0;399.0;551.0;413.0;559.0;419.0;568.0;426.0;576.0;432.0;585.0;438.0;593.0;445.0;602.0;452.0;611.0;458.0;621.0;465.0;630.0;472.0;639.0;479.0;649.0;487.0;659.0;494.0;669.0;501.0;679.0;509.0;689.0;517.0;699.0;524.0;710.0;532.0;720.0;540.0;731.0;548.0;742.0;556.0;753.0;565.0;765.0;573.0;776.0;582.0;788.0;591.0;800;600
TLS;Toulouse;43.629;1.3638;3;75.0;81.0;80.0;85.0;84.0;91.0;90.0;96.0;95.0;102.0;101.0;108.0;107.0;114.0;113.0;121.0;120.0;129.0;127.0;136.0;135.0;145.0;143.0;153.0;152.0;162.0;161.0;172.0;170.0;183.0;181.0;194.0;192.0;205.0;203.0;218.0;215.0;231.0;228.0;245.0;242.0;259.0;250.0;268.0;259.0;278.0;268.0;288.0;278.0;298.0;287.0;308.0;298.0;319.0;308.0;330.0;319.0;342.0;330.0;354.0;342.0;366.0;353.0;379.0;366.0;392.0;379.0;406.0;392.0;420.0;406.0;435.0;420.0;450.0;435.0;466.0;450.0;482.0;466.0;499.0;482.0;516.0;489.0;524.0;497.0;532.0;504.0;540.0;512.0;548.0;519.0;556.0;527.0;565.0;535.0;573.0;543.0;582.0;551.0;591.0;559.0;599.0;568.0;608.0;576.0;618.0;585.0;627.0;594.0;636.0;603.0;646.0;612.0;655.0;621.0;665.0;630.0;675.0;640.0;685.0;649.0;696.0;659.0;706.0;669.0;717.0;679.0;727.0;689.0;738.0;700;750
BOD;Bordeaux;44.8283;-0.7155;3;91.0;59.0;97.0;62.0;103.0;66.0;109.0;70.0;115.0;74.0;122.0;79.0;130.0;84.0;138.0;89.0;146.0;94.0;155.0;100.0;164.0;106.0;174.0;112.0;184.0;119.0;195.0;126.0;207.0;134.0;220.0;142.0;233.0;150.0;247.0;159.0;262.0;169.0;277.0;179.0;294.0;190.0;304.0;197.0;315.0;204.0;326.0;211.0;337.0;218.0;349.0;226.0;361.0;234.0;374.0;242.0;387.0;250.0;401.0;259.0;415.0;268.0;429.0;278.0;444.0;287.0;460.0;297.0;476.0;308.0;493.0;319.0;510.0;330.0;528.0;341.0;546.0;353.0;566.0;366.0;585.0;379.0;594.0;384.0;603.0;390.0;612.0;396.0;621.0;402.0;631.0;408.0;640.0;414.0;650.0;420.0;659.0;427.0;669.0;433.0;679.0;439.0;690.0;446.0;700.0;453.0;710.0;460.0;721.0;466.0;732.0;473.0;743.0;481.0;754.0;488.0;765.0;495.0;777.0;502.0;789.0;510.0;800.0;518.0;812.0;525.0;825.0;533.0;837.0;541.0;850;550
NTE;Nantes;47.1531;-1.6107;3;70.0;54.0;74.0;57.0;78.0;60.0;83.0;64.0;88.0;68.0;93.0;72.0;99.0;76.0;105.0;81.0;111.0;86.0;118.0;91.0;125.0;96.0;133.0;102.0;141.0;108.0;149.0;115.0;158.0;122.0;168.0;129.0;178.0;137.0;189.0;145.0;200.0;154.0;212.0;163.0;225.0;173.0;233.0;179.0;241.0;185.0;249.0;192.0;258.0;198.0;267.0;205.0;276.0;212.0;286.0;220.0;296.0;228.0;306.0;236.0;317.0;244.0;328.0;252.0;340.0;261.0;352.0;270.0;364.0;280.0;377.0;290.0;390.0;300.0;404.0;310.0;418.0;321.0;432.0;332.0;447.0;344.0;454.0;349.0;461.0;355.0;468.0;360.0;475.0;365.0;482.0;371.0;489.0;376.0;497.0;382.0;504.0;388.0;512.0;394.0;519.0;399.0;527.0;405.0;535.0;412.0;543.0;418.0;551.0;424.0;560.0;430.0;568.0;437.0;577.0;443.0;585.0;450.0;594.0;457.0;603.0;464.0;612.0;471.0;621.0;478.0;630.0;485.0;640.0;492.0;650;500
LIL;Lille;50.5619;3.1072;2;59.0;64.0;62.0;68.0;66.0;72.0;70.0;77.0;74.0;81.0;79.0;86.0;84.0;91.0;89.0;97.0;94.0;103.0;100.0;109.0;106.0;116.0;112.0;123.0;119.0;130.0;126.0;138.0;134.0;146.0;142.0;155.0;150.0;164.0;159.0;174.0;169.0;184.0;179.0;196.0;190.0;207.0;197.0;215.0;204.0;222.0;211.0;230.0;218.0;238.0;226.0;246.0;234.0;255.0;242.0;264.0;250.0;273.0;259.0;283.0;268.0;293.0;278.0;303.0;287.0;314.0;297.0;325.0;308.0;336.0;319.0;348.0;330.0;360.0;341.0;372.0;353.0;386.0;366.0;399.0;379.0;413.0;384.0;419.0;390.0;426.0;396.0;432.0;402.0;438.0;408.0;445.0;414.0;452.0;420.0;458.0;427.0;465.0;433.0;472.0;439.0;479.0;446.0;487.0;453.0;494.0;460.0;501.0;466.0;509.0;473.0;517.0;481.0;524.0;488.0;532.0;495.0;540.0;502.0;548.0;510.0;556.0;518.0;565.0;525.0;573.0;533.0;582.0;541.0;591.0;550;600
NKG;Nanjing;31.742;118.862;4;13.0;17.0;13.0;18.0;13.0;18.0;14.0;19.0;14.0;19.0;14.0;19.0;15.0;20.0;15.0;20.0;15.0;21.0;16.0;21.0;16.0;21.0;16.0;22.0;17.0;22.0;17.0;23.0;17.0;23.0;18.0;24.0;18.0;24.0;18.0;25.0;19.0;25.0;19.0;26.0;19.0;26.0;20.0;27.0;20.0;27.0;21.0;28.0;21.0;28.0;22.0;29.0;22.0;30.0;22.0;30.0;23.0;31.0;23.0;31.0;24.0;32.0;27.0;36.0;30.0;40.0;33.0;44.0;36.0;49.0;41.0;54.0;45.0;60.0;50.0;67.0;56.0;74.0;62.0;83.0;69.0;92.0;76.0;102.0;85.0;113.0;94.0;126.0;105.0;140.0;116.0;155.0;129.0;172.0;143.0;191.0;159.0;212.0;176.0;235.0;196.0;261.0;218.0;290.0;242.0;322.0;268.0;358.0;298.0;397.0;331.0;441.0;367.0;489.0;407.0;543.0;452.0;603.0;502.0;669.0;517.0;690.0;533.0;710.0;549.0;732.0;565.0;754.0;582.0;776.0;600;800
WUH;Wuhan;30.7837;114.2081;4;36.0;56.0;36.0;56.0;37.0;57.0;37.0;58.0;37.0;58.0;38.0;59.0;38.0;59.0;39.0;60.0;39.0;60.0;39.0;61.0;40.0;62.0;40.0;62.0;41.0;63.0;41.0;64.0;41.0;64.0;42.0;65.0;42.0;66.0;43.0;66.0;43.0;67.0;44.0;68.0;44.0;68.0;44.0;69.0;45.0;70.0;45.0;70.0;46.0;71.0;46.0;72.0;47.0;72.0;47.0;73.0;48.0;74.0;48.0;75.0;49.0;75.0;49.0;76.0;50.0;77.0;50.0;78.0;51.0;78.0;51.0;79.0;52.0;80.0;52.0;81.0;53.0;82.0;53.0;83.0;54.0;83.0;54.0;84.0;55.0;85.0;55.0;86.0;56.0;87.0;57.0;88.0;63.0;98.0;71.0;110.0;80.0;123.0;89.0;138.0;100.0;155.0;112.0;173.0;126.0;194.0;141.0;218.0;158.0;244.0;177.0;273.0;198.0;306.0;222.0;343.0;248.0;384.0;278.0;430.0;312.0;482.0;349.0;540.0;391.0;605.0;438.0;677.0;491.0;758.0;550;850
CGO;Zhengzhou;34.5196;113.8408;4;29.0;52.0;30.0;53.0;30.0;54.0;30.0;54.0;31.0;55.0;31.0;55.0;31.0;56.0;31.0;56.0;32.0;57.0;32.0;57.0;32.0;58.0;33.0;59.0;33.0;59.0;33.0;60.0;34.0;60.0;34.0;61.0;34.0;62.0;35.0;62.0;35.0;63.0;36.0;64.0;36.0;64.0;36.0;65.0;37.0;65.0;37.0;66.0;37.0;67.0;38.0;67.0;38.0;68.0;39.0;69.0;39.0;70.0;39.0;70.0;40.0;71.0;40.0;72.0;40.0;72.0;41.0;73.0;41.0;74.0;42.0;75.0;42.0;75.0;43.0;76.0;43.0;77.0;43.0;78.0;44.0;78.0;44.0;79.0;45.0;80.0;45.0;81.0;46.0;82.0;46.0;82.0;52.0;92.0;58.0;104.0;65.0;116.0;73.0;130.0;82.0;146.0;92.0;163.0;103.0;183.0;115.0;205.0;129.0;229.0;144.0;257.0;162.0;288.0;181.0;323.0;203.0;361.0;227.0;405.0;255.0;453.0;285.0;508.0;320.0;569.0;358.0;637.0;401.0;714.0;450;800
XMN;Xiamen;24.544;118.1277;4;16.0;15.0;17.0;16.0;17.0;16.0;17.0;16.0;18.0;16.0;18.0;17.0;18.0;17.0;19.0;18.0;19.0;18.0;20.0;18.0;20.0;19.0;20.0;19.0;21.0;19.0;21.0;20.0;22.0;20.0;22.0;21.0;23.0;21.0;23.0;21.0;24.0;22.0;24.0;22.0;24.0;23.0;25.0;23.0;25.0;24.0;26.0;24.0;27.0;25.0;27.0;25.0;28.0;26.0;28.0;26.0;29.0;27.0;29.0;27.0;30.0;28.0;33.0;31.0;37.0;35.0;41.0;38.0;46.0;43.0;51.0;47.0;56.0;53.0;63.0;59.0;70.0;65.0;77.0;72.0;86.0;80.0;95.0;89.0;106.0;99.0;118.0;110.0;131.0;122.0;145.0;136.0;161.0;150.0;179.0;167.0;199.0;186.0;221.0;206.0;245.0;229.0;272.0;254.0;302.0;282.0;335.0;313.0;372.0;347.0;413.0;386.0;459.0;428.0;509.0;475.0;565.0;528.0;628.0;586.0;646.0;603.0;666.0;621.0;686.0;640.0;706.0;659.0;728.0;679.0;750;700
CSX;Changsha;28.1892;113.2196;4;33.0;49.0;33.0;50.0;33.0;50.0;34.0;51.0;34.0;51.0;34.0;52.0;35.0;52.0;35.0;53.0;35.0;53.0;36.0;54.0;36.0;54.0;36.0;55.0;37.0;55.0;37.0;56.0;38.0;57.0;38.0;57.0;38.0;58.0;39.0;58.0;39.0;59.0;40.0;60.0;40.0;60.0;40.0;61.0;41.0;61.0;41.0;62.0;42.0;63.0;42.0;63.0;42.0;64.0;43.0;65.0;43.0;65.0;44.0;66.0;44.0;66.0;45.0;67.0;45.0;68.0;45.0;68.0;46.0;69.0;46.0;70.0;47.0;71.0;47.0;71.0;48.0;72.0;48.0;73.0;49.0;73.0;49.0;74.0;50.0;75.0;50.0;76.0;51.0;76.0;51.0;77.0;58.0;87.0;65.0;97.0;72.0;109.0;81.0;122.0;91.0;137.0;102.0;153.0;114.0;171.0;128.0;192.0;143.0;215.0;160.0;241.0;180.0;270.0;201.0;302.0;226.0;339.0;253.0;379.0;283.0;425.0;317.0;476.0;355.0;533.0;398.0;597.0;446.0;669.0;500;750
TAO;Qingdao;36.2661;120.0125;4;14.0;16.0;14.0;17.0;15.0;17.0;15.0;17.0;15.0;18.0;16.0;18.0;16.0;18.0;16.0;19.0;17.0;19.0;17.0;20.0;17.0;20.0;18.0;20.0;18.0;21.0;18.0;21.0;19.0;22.0;19.0;22.0;20.0;23.0;20.0;23.0;20.0;24.0;21.0;24.0;21.0;24.0;22.0;25.0;22.0;25.0;22.0;26.0;23.0;27.0;23.0;27.0;24.0;28.0;24.0;28.0;25.0;29.0;25.0;29.0;26.0;30.0;29.0;33.0;32.0;37.0;36.0;41.0;40.0;46.0;44.0;51.0;49.0;56.0;54.0;63.0;60.0;70.0;67.0;77.0;74.0;86.0;83.0;95.0;92.0;106.0;102.0;118.0;113.0;131.0;126.0;145.0;140.0;161.0;155.0;179.0;172.0;199.0;191.0;221.0;212.0;245.0;236.0;272.0;262.0;302.0;291.0;335.0;323.0;372.0;358.0;413.0;398.0;459.0;441.0;509.0;490.0;565.0;544.0;628.0;560.0;646.0;577.0;666.0;594.0;686.0;612.0;706.0;631.0;728.0;650;750
KWE;Guiyang;26.5385;106.797;3;33.0;39.0;33.0;40.0;33.0;40.0;34.0;40.0;34.0;41.0;34.0;41.0;35.0;42.0;35.0;42.0;35.0;43.0;36.0;43.0;36.0;43.0;36.0;44.0;37.0;44.0;37.0;45.0;38.0;45.0;38.0;46.0;38.0;46.0;39.0;47.0;39.0;47.0;40.0;48.0;40.0;48.0;40.0;48.0;41.0;49.0;41.0;49.0;42.0;50.0;42.0;50.0;42.0;51.0;43.0;52.0;43.0;52.0;44.0;53.0;44.0;53.0;45.0;54.0;45.0;54.0;45.0;55.0;46.0;55.0;46.0;56.0;47.0;56.0;47.0;57.0;48.0;58.0;48.0;58.0;49.0;59.0;49.0;59.0;50.0;60.0;50.0;60.0;51.0;61.0;51.0;62.0;58.0;69.0;65.0;78.0;72.0;87.0;81.0;97.0;91.0;109.0;102.0;122.0;114.0;137.0;128.0;154.0;143.0;172.0;160.0;193.0;180.0;216.0;201.0;242.0;226.0;271.0;253.0;303.0;283.0;340.0;317.0;381.0;355.0;427.0;398.0;478.0;446.0;535.0;500;600
HRB;Harbin;45.6234;126.2503;3;13.0;14.0;13.0;14.0;13.0;15.0;14.0;15.0;14.0;15.0;14.0;16.0;15.0;16.0;15.0;16.0;15.0;17.0;16.0;17.0;16.0;17.0;16.0;18.0;17.0;18.0;17.0;18.0;17.0;19.0;18.0;19.0;18.0;20.0;18.0;20.0;19.0;20.0;19.0;21.0;19.0;21.0;20.0;22.0;20.0;22.0;21.0;22.0;21.0;23.0;22.0;23.0;22.0;24.0;22.0;24.0;23.0;25.0;23.0;25.0;24.0;26.0;27.0;29.0;30.0;32.0;33.0;36.0;36.0;40.0;41.0;44.0;45.0;49.0;50.0;54.0;56.0;60.0;62.0;67.0;69.0;74.0;76.0;83.0;85.0;92.0;94.0;102.0;105.0;113.0;116.0;126.0;129.0;140.0;143.0;155.0;159.0;172.0;176.0;191.0;196.0;212.0;218.0;236.0;242.0;262.0;268.0;291.0;298.0;323.0;331.0;358.0;367.0;398.0;407.0;441.0;452.0;490.0;502.0;544.0;517.0;560.0;533.0;577.0;549.0;594.0;565.0;612.0;582.0;631.0;600;650
TSN;Tianjin;39.1244;117.3461;4;11.0;17.0;11.0;18.0;11.0;18.0;11.0;19.0;12.0;19.0;12.0;19.0;12.0;20.0;12.0;20.0;13.0;21.0;13.0;21.0;13.0;21.0;13.0;22.0;14.0;22.0;14.0;23.0;14.0;23.0;15.0;24.0;15.0;24.0;15.0;25.0;16.0;25.0;16.0;26.0;16.0;26.0;16.0;27.0;17.0;27.0;17.0;28.0;18.0;28.0;18.0;29.0;18.0;30.0;19.0;30.0;19.0;31.0;19.0;31.0;20.0;32.0;22.0;36.0;25.0;40.0;27.0;44.0;30.0;49.0;34.0;54.0;37.0;60.0;42.0;67.0;46.0;74.0;51.0;83.0;57.0;92.0;63.0;102.0;71.0;113.0;78.0;126.0;87.0;140.0;97.0;155.0;107.0;172.0;119.0;191.0;132.0;212.0;147.0;235.0;163.0;261.0;181.0;290.0;201.0;322.0;223.0;358.0;248.0;397.0;275.0;441.0;306.0;489.0;339.0;543.0;377.0;603.0;418.0;669.0;431.0;690.0;444.0;710.0;457.0;732.0;471.0;754.0;485.0;776.0;500;800
URC;Urumqi;43.9071;87.4741;3;26.0;43.0;26.0;43.0;27.0;43.0;27.0;44.0;27.0;44.0;27.0;45.0;28.0;45.0;28.0;46.0;28.0;46.0;28.0;47.0;29.0;47.0;29.0;48.0;29.0;48.0;30.0;49.0;30.0;49.0;30.0;49.0;31.0;50.0;31.0;50.0;31.0;51.0;32.0;52.0;32.0;52.0;32.0;53.0;32.0;53.0;33.0;54.0;33.0;54.0;33.0;55.0;34.0;55.0;34.0;56.0;35.0;56.0;35.0;57.0;35.0;58.0;36.0;58.0;36.0;59.0;36.0;59.0;37.0;60.0;37.0;61.0;37.0;61.0;38.0;62.0;38.0;62.0;39.0;63.0;39.0;64.0;39.0;64.0;40.0;65.0;40.0;66.0;41.0;66.0;41.0;67.0;46.0;75.0;52.0;84.0;58.0;94.0;65.0;106.0;73.0;118.0;81.0;133.0;91.0;148.0;102.0;166.0;114.0;186.0;128.0;209.0;144.0;234.0;161.0;262.0;180.0;294.0;202.0;329.0;226.0;368.0;254.0;413.0;284.0;462.0;318.0;518.0;357.0;580.0;400;650
SHE;Shenyang;41.6398;123.4833;4;10.0;16.0;10.0;17.0;10.0;17.0;10.0;17.0;10.0;18.0;11.0;18.0;11.0;18.0;11.0;19.0;11.0;19.0;12.0;20.0;12.0;20.0;12.0;20.0;12.0;21.0;13.0;21.0;13.0;22.0;13.0;22.0;13.0;23.0;14.0;23.0;14.0;24.0;14.0;24.0;14.0;24.0;15.0;25.0;15.0;25.0;15.0;26.0;16.0;27.0;16.0;27.0;16.0;28.0;17.0;28.0;17.0;29.0;17.0;29.0;18.0;30.0;20.0;33.0;22.0;37.0;24.0;41.0;27.0;46.0;30.0;51.0;34.0;56.0;37.0;63.0;42.0;70.0;46.0;77.0;51.0;86.0;57.0;95.0;63.0;106.0;70.0;118.0;78.0;131.0;87.0;145.0;97.0;161.0;107.0;179.0;119.0;199.0;132.0;221.0;147.0;245.0;163.0;272.0;181.0;302.0;201.0;335.0;223.0;372.0;248.0;413.0;275.0;459.0;305.0;509.0;339.0;565.0;376.0;628.0;388.0;646.0;399.0;666.0;411.0;686.0;424.0;706.0;436.0;728.0;450;750
HAK;Haikou;19.9349;110.4589;3;19.0;11.0;19.0;11.0;19.0;11.0;20.0;11.0;20.0;12.0;21.0;12.0;21.0;12.0;21.0;12.0;22.0;13.0;22.0;13.0;23.0;13.0;23.0;13.0;24.0;14.0;24.0;14.0;25.0;14.0;25.0;15.0;26.0;15.0;26.0;15.0;27.0;16.0;27.0;16.0;28.0;16.0;28.0;16.0;29.0;17.0;30.0;17.0;30.0;18.0;31.0;18.0;31.0;18.0;32.0;19.0;33.0;19.0;33.0;19.0;34.0;20.0;38.0;22.0;42.0;25.0;47.0;27.0;52.0;30.0;58.0;34.0;64.0;37.0;71.0;42.0;79.0;46.0;88.0;51.0;98.0;57.0;108.0;63.0;120.0;71.0;134.0;78.0;148.0;87.0;165.0;97.0;183.0;107.0;203.0;119.0;225.0;132.0;250.0;147.0;278.0;163.0;308.0;181.0;342.0;201.0;380.0;223.0;422.0;248.0;468.0;275.0;520.0;306.0;577.0;339.0;641.0;377.0;711.0;418.0;733.0;431.0;755.0;444.0;777.0;457.0;801.0;471.0;825.0;485.0;850;500
SYX;Sanya;18.3028;109.4122;3;21.0;8.0;21.0;9.0;22.0;9.0;22.0;9.0;23.0;9.0;23.0;9.0;23.0;10.0;24.0;10.0;24.0;10.0;25.0;10.0;25.0;10.0;26.0;11.0;27.0;11.0;27.0;11.0;28.0;11.0;28.0;12.0;29.0;12.0;29.0;12.0;30.0;12.0;31.0;13.0;31.0;13.0;32.0;13.0;32.0;13.0;33.0;14.0;34.0;14.0;34.0;14.0;35.0;15.0;36.0;15.0;37.0;15.0;37.0;15.0;38.0;16.0;42.0;18.0;47.0;20.0;52.0;22.0;58.0;24.0;65.0;27.0;72.0;30.0;80.0;33.0;88.0;37.0;98.0;41.0;109.0;46.0;121.0;51.0;134.0;56.0;149.0;63.0;166.0;70.0;184.0;77.0;204.0;86.0;227.0;95.0;252.0;106.0;280.0;117.0;311.0;130.0;345.0;145.0;383.0;161.0;425.0;179.0;472.0;198.0;524.0;220.0;581.0;244.0;645.0;271.0;716.0;301.0;795.0;334.0;819.0;345.0;844.0;355.0;869.0;366.0;895.0;377.0;922.0;388.0;950;400
NGO;Nagoya;34.8583;136.8052;4;27.0;39.0;30.0;42.0;32.0;46.0;35.0;50.0;38.0;55.0;42.0;60.0;46.0;65.0;50.0;71.0;54.0;77.0;59.0;84.0;65.0;92.0;71.0;100.0;77.0;109.0;84.0;119.0;92.0;130.0;100.0;142.0;109.0;154.0;119.0;168.0;129.0;184.0;141.0;200.0;154.0;218.0;168.0;238.0;183.0;259.0;199.0;283.0;217.0;308.0;237.0;336.0;258.0;366.0;282.0;399.0;307.0;435.0;335.0;474.0;365.0;517.0;369.0;522.0;372.0;527.0;376.0;533.0;380.0;538.0;383.0;543.0;387.0;549.0;391.0;554.0;395.0;560.0;399.0;566.0;403.0;571.0;407.0;577.0;411.0;583.0;415.0;589.0;419.0;594.0;424.0;600.0;428.0;606.0;432.0;612.0;437.0;619.0;441.0;625.0;445.0;631.0;454.0;644.0;463.0;657.0;473.0;670.0;482.0;683.0;492.0;697.0;502.0;711.0;512.0;725.0;522.0;739.0;532.0;754.0;543.0;769.0;554.0;785.0;565.0;800.0;576.0;816.0;588.0;833.0;600;850
KIX;Osaka;34.432;135.2303;5;39.0;36.0;42.0;40.0;46.0;43.0;50.0;47.0;55.0;51.0;60.0;56.0;65.0;61.0;71.0;67.0;77.0;73.0;84.0;79.0;92.0;86.0;100.0;94.0;109.0;103.0;119.0;112.0;130.0;122.0;142.0;133.0;154.0;145.0;168.0;158.0;184.0;173.0;200.0;188.0;218.0;205.0;238.0;224.0;259.0;244.0;283.0;266.0;308.0;290.0;336.0;316.0;366.0;345.0;399.0;376.0;435.0;410.0;474.0;446.0;517.0;487.0;522.0;492.0;527.0;496.0;533.0;501.0;538.0;506.0;543.0;511.0;549.0;517.0;554.0;522.0;560.0;527.0;566.0;532.0;571.0;538.0;577.0;543.0;583.0;548.0;589.0;554.0;594.0;559.0;600.0;565.0;606.0;571.0;612.0;576.0;619.0;582.0;625.0;588.0;631.0;594.0;644.0;606.0;657.0;618.0;670.0;630.0;683.0;643.0;697.0;656.0;711.0;669.0;725.0;682.0;739.0;696.0;754.0;710.0;769.0;724.0;785.0;739.0;800.0;753.0;816.0;768.0;833.0;784.0;850;800
OKA;Okinawa;26.1958;127.6458;3;41.0;13.0;45.0;15.0;49.0;16.0;53.0;17.0;58.0;19.0;63.0;21.0;69.0;23.0;75.0;25.0;82.0;27.0;89.0;29.0;97.0;32.0;106.0;35.0;116.0;38.0;126.0;42.0;138.0;46.0;150.0;50.0;163.0;54.0;178.0;59.0;194.0;64.0;212.0;70.0;231.0;77.0;252.0;84.0;275.0;91.0;299.0;99.0;326.0;108.0;356.0;118.0;388.0;129.0;423.0;141.0;461.0;153.0;502.0;167.0;548.0;182.0;553.0;184.0;559.0;186.0;564.0;188.0;570.0;190.0;575.0;191.0;581.0;193.0;587.0;195.0;593.0;197.0;599.0;199.0;605.0;201.0;611.0;203.0;617.0;205.0;623.0;207.0;629.0;209.0;636.0;212.0;642.0;214.0;649.0;216.0;655.0;218.0;662.0;220.0;668.0;222.0;682.0;227.0;695.0;231.0;709.0;236.0;723.0;241.0;738.0;246.0;753.0;251.0;768.0;256.0;783.0;261.0;799.0;266.0;815.0;271.0;831.0;277.0;848.0;282.0;865.0;288.0;882.0;294.0;900;300
PUS;Busan;35.1795;128.9382;4;32.0;34.0;35.0;37.0;38.0;40.0;41.0;44.0;45.0;48.0;49.0;52.0;53.0;57.0;58.0;62.0;64.0;68.0;69.0;74.0;76.0;81.0;82.0;88.0;90.0;96.0;98.0;105.0;107.0;115.0;117.0;125.0;127.0;136.0;139.0;148.0;151.0;162.0;165.0;176.0;180.0;192.0;196.0;210.0;213.0;229.0;233.0;249.0;254.0;272.0;277.0;296.0;301.0;323.0;329.0;352.0;358.0;384.0;391.0;418.0;426.0;456.0;430.0;461.0;434.0;465.0;439.0;470.0;443.0;475.0;447.0;479.0;452.0;484.0;457.0;489.0;461.0;494.0;466.0;499.0;470.0;504.0;475.0;509.0;480.0;514.0;485.0;519.0;489.0;524.0;494.0;530.0;499.0;535.0;504.0;540.0;509.0;546.0;514.0;551.0;520.0;557.0;530.0;568.0;541.0;579.0;551.0;591.0;562.0;603.0;574.0;615.0;585.0;627.0;597.0;640.0;609.0;652.0;621.0;665.0;634.0;679.0;646.0;692.0;659.0;706.0;672.0;720.0;686.0;735.0;700;750
CJU;Jeju;33.5113;126.493;4;44.0;9.0;49.0;10.0;53.0;10.0;58.0;11.0;63.0;12.0;69.0;14.0;75.0;15.0;82.0;16.0;89.0;18.0;97.0;19.0;106.0;21.0;116.0;23.0;126.0;25.0;137.0;28.0;150.0;30.0;163.0;33.0;178.0;36.0;194.0;39.0;212.0;43.0;231.0;47.0;252.0;51.0;274.0;56.0;299.0;61.0;326.0;66.0;355.0;72.0;387.0;79.0;422.0;86.0;460.0;94.0;502.0;102.0;547.0;111.0;596.0;121.0;602.0;123.0;608.0;124.0;614.0;125.0;620.0;126.0;627.0;127.0;633.0;129.0;639.0;130.0;646.0;131.0;652.0;133.0;659.0;134.0;665.0;135.0;672.0;137.0;679.0;138.0;685.0;139.0;692.0;141.0;699.0;142.0;706.0;144.0;713.0;145.0;720.0;147.0;728.0;148.0;742.0;151.0;757.0;154.0;772.0;157.0;788.0;160.0;803.0;164.0;820.0;167.0;836.0;170.0;853.0;174.0;870.0;177.0;887.0;181.0;905.0;184.0;923.0;188.0;941.0;192.0;960.0;196.0;980;200
KHH;Kaohsiung;22.5771;120.35;3;27.0;32.0;30.0;35.0;32.0;38.0;35.0;41.0;38.0;45.0;42.0;49.0;46.0;53.0;50.0;58.0;54.0;64.0;59.0;69.0;65.0;76.0;71.0;82.0;77.0;90.0;84.0;98.0;92.0;107.0;100.0;117.0;109.0;127.0;119.0;139.0;129.0;151.0;141.0;165.0;154.0;180.0;168.0;196.0;183.0;213.0;199.0;233.0;217.0;254.0;237.0;277.0;258.0;301.0;282.0;329.0;307.0;358.0;335.0;391.0;365.0;426.0;369.0;430.0;372.0;434.0;376.0;439.0;380.0;443.0;383.0;447.0;387.0;452.0;391.0;457.0;395.0;461.0;399.0;466.0;403.0;470.0;407.0;475.0;411.0;480.0;415.0;485.0;419.0;489.0;424.0;494.0;428.0;499.0;432.0;504.0;437.0;509.0;441.0;514.0;445.0;520.0;454.0;530.0;463.0;541.0;473.0;551.0;482.0;562.0;492.0;574.0;502.0;585.0;512.0;597.0;522.0;609.0;532.0;621.0;543.0;634.0;554.0;646.0;565.0;659.0;576.0;672.0;588.0;686.0;600;700
DAD;Da Nang;16.0439;108.1994;3;21.0;10.0;22.0;10.0;23.0;10.0;23.0;11.0;24.0;11.0;25.0;12.0;26.0;12.0;28.0;13.0;29.0;13.0;30.0;14.0;31.0;14.0;32.0;15.0;34.0;16.0;35.0;16.0;36.0;17.0;38.0;18.0;39.0;18.0;41.0;19.0;43.0;20.0;44.0;21.0;46.0;21.0;48.0;22.0;50.0;23.0;52.0;24.0;54.0;25.0;56.0;26.0;60.0;28.0;64.0;30.0;69.0;32.0;74.0;35.0;79.0;37.0;85.0;40.0;91.0;42.0;97.0;45.0;104.0;49.0;111.0;52.0;119.0;56.0;127.0;60.0;136.0;64.0;146.0;68.0;156.0;73.0;167.0;78.0;179.0;84.0;191.0;90.0;205.0;96.0;219.0;103.0;235.0;110.0;251.0;118.0;269.0;126.0;287.0;135.0;308.0;144.0;329.0;155.0;352.0;165.0;377.0;177.0;403.0;190.0;432.0;203.0;462.0;217.0;494.0;232.0;529.0;249.0;566.0;266.0;606.0;285.0;648.0;305.0;693.0;326.0;742.0;349.0;794.0;373.0;850;400
CXR;Nha Trang;11.9981;109.2193;2;22.0;5.0;23.0;5.0;24.0;5.0;25.0;5.0;26.0;5.0;27.0;6.0;28.0;6.0;29.0;6.0;30.0;6.0;32.0;7.0;33.0;7.0;34.0;7.0;36.0;8.0;37.0;8.0;39.0;8.0;40.0;9.0;42.0;9.0;43.0;9.0;45.0;10.0;47.0;10.0;49.0;10.0;51.0;11.0;53.0;11.0;55.0;12.0;57.0;12.0;60.0;13.0;64.0;14.0;68.0;15.0;73.0;16.0;78.0;17.0;84.0;18.0;90.0;20.0;96.0;21.0;103.0;22.0;110.0;24.0;118.0;26.0;126.0;28.0;135.0;30.0;144.0;32.0;154.0;34.0;165.0;36.0;177.0;39.0;189.0;42.0;203.0;45.0;217.0;48.0;232.0;51.0;248.0;55.0;266.0;59.0;284.0;63.0;304.0;67.0;326.0;72.0;349.0;77.0;373.0;82.0;399.0;88.0;427.0;95.0;457.0;101.0;489.0;108.0;523.0;116.0;560.0;124.0;599.0;133.0;641.0;142.0;686.0;152.0;734.0;163.0;786.0;174.0;841.0;186.0;900;200
PNH;Phnom Penh;11.5465;104.8441;2;17.0;13.0;18.0;14.0;18.0;14.0;19.0;15.0;20.0;16.0;21.0;16.0;22.0;17.0;23.0;18.0;23.0;18.0;24.0;19.0;25.0;20.0;26.0;21.0;28.0;22.0;29.0;22.0;30.0;23.0;31.0;24.0;32.0;25.0;34.0;26.0;35.0;27.0;36.0;29.0;38.0;30.0;39.0;31.0;41.0;32.0;43.0;33.0;44.0;35.0;46.0;36.0;50.0;39.0;53.0;42.0;57.0;44.0;61.0;48.0;65.0;51.0;70.0;55.0;75.0;58.0;80.0;63.0;85.0;67.0;91.0;72.0;98.0;77.0;105.0;82.0;112.0;88.0;120.0;94.0;128.0;101.0;138.0;108.0;147.0;116.0;157.0;124.0;169.0;132.0;180.0;142.0;193.0;152.0;207.0;162.0;221.0;174.0;237.0;186.0;253.0;199.0;271.0;213.0;290.0;228.0;310.0;244.0;332.0;261.0;355.0;279.0;380.0;299.0;407.0;320.0;435.0;342.0;466.0;366.0;499.0;392.0;534.0;419.0;571.0;448.0;611.0;480.0;654.0;514.0;700;550
REP;Siem Reap;13.4106;103.8128;2;23.0;3.0;24.0;3.0;25.0;4.0;26.0;4.0;27.0;4.0;28.0;4.0;30.0;4.0;31.0;4.0;32.0;5.0;33.0;5.0;35.0;5.0;36.0;5.0;38.0;6.0;39.0;6.0;41.0;6.0;42.0;6.0;44.0;7.0;46.0;7.0;48.0;7.0;50.0;7.0;52.0;8.0;54.0;8.0;56.0;8.0;58.0;9.0;61.0;9.0;63.0;10.0;67.0;10.0;72.0;11.0;77.0;12.0;83.0;13.0;88.0;14.0;95.0;15.0;101.0;16.0;109.0;17.0;116.0;18.0;124.0;19.0;133.0;21.0;142.0;22.0;152.0;24.0;163.0;25.0;175.0;27.0;187.0;29.0;200.0;31.0;214.0;33.0;229.0;36.0;245.0;38.0;262.0;41.0;281.0;44.0;300.0;47.0;321.0;50.0;344.0;54.0;368.0;58.0;394.0;62.0;421.0;66.0;451.0;71.0;482.0;76.0;516.0;81.0;552.0;87.0;591.0;93.0;633.0;99.0;677.0;106.0;724.0;114.0;775.0;122.0;829.0;131.0;887.0;140.0;950;150
RGN;Rangun;16.9043;96.1332;2;13.0;11.0;14.0;11.0;14.0;12.0;15.0;12.0;16.0;13.0;16.0;13.0;17.0;14.0;18.0;14.0;18.0;15.0;19.0;16.0;20.0;16.0;21.0;17.0;22.0;18.0;22.0;18.0;23.0;19.0;24.0;20.0;25.0;21.0;26.0;21.0;27.0;22.0;29.0;23.0;30.0;24.0;31.0;25.0;32.0;26.0;33.0;27.0;35.0;28.0;36.0;30.0;39.0;32.0;42.0;34.0;44.0;36.0;48.0;39.0;51.0;42.0;55.0;45.0;58.0;48.0;63.0;51.0;67.0;55.0;72.0;59.0;77.0;63.0;82.0;67.0;88.0;72.0;94.0;77.0;101.0;82.0;108.0;88.0;116.0;94.0;124.0;101.0;132.0;108.0;142.0;116.0;152.0;124.0;162.0;133.0;174.0;142.0;186.0;152.0;199.0;163.0;213.0;174.0;228.0;186.0;244.0;199.0;261.0;213.0;279.0;228.0;299.0;244.0;320.0;261.0;342.0;280.0;366.0;299.0;392.0;320.0;419.0;343.0;448.0;367.0;480.0;393.0;514.0;420.0;550;450
VTE;Vientiane;17.9883;102.5633;1;15.0;10.0;15.0;10.0;16.0;10.0;16.0;11.0;17.0;11.0;18.0;12.0;19.0;12.0;19.0;13.0;20.0;13.0;21.0;14.0;22.0;14.0;23.0;15.0;24.0;16.0;25.0;16.0;26.0;17.0;27.0;18.0;28.0;18.0;29.0;19.0;30.0;20.0;31.0;21.0;32.0;21.0;34.0;22.0;35.0;23.0;37.0;24.0;38.0;25.0;40.0;26.0;42.0;28.0;45.0;30.0;49.0;32.0;52.0;35.0;56.0;37.0;60.0;40.0;64.0;42.0;68.0;45.0;73.0;49.0;78.0;52.0;84.0;56.0;90.0;60.0;96.0;64.0;103.0;68.0;110.0;73.0;118.0;78.0;126.0;84.0;135.0;90.0;144.0;96.0;155.0;103.0;165.0;110.0;177.0;118.0;189.0;126.0;203.0;135.0;217.0;144.0;232.0;155.0;248.0;165.0;266.0;177.0;285.0;190.0;305.0;203.0;326.0;217.0;349.0;232.0;373.0;249.0;399.0;266.0;427.0;285.0;457.0;305.0;489.0;326.0;524.0;349.0;560.0;373.0;600;400
BWN;Bandar Seri Begawan;4.9442;114.9283;2;10.0;16.0;10.0;16.0;10.0;17.0;11.0;18.0;11.0;19.0;12.0;19.0;12.0;20.0;13.0;21.0;13.0;22.0;14.0;23.0;14.0;24.0;15.0;25.0;16.0;26.0;16.0;27.0;17.0;28.0;18.0;29.0;18.0;30.0;19.0;31.0;20.0;32.0;21.0;34.0;21.0;35.0;22.0;37.0;23.0;38.0;24.0;40.0;25.0;41.0;26.0;43.0;28.0;46.0;30.0;49.0;32.0;53.0;35.0;56.0;37.0;60.0;40.0;65.0;42.0;69.0;45.0;74.0;49.0;79.0;52.0;85.0;56.0;91.0;60.0;97.0;64.0;104.0;68.0;111.0;73.0;119.0;78.0;128.0;84.0;137.0;90.0;146.0;96.0;156.0;103.0;167.0;110.0;179.0;118.0;192.0;126.0;205.0;135.0;220.0;144.0;235.0;155.0;252.0;165.0;269.0;177.0;288.0;190.0;308.0;203.0;330.0;217.0;353.0;232.0;378.0;249.0;404.0;266.0;433.0;285.0;463.0;305.0;495.0;326.0;530.0;349.0;567.0;373.0;607.0;400;650
KCH;Kuching;1.4847;110.347;2;15.0;11.0;15.0;11.0;16.0;12.0;16.0;12.0;17.0;13.0;18.0;13.0;19.0;14.0;19.0;14.0;20.0;15.0;21.0;16.0;22.0;16.0;23.0;17.0;24.0;18.0;25.0;18.0;26.0;19.0;27.0;20.0;28.0;21.0;29.0;21.0;30.0;22.0;31.0;23.0;32.0;24.0;34.0;25.0;35.0;26.0;37.0;27.0;38.0;28.0;40.0;30.0;42.0;32.0;45.0;34.0;49.0;36.0;52.0;39.0;56.0;42.0;60.0;45.0;64.0;48.0;68.0;51.0;73.0;55.0;78.0;59.0;84.0;63.0;90.0;67.0;96.0;72.0;103.0;77.0;110.0;82.0;118.0;88.0;126.0;94.0;135.0;101.0;144.0;108.0;155.0;116.0;165.0;124.0;177.0;133.0;189.0;142.0;203.0;152.0;217.0;163.0;232.0;174.0;248.0;186.0;266.0;199.0;285.0;213.0;305.0;228.0;326.0;244.0;349.0;261.0;373.0;280.0;399.0;299.0;427.0;320.0;457.0;343.0;489.0;367.0;524.0;393.0;560.0;420.0;600;450
BKI;Kota Kinabalu;5.9372;116.0511;2;18.0;10.0;19.0;10.0;20.0;10.0;21.0;11.0;21.0;11.0;22.0;12.0;23.0;12.0;24.0;13.0;25.0;13.0;26.0;14.0;27.0;14.0;28.0;15.0;30.0;16.0;31.0;16.0;32.0;17.0;33.0;18.0;35.0;18.0;36.0;19.0;38.0;20.0;39.0;21.0;41.0;21.0;42.0;22.0;44.0;23.0;46.0;24.0;48.0;25.0;50.0;26.0;53.0;28.0;57.0;30.0;61.0;32.0;65.0;35.0;70.0;37.0;75.0;40.0;80.0;42.0;86.0;45.0;92.0;49.0;98.0;52.0;105.0;56.0;112.0;60.0;120.0;64.0;129.0;68.0;138.0;73.0;147.0;78.0;158.0;84.0;169.0;90.0;181.0;96.0;193.0;103.0;207.0;110.0;221.0;118.0;237.0;126.0;254.0;135.0;271.0;144.0;290.0;155.0;311.0;165.0;333.0;177.0;356.0;190.0;381.0;203.0;407.0;217.0;436.0;232.0;467.0;249.0;499.0;266.0;534.0;285.0;572.0;305.0;612.0;326.0;655.0;349.0;700.0;373.0;750;400
PEN;Penang;5.2971;100.2768;3;20.0;16.0;20.0;16.0;21.0;17.0;22.0;18.0;23.0;19.0;24.0;19.0;25.0;20.0;26.0;21.0;27.0;22.0;28.0;23.0;29.0;24.0;30.0;25.0;32.0;26.0;33.0;27.0;34.0;28.0;36.0;29.0;37.0;30.0;39.0;31.0;40.0;32.0;42.0;34.0;43.0;35.0;45.0;37.0;47.0;38.0;49.0;40.0;51.0;41.0;53.0;43.0;57.0;46.0;61.0;49.0;65.0;53.0;70.0;56.0;74.0;60.0;80.0;65.0;85.0;69.0;91.0;74.0;98.0;79.0;105.0;85.0;112.0;91.0;120.0;97.0;128.0;104.0;137.0;111.0;147.0;119.0;157.0;128.0;168.0;137.0;180.0;146.0;193.0;156.0;206.0;167.0;221.0;179.0;236.0;192.0;253.0;205.0;270.0;220.0;289.0;235.0;310.0;252.0;331.0;269.0;355.0;288.0;380.0;308.0;406.0;330.0;435.0;353.0;465.0;378.0;498.0;404.0;533.0;433.0;570.0;463.0;610.0;495.0;653.0;530.0;698.0;567.0;747.0;607.0;800;650
JOG;Yogyakarta;-7.8329;110.4316;2;21.0;8.0;22.0;9.0;23.0;9.0;23.0;9.0;24.0;10.0;25.0;10.0;26.0;11.0;28.0;11.0;29.0;11.0;30.0;12.0;31.0;12.0;32.0;13.0;34.0;14.0;35.0;14.0;36.0;15.0;38.0;15.0;39.0;16.0;41.0;17.0;43.0;17.0;44.0;18.0;46.0;19.0;48.0;19.0;50.0;20.0;52.0;21.0;54.0;22.0;56.0;23.0;60.0;25.0;64.0;26.0;69.0;28.0;74.0;30.0;79.0;32.0;85.0;35.0;91.0;37.0;97.0;40.0;104.0;42.0;111.0;45.0;119.0;49.0;127.0;52.0;136.0;56.0;146.0;60.0;156.0;64.0;167.0;69.0;179.0;73.0;191.0;78.0;205.0;84.0;219.0;90.0;235.0;96.0;251.0;103.0;269.0;110.0;287.0;118.0;308.0;126.0;329.0;135.0;352.0;145.0;377.0;155.0;403.0;166.0;432.0;177.0;462.0;190.0;494.0;203.0;529.0;217.0;566.0;233.0;606.0;249.0;648.0;267.0;693.0;285.0;742.0;305.0;794.0;327.0;850;350
SRG;Semarang;-6.9723;110.3758;2;13.0;12.0;14.0;13.0;14.0;13.0;15.0;14.0;16.0;14.0;16.0;15.0;17.0;15.0;18.0;16.0;18.0;17.0;19.0;17.0;20.0;18.0;21.0;19.0;22.0;20.0;22.0;20.0;23.0;21.0;24.0;22.0;25.0;23.0;26.0;24.0;27.0;25.0;29.0;26.0;30.0;27.0;31.0;28.0;32.0;29.0;33.0;30.0;35.0;32.0;36.0;33.0;39.0;35.0;42.0;38.0;44.0;40.0;48.0;43.0;51.0;46.0;55.0;50.0;58.0;53.0;63.0;57.0;67.0;61.0;72.0;65.0;77.0;70.0;82.0;75.0;88.0;80.0;94.0;86.0;101.0;92.0;108.0;98.0;116.0;105.0;124.0;112.0;132.0;120.0;142.0;129.0;152.0;138.0;162.0;147.0;174.0;158.0;186.0;169.0;199.0;181.0;213.0;193.0;228.0;207.0;244.0;222.0;261.0;237.0;279.0;254.0;299.0;271.0;320.0;291.0;342.0;311.0;366.0;333.0;392.0;356.0;419.0;381.0;448.0;408.0;480.0;436.0;514.0;467.0;550;500
BPN;Balikpapan;-1.2682;116.8943;2;10.0;17.0;10.0;18.0;10.0;18.0;11.0;19.0;11.0;20.0;12.0;21.0;12.0;22.0;13.0;23.0;13.0;23.0;14.0;24.0;14.0;25.0;15.0;26.0;16.0;28.0;16.0;29.0;17.0;30.0;18.0;31.0;18.0;32.0;19.0;34.0;20.0;35.0;21.0;36.0;21.0;38.0;22.0;39.0;23.0;41.0;24.0;43.0;25.0;44.0;26.0;46.0;28.0;50.0;30.0;53.0;32.0;57.0;35.0;61.0;37.0;65.0;40.0;70.0;42.0;75.0;45.0;80.0;49.0;85.0;52.0;91.0;56.0;98.0;60.0;105.0;64.0;112.0;68.0;120.0;73.0;128.0;78.0;138.0;84.0;147.0;90.0;157.0;96.0;169.0;103.0;180.0;110.0;193.0;118.0;207.0;126.0;221.0;135.0;237.0;144.0;253.0;155.0;271.0;165.0;290.0;177.0;310.0;190.0;332.0;203.0;355.0;217.0;380.0;232.0;407.0;249.0;435.0;266.0;466.0;285.0;499.0;305.0;534.0;326.0;571.0;349.0;611.0;373.0;654.0;400;700
UPG;Makassar;-5.0616;119.5539;3;12.0;15.0;13.0;15.0;13.0;16.0;14.0;16.0;14.0;17.0;15.0;18.0;15.0;19.0;16.0;19.0;17.0;20.0;17.0;21.0;18.0;22.0;19.0;23.0;20.0;24.0;20.0;25.0;21.0;26.0;22.0;27.0;23.0;28.0;24.0;29.0;25.0;30.0;26.0;31.0;27.0;32.0;28.0;34.0;29.0;35.0;30.0;37.0;32.0;38.0;33.0;40.0;35.0;42.0;38.0;45.0;40.0;49.0;43.0;52.0;46.0;56.0;50.0;60.0;53.0;64.0;57.0;68.0;61.0;73.0;65.0;78.0;70.0;84.0;75.0;90.0;80.0;96.0;86.0;103.0;92.0;110.0;98.0;118.0;105.0;126.0;112.0;135.0;120.0;144.0;129.0;155.0;138.0;165.0;147.0;177.0;158.0;189.0;169.0;203.0;181.0;217.0;193.0;232.0;207.0;248.0;222.0;266.0;237.0;285.0;254.0;305.0;271.0;326.0;291.0;349.0;311.0;373.0;333.0;399.0;356.0;427.0;381.0;457.0;408.0;489.0;436.0;524.0;467.0;560.0;500;600
KNO;Medan;3.6305;98.8778;3;13.0;16.0;14.0;16.0;14.0;17.0;15.0;18.0;16.0;19.0;16.0;19.0;17.0;20.0;18.0;21.0;18.0;22.0;19.0;23.0;20.0;24.0;21.0;25.0;22.0;26.0;22.0;27.0;23.0;28.0;24.0;29.0;25.0;30.0;26.0;31.0;27.0;32.0;29.0;34.0;30.0;35.0;31.0;37.0;32.0;38.0;33.0;40.0;35.0;41.0;36.0;43.0;39.0;46.0;42.0;49.0;44.0;53.0;48.0;56.0;51.0;60.0;55.0;65.0;58.0;69.0;63.0;74.0;67.0;79.0;72.0;85.0;77.0;91.0;82.0;97.0;88.0;104.0;94.0;111.0;101.0;119.0;108.0;128.0;116.0;137.0;124.0;146.0;132.0;156.0;142.0;167.0;152.0;179.0;162.0;192.0;174.0;205.0;186.0;220.0;199.0;235.0;213.0;252.0;228.0;269.0;244.0;288.0;261.0;308.0;279.0;330.0;299.0;353.0;320.0;378.0;342.0;404.0;366.0;433.0;392.0;463.0;419.0;495.0;448.0;530.0;480.0;567.0;514.0;607.0;550;650
CEB;Cebu;10.3075;123.9794;3;21.0;13.0;22.0;14.0;23.0;14.0;23.0;15.0;24.0;16.0;25.0;16.0;26.0;17.0;28.0;18.0;29.0;18.0;30.0;19.0;31.0;20.0;32.0;21.0;34.0;22.0;35.0;22.0;36.0;23.0;38.0;24.0;39.0;25.0;41.0;26.0;43.0;27.0;44.0;29.0;46.0;30.0;48.0;31.0;50.0;32.0;52.0;33.0;54.0;35.0;56.0;36.0;60.0;39.0;64.0;42.0;69.0;44.0;74.0;48.0;79.0;51.0;85.0;55.0;91.0;58.0;97.0;63.0;104.0;67.0;111.0;72.0;119.0;77.0;127.0;82.0;136.0;88.0;146.0;94.0;156.0;101.0;167.0;108.0;179.0;116.0;191.0;124.0;205.0;132.0;219.0;142.0;235.0;152.0;251.0;162.0;269.0;174.0;287.0;186.0;308.0;199.0;329.0;213.0;352.0;228.0;377.0;244.0;403.0;261.0;432.0;279.0;462.0;299.0;494.0;320.0;529.0;342.0;566.0;366.0;606.0;392.0;648.0;419.0;693.0;448.0;742.0;480.0;794.0;514.0;850;550
DVO;Davao;7.126;125.6455;2;15.0;12.0;15.0;13.0;16.0;13.0;16.0;14.0;17.0;14.0;18.0;15.0;19.0;15.0;19.0;16.0;20.0;17.0;21.0;17.0;22.0;18.0;23.0;19.0;24.0;20.0;25.0;20.0;26.0;21.0;27.0;22.0;28.0;23.0;29.0;24.0;30.0;25.0;31.0;26.0;32.0;27.0;34.0;28.0;35.0;29.0;37.0;30.0;38.0;32.0;40.0;33.0;42.0;35.0;45.0;38.0;49.0;40.0;52.0;43.0;56.0;46.0;60.0;50.0;64.0;53.0;68.0;57.0;73.0;61.0;78.0;65.0;84.0;70.0;90.0;75.0;96.0;80.0;103.0;86.0;110.0;92.0;118.0;98.0;126.0;105.0;135.0;112.0;144.0;120.0;155.0;129.0;165.0;138.0;177.0;147.0;189.0;158.0;203.0;169.0;217.0;181.0;232.0;193.0;248.0;207.0;266.0;222.0;285.0;237.0;305.0;254.0;326.0;271.0;349.0;291.0;373.0;311.0;399.0;333.0;427.0;356.0;457.0;381.0;489.0;408.0;524.0;436.0;560.0;467.0;600;500
PNQ;Pune;18.5821;73.9196;3;17.0;28.0;18.0;29.0;18.0;30.0;19.0;31.0;20.0;32.0;20.0;32.0;21.0;33.0;21.0;34.0;22.0;36.0;23.0;37.0;23.0;38.0;24.0;39.0;25.0;40.0;26.0;41.0;26.0;43.0;27.0;44.0;28.0;45.0;29.0;47.0;30.0;48.0;31.0;49.0;32.0;51.0;33.0;52.0;34.0;54.0;35.0;56.0;36.0;57.0;37.0;59.0;38.0;61.0;39.0;63.0;40.0;65.0;41.0;67.0;43.0;69.0;44.0;71.0;45.0;73.0;47.0;75.0;48.0;77.0;50.0;80.0;51.0;82.0;53.0;84.0;54.0;87.0;56.0;90.0;57.0;92.0;63.0;101.0;68.0;110.0;75.0;120.0;81.0;130.0;89.0;142.0;97.0;155.0;105.0;169.0;115.0;184.0;125.0;201.0;137.0;219.0;149.0;239.0;163.0;260.0;177.0;284.0;193.0;310.0;211.0;337.0;230.0;368.0;250.0;401.0;273.0;437.0;298.0;477.0;324.0;519.0;354.0;566.0;386.0;617.0;420.0;673.0;458.0;733.0;500;800
GOI;Goa;15.3807;73.8313;3;33.0;8.0;34.0;9.0;35.0;9.0;36.0;9.0;38.0;10.0;39.0;10.0;40.0;10.0;41.0;10.0;42.0;11.0;44.0;11.0;45.0;11.0;46.0;12.0;48.0;12.0;49.0;13.0;51.0;13.0;52.0;13.0;54.0;14.0;55.0;14.0;57.0;15.0;59.0;15.0;60.0;16.0;62.0;16.0;64.0;17.0;66.0;17.0;68.0;18.0;70.0;18.0;72.0;19.0;75.0;19.0;77.0;20.0;79.0;20.0;81.0;21.0;84.0;22.0;86.0;22.0;89.0;23.0;92.0;24.0;95.0;25.0;97.0;25.0;100.0;26.0;103.0;27.0;106.0;28.0;110.0;28.0;120.0;31.0;130.0;34.0;142.0;37.0;155.0;40.0;169.0;44.0;184.0;48.0;201.0;52.0;219.0;57.0;239.0;62.0;260.0;68.0;284.0;74.0;309.0;81.0;337.0;88.0;368.0;96.0;401.0;105.0;437.0;115.0;476.0;125.0;519.0;136.0;566.0;149.0;617.0;162.0;673.0;177.0;733.0;193.0;799.0;210.0;871.0;229.0;950;250
TRV;Thiruvananthapuram;8.4821;76.9201;2;28.0;14.0;29.0;14.0;30.0;15.0;31.0;15.0;32.0;16.0;32.0;16.0;33.0;16.0;34.0;17.0;36.0;18.0;37.0;18.0;38.0;19.0;39.0;19.0;40.0;20.0;41.0;20.0;43.0;21.0;44.0;22.0;45.0;22.0;47.0;23.0;48.0;24.0;49.0;24.0;51.0;25.0;52.0;26.0;54.0;27.0;56.0;28.0;57.0;28.0;59.0;29.0;61.0;30.0;63.0;31.0;65.0;32.0;67.0;33.0;69.0;34.0;71.0;35.0;73.0;36.0;75.0;37.0;77.0;38.0;80.0;40.0;82.0;41.0;84.0;42.0;87.0;43.0;90.0;45.0;92.0;46.0;101.0;50.0;110.0;55.0;120.0;60.0;130.0;65.0;142.0;71.0;155.0;77.0;169.0;84.0;184.0;92.0;201.0;100.0;219.0;109.0;239.0;119.0;260.0;130.0;284.0;142.0;310.0;155.0;337.0;168.0;368.0;184.0;401.0;200.0;437.0;218.0;477.0;238.0;519.0;259.0;566.0;283.0;617.0;308.0;673.0;336.0;733.0;366.0;800;400
CJB;Coimbatore;11.0299;77.0434;2;15.0;21.0;16.0;21.0;16.0;22.0;17.0;23.0;18.0;24.0;18.0;24.0;19.0;25.0;19.0;26.0;20.0;27.0;20.0;27.0;21.0;28.0;22.0;29.0;22.0;30.0;23.0;31.0;24.0;32.0;24.0;33.0;25.0;34.0;26.0;35.0;27.0;36.0;28.0;37.0;28.0;38.0;29.0;39.0;30.0;40.0;31.0;42.0;32.0;43.0;33.0;44.0;34.0;46.0;35.0;47.0;36.0;48.0;37.0;50.0;38.0;51.0;39.0;53.0;41.0;54.0;42.0;56.0;43.0;58.0;45.0;60.0;46.0;61.0;47.0;63.0;49.0;65.0;50.0;67.0;52.0;69.0;56.0;75.0;62.0;82.0;67.0;90.0;73.0;98.0;80.0;107.0;87.0;116.0;95.0;127.0;103.0;138.0;113.0;151.0;123.0;164.0;134.0;179.0;146.0;195.0;159.0;213.0;174.0;232.0;190.0;253.0;207.0;276.0;225.0;301.0;246.0;328.0;268.0;357.0;292.0;389.0;318.0;425.0;347.0;463.0;378.0;505.0;412.0;550.0;450;600
LKO;Lucknow;26.7605;80.8893;2;19.0;17.0;20.0;18.0;20.0;18.0;21.0;19.0;22.0;20.0;22.0;20.0;23.0;21.0;24.0;21.0;24.0;22.0;25.0;23.0;26.0;23.0;27.0;24.0;27.0;25.0;28.0;26.0;29.0;26.0;30.0;27.0;31.0;28.0;32.0;29.0;33.0;30.0;34.0;31.0;35.0;32.0;36.0;33.0;37.0;34.0;38.0;35.0;39.0;36.0;40.0;37.0;42.0;38.0;43.0;39.0;44.0;40.0;46.0;41.0;47.0;43.0;48.0;44.0;50.0;45.0;51.0;47.0;53.0;48.0;55.0;50.0;56.0;51.0;58.0;53.0;60.0;54.0;61.0;56.0;63.0;57.0;69.0;63.0;75.0;68.0;82.0;75.0;90.0;81.0;98.0;89.0;106.0;97.0;116.0;105.0;127.0;115.0;138.0;125.0;150.0;137.0;164.0;149.0;179.0;163.0;195.0;177.0;213.0;193.0;232.0;211.0;253.0;230.0;276.0;250.0;300.0;273.0;327.0;298.0;357.0;324.0;389.0;354.0;424.0;386.0;462.0;420.0;504.0;458.0;550;500
JAI;Jaipur;26.8242;75.801;2;30.0;15.0;31.0;16.0;32.0;16.0;33.0;17.0;34.0;18.0;35.0;18.0;36.0;19.0;37.0;19.0;38.0;20.0;39.0;20.0;40.0;21.0;41.0;22.0;43.0;22.0;44.0;23.0;45.0;24.0;47.0;24.0;48.0;25.0;49.0;26.0;51.0;27.0;52.0;28.0;54.0;28.0;56.0;29.0;57.0;30.0;59.0;31.0;61.0;32.0;63.0;33.0;65.0;34.0;67.0;35.0;69.0;36.0;71.0;37.0;73.0;38.0;75.0;39.0;77.0;41.0;80.0;42.0;82.0;43.0;85.0;45.0;87.0;46.0;90.0;47.0;92.0;49.0;95.0;50.0;98.0;52.0;107.0;56.0;117.0;62.0;127.0;67.0;139.0;73.0;151.0;80.0;165.0;87.0;180.0;95.0;196.0;103.0;214.0;113.0;233.0;123.0;254.0;134.0;277.0;146.0;302.0;159.0;329.0;174.0;359.0;190.0;391.0;207.0;426.0;225.0;464.0;246.0;506.0;268.0;552.0;292.0;602.0;318.0;656.0;347.0;715.0;378.0;779.0;412.0;850;450
ATQ;Amritsar;31.7096;74.7973;2;26.0;12.0;27.0;12.0;28.0;13.0;29.0;13.0;30.0;14.0;30.0;14.0;31.0;14.0;32.0;15.0;33.0;15.0;34.0;16.0;35.0;16.0;36.0;17.0;38.0;17.0;39.0;18.0;40.0;18.0;41.0;19.0;42.0;19.0;44.0;20.0;45.0;21.0;46.0;21.0;48.0;22.0;49.0;23.0;51.0;23.0;52.0;24.0;54.0;25.0;55.0;26.0;57.0;26.0;59.0;27.0;61.0;28.0;62.0;29.0;64.0;30.0;66.0;31.0;68.0;32.0;70.0;33.0;72.0;33.0;75.0;35.0;77.0;36.0;79.0;37.0;81.0;38.0;84.0;39.0;86.0;40.0;94.0;44.0;103.0;48.0;112.0;52.0;122.0;57.0;133.0;62.0;145.0;68.0;158.0;74.0;173.0;80.0;188.0;88.0;205.0;96.0;224.0;104.0;244.0;114.0;266.0;124.0;290.0;135.0;316.0;147.0;345.0;161.0;376.0;175.0;410.0;191.0;447.0;208.0;487.0;227.0;531.0;247.0;579.0;270.0;631.0;294.0;688.0;321.0;750;350
ISB;Islamabad;33.5499;72.8252;3;14.0;23.0;14.0;23.0;15.0;24.0;15.0;25.0;16.0;26.0;16.0;26.0;16.0;27.0;17.0;28.0;18.0;29.0;18.0;30.0;19.0;31.0;19.0;31.0;20.0;32.0;20.0;33.0;21.0;34.0;22.0;36.0;22.0;37.0;23.0;38.0;24.0;39.0;24.0;40.0;25.0;41.0;26.0;42.0;27.0;44.0;28.0;45.0;28.0;46.0;29.0;48.0;30.0;49.0;31.0;51.0;32.0;52.0;33.0;54.0;34.0;56.0;35.0;57.0;36.0;59.0;37.0;61.0;38.0;63.0;40.0;65.0;41.0;66.0;42.0;68.0;43.0;71.0;45.0;73.0;46.0;75.0;50.0;82.0;55.0;89.0;60.0;97.0;65.0;106.0;71.0;115.0;77.0;126.0;84.0;137.0;92.0;150.0;100.0;163.0;109.0;178.0;119.0;194.0;130.0;212.0;142.0;231.0;155.0;251.0;168.0;274.0;184.0;299.0;200.0;326.0;218.0;355.0;238.0;387.0;259.0;422.0;283.0;460.0;308.0;501.0;336.0;547.0;366.0;596.0;400;650
LHE;Lahore;31.5215;74.4035;3;15.0;21.0;16.0;21.0;16.0;22.0;17.0;23.0;18.0;24.0;18.0;24.0;19.0;25.0;19.0;26.0;20.0;27.0;20.0;27.0;21.0;28.0;22.0;29.0;22.0;30.0;23.0;31.0;24.0;32.0;24.0;33.0;25.0;34.0;26.0;35.0;27.0;36.0;28.0;37.0;28.0;38.0;29.0;39.0;30.0;40.0;31.0;42.0;32.0;43.0;33.0;44.0;34.0;46.0;35.0;47.0;36.0;48.0;37.0;50.0;38.0;51.0;39.0;53.0;41.0;54.0;42.0;56.0;43.0;58.0;45.0;60.0;46.0;61.0;47.0;63.0;49.0;65.0;50.0;67.0;52.0;69.0;56.0;75.0;62.0;82.0;67.0;90.0;73.0;98.0;80.0;107.0;87.0;116.0;95.0;127.0;103.0;138.0;113.0;151.0;123.0;164.0;134.0;179.0;146.0;195.0;159.0;213.0;174.0;232.0;190.0;253.0;207.0;276.0;225.0;301.0;246.0;328.0;268.0;357.0;292.0;389.0;318.0;425.0;347.0;463.0;378.0;505.0;412.0;550.0;450;600
KHI;Karatschi;24.9007;67.1681;3;12.0;26.0;12.0;27.0;13.0;28.0;13.0;29.0;14.0;30.0;14.0;30.0;14.0;31.0;15.0;32.0;15.0;33.0;16.0;34.0;16.0;35.0;17.0;36.0;17.0;38.0;18.0;39.0;18.0;40.0;19.0;41.0;19.0;42.0;20.0;44.0;21.0;45.0;21.0;46.0;22.0;48.0;23.0;49.0;23.0;51.0;24.0;52.0;25.0;54.0;26.0;55.0;26.0;57.0;27.0;59.0;28.0;61.0;29.0;62.0;30.0;64.0;31.0;66.0;32.0;68.0;33.0;70.0;33.0;72.0;35.0;75.0;36.0;77.0;37.0;79.0;38.0;81.0;39.0;84.0;40.0;86.0;44.0;94.0;48.0;103.0;52.0;112.0;57.0;122.0;62.0;133.0;68.0;145.0;74.0;158.0;80.0;173.0;88.0;188.0;96.0;205.0;104.0;224.0;114.0;244.0;124.0;266.0;135.0;290.0;147.0;316.0;161.0;345.0;175.0;376.0;191.0;410.0;208.0;447.0;227.0;487.0;247.0;531.0;270.0;579.0;294.0;631.0;321.0;688.0;350;750
DAC;Dhaka;23.8433;90.4013;4;10.0;24.0;10.0;25.0;11.0;26.0;11.0;27.0;12.0;28.0;12.0;28.0;12.0;29.0;13.0;30.0;13.0;31.0;13.0;32.0;14.0;33.0;14.0;34.0;15.0;35.0;15.0;36.0;16.0;37.0;16.0;38.0;17.0;39.0;17.0;41.0;18.0;42.0;18.0;43.0;19.0;44.0;19.0;46.0;20.0;47.0;21.0;49.0;21.0;50.0;22.0;52.0;23.0;53.0;23.0;55.0;24.0;56.0;25.0;58.0;25.0;60.0;26.0;62.0;27.0;64.0;28.0;66.0;29.0;67.0;30.0;70.0;30.0;72.0;31.0;74.0;32.0;76.0;33.0;78.0;34.0;81.0;37.0;88.0;41.0;96.0;45.0;105.0;49.0;114.0;53.0;124.0;58.0;136.0;63.0;148.0;69.0;161.0;75.0;176.0;82.0;192.0;89.0;209.0;97.0;228.0;106.0;248.0;116.0;271.0;126.0;295.0;138.0;322.0;150.0;351.0;164.0;382.0;178.0;417.0;194.0;454.0;212.0;495.0;231.0;540.0;252.0;589.0;275.0;642.0;300;700
KTM;Kathmandu;27.6966;85.3591;3;30.0;12.0;31.0;12.0;32.0;13.0;33.0;13.0;34.0;14.0;35.0;14.0;36.0;14.0;37.0;15.0;38.0;15.0;39.0;16.0;40.0;16.0;41.0;17.0;43.0;17.0;44.0;18.0;45.0;18.0;47.0;19.0;48.0;19.0;49.0;20.0;51.0;21.0;52.0;21.0;54.0;22.0;56.0;23.0;57.0;23.0;59.0;24.0;61.0;25.0;63.0;26.0;65.0;26.0;67.0;27.0;69.0;28.0;71.0;29.0;73.0;30.0;75.0;31.0;77.0;32.0;80.0;33.0;82.0;33.0;85.0;35.0;87.0;36.0;90.0;37.0;92.0;38.0;95.0;39.0;98.0;40.0;107.0;44.0;117.0;48.0;127.0;52.0;139.0;57.0;151.0;62.0;165.0;68.0;180.0;74.0;196.0;80.0;214.0;88.0;233.0;96.0;254.0;104.0;277.0;114.0;302.0;124.0;329.0;135.0;359.0;147.0;391.0;161.0;426.0;175.0;464.0;191.0;506.0;208.0;552.0;227.0;602.0;247.0;656.0;270.0;715.0;294.0;779.0;321.0;850;350
CMB;Colombo;7.1802;79.8838;3;28.0;19.0;29.0;20.0;30.0;20.0;31.0;21.0;32.0;22.0;32.0;22.0;33.0;23.0;34.0;24.0;36.0;24.0;37.0;25.0;38.0;26.0;39.0;27.0;40.0;27.0;41.0;28.0;43.0;29.0;44.0;30.0;45.0;31.0;47.0;32.0;48.0;33.0;49.0;34.0;51.0;35.0;52.0;36.0;54.0;37.0;56.0;38.0;57.0;39.0;59.0;40.0;61.0;42.0;63.0;43.0;65.0;44.0;67.0;46.0;69.0;47.0;71.0;48.0;73.0;50.0;75.0;51.0;77.0;53.0;80.0;55.0;82.0;56.0;84.0;58.0;87.0;60.0;90.0;61.0;92.0;63.0;101.0;69.0;110.0;75.0;120.0;82.0;130.0;90.0;142.0;98.0;155.0;106.0;169.0;116.0;184.0;127.0;201.0;138.0;219.0;150.0;239.0;164.0;260.0;179.0;284.0;195.0;310.0;213.0;337.0;232.0;368.0;253.0;401.0;276.0;437.0;300.0;477.0;327.0;519.0;357.0;566.0;389.0;617.0;424.0;673.0;462.0;733.0;504.0;800;550
MLE;Malé;4.1918;73.5291;3;35.0;5.0;36.0;5.0;37.0;5.0;38.0;5.0;39.0;6.0;40.0;6.0;42.0;6.0;43.0;6.0;44.0;6.0;45.0;6.0;47.0;7.0;48.0;7.0;50.0;7.0;51.0;7.0;53.0;8.0;54.0;8.0;56.0;8.0;58.0;8.0;59.0;9.0;61.0;9.0;63.0;9.0;65.0;9.0;67.0;10.0;69.0;10.0;71.0;10.0;73.0;11.0;75.0;11.0;78.0;11.0;80.0;12.0;82.0;12.0;85.0;12.0;87.0;13.0;90.0;13.0;93.0;14.0;96.0;14.0;99.0;15.0;102.0;15.0;105.0;15.0;108.0;16.0;111.0;16.0;114.0;17.0;125.0;18.0;136.0;20.0;148.0;22.0;162.0;24.0;176.0;26.0;192.0;29.0;209.0;31.0;228.0;34.0;249.0;37.0;271.0;41.0;296.0;44.0;322.0;48.0;351.0;53.0;383.0;58.0;418.0;63.0;455.0;69.0;496.0;75.0;541.0;82.0;590.0;89.0;643.0;97.0;701.0;106.0;764.0;115.0;833.0;126.0;908.0;137.0;990;150
SAH;Sanaa;15.4762;44.2197;1;11.0;23.0;12.0;24.0;12.0;25.0;13.0;26.0;13.0;27.0;14.0;28.0;14.0;29.0;15.0;30.0;16.0;32.0;16.0;33.0;17.0;34.0;18.0;36.0;18.0;37.0;19.0;39.0;20.0;40.0;21.0;42.0;22.0;44.0;22.0;45.0;23.0;47.0;24.0;49.0;25.0;51.0;26.0;53.0;27.0;55.0;29.0;58.0;30.0;60.0;31.0;62.0;32.0;65.0;33.0;67.0;35.0;70.0;36.0;73.0;38.0;76.0;39.0;79.0;41.0;82.0;42.0;85.0;44.0;89.0;46.0;92.0;48.0;96.0;50.0;100.0;52.0;104.0;54.0;108.0;56.0;113.0;58.0;117.0;61.0;122.0;63.0;127.0;66.0;132.0;68.0;137.0;71.0;143.0;74.0;148.0;77.0;154.0;80.0;160.0;83.0;167.0;86.0;173.0;87.0;175.0;88.0;177.0;89.0;179.0;90.0;181.0;91.0;182.0;92.0;184.0;93.0;186.0;94.0;188.0;95.0;190.0;96.0;192.0;97.0;194.0;98.0;196.0;99.0;198.0;100;200
SYZ;Schiras;29.5392;52.5898;2;70.0;52.0;73.0;55.0;76.0;57.0;79.0;59.0;82.0;61.0;85.0;64.0;89.0;67.0;92.0;69.0;96.0;72.0;100.0;75.0;104.0;78.0;108.0;81.0;113.0;84.0;117.0;88.0;122.0;91.0;127.0;95.0;132.0;99.0;137.0;103.0;143.0;107.0;148.0;111.0;154.0;116.0;160.0;120.0;167.0;125.0;174.0;130.0;181.0;135.0;188.0;141.0;195.0;146.0;203.0;152.0;211.0;158.0;220.0;165.0;229.0;171.0;238.0;178.0;247.0;185.0;257.0;193.0;267.0;200.0;278.0;209.0;289.0;217.0;301.0;226.0;313.0;235.0;326.0;244.0;339.0;254.0;352.0;264.0;366.0;275.0;381.0;286.0;396.0;297.0;412.0;309.0;429.0;321.0;446.0;334.0;464.0;348.0;482.0;361.0;501.0;376.0;521.0;391.0;527.0;395.0;532.0;399.0;537.0;403.0;543.0;407.0;548.0;411.0;554.0;415.0;559.0;419.0;565.0;423.0;570.0;428.0;576.0;432.0;582.0;436.0;588.0;441.0;594.0;445.0;600;450
MHD;Maschhad;36.2341;59.6409;3;88.0;47.0;91.0;48.0;95.0;50.0;99.0;52.0;103.0;55.0;107.0;57.0;111.0;59.0;116.0;61.0;120.0;64.0;125.0;67.0;130.0;69.0;135.0;72.0;141.0;75.0;146.0;78.0;152.0;81.0;158.0;84.0;165.0;88.0;171.0;91.0;178.0;95.0;185.0;99.0;193.0;103.0;201.0;107.0;209.0;111.0;217.0;116.0;226.0;120.0;235.0;125.0;244.0;130.0;254.0;135.0;264.0;141.0;275.0;146.0;286.0;152.0;297.0;158.0;309.0;165.0;322.0;171.0;334.0;178.0;348.0;185.0;362.0;193.0;376.0;200.0;391.0;208.0;407.0;217.0;423.0;226.0;440.0;235.0;458.0;244.0;476.0;254.0;495.0;264.0;515.0;275.0;536.0;286.0;557.0;297.0;580.0;309.0;603.0;321.0;627.0;334.0;652.0;347.0;658.0;351.0;665.0;354.0;672.0;358.0;678.0;362.0;685.0;365.0;692.0;369.0;699.0;373.0;706.0;376.0;713.0;380.0;720.0;384.0;727.0;388.0;735.0;392.0;742.0;396.0;750;400
BGW;Bagdad;33.2625;44.2344;2;23.0;58.0;24.0;61.0;25.0;63.0;26.0;66.0;27.0;68.0;28.0;71.0;29.0;74.0;30.0;77.0;32.0;80.0;33.0;83.0;34.0;87.0;36.0;90.0;37.0;94.0;39.0;97.0;40.0;101.0;42.0;105.0;44.0;110.0;45.0;114.0;47.0;119.0;49.0;123.0;51.0;128.0;53.0;134.0;55.0;139.0;58.0;145.0;60.0;150.0;62.0;156.0;65.0;163.0;67.0;169.0;70.0;176.0;73.0;183.0;76.0;190.0;79.0;198.0;82.0;206.0;85.0;214.0;89.0;223.0;92.0;232.0;96.0;241.0;100.0;251.0;104.0;261.0;108.0;271.0;113.0;282.0;117.0;293.0;122.0;305.0;127.0;317.0;132.0;330.0;137.0;343.0;143.0;357.0;148.0;371.0;154.0;386.0;160.0;402.0;167.0;418.0;173.0;434.0;175.0;439.0;177.0;443.0;179.0;448.0;181.0;452.0;182.0;457.0;184.0;461.0;186.0;466.0;188.0;471.0;190.0;475.0;192.0;480.0;194.0;485.0;196.0;490.0;198.0;495.0;200;500
EBL;Erbil;36.2372;43.9599;2;35.0;70.0;36.0;73.0;38.0;76.0;39.0;79.0;41.0;82.0;42.0;85.0;44.0;89.0;46.0;92.0;48.0;96.0;50.0;100.0;52.0;104.0;54.0;108.0;56.0;113.0;58.0;117.0;61.0;122.0;63.0;127.0;66.0;132.0;68.0;137.0;71.0;143.0;74.0;148.0;77.0;154.0;80.0;160.0;83.0;167.0;87.0;174.0;90.0;181.0;94.0;188.0;97.0;195.0;101.0;203.0;105.0;211.0;110.0;220.0;114.0;229.0;119.0;238.0;123.0;247.0;128.0;257.0;133.0;267.0;139.0;278.0;144.0;289.0;150.0;301.0;156.0;313.0;163.0;326.0;169.0;339.0;176.0;352.0;183.0;366.0;190.0;381.0;198.0;396.0;206.0;412.0;214.0;429.0;223.0;446.0;232.0;464.0;241.0;482.0;250.0;501.0;260.0;521.0;263.0;527.0;266.0;532.0;268.0;537.0;271.0;543.0;274.0;548.0;277.0;554.0;279.0;559.0;282.0;565.0;285.0;570.0;288.0;576.0;291.0;582.0;294.0;588.0;297.0;594.0;300;600
NJF;Nadschaf;31.9904;44.3686;2;94.0;23.0;97.0;24.0;101.0;25.0;105.0;26.0;110.0;27.0;114.0;28.0;119.0;29.0;123.0;30.0;128.0;32.0;134.0;33.0;139.0;34.0;144.0;36.0;150.0;37.0;156.0;39.0;163.0;40.0;169.0;42.0;176.0;44.0;183.0;45.0;190.0;47.0;198.0;49.0;206.0;51.0;214.0;53.0;223.0;55.0;232.0;58.0;241.0;60.0;251.0;62.0;261.0;65.0;271.0;67.0;282.0;70.0;293.0;73.0;305.0;76.0;317.0;79.0;330.0;82.0;343.0;85.0;357.0;89.0;371.0;92.0;386.0;96.0;401.0;100.0;417.0;104.0;434.0;108.0;452.0;113.0;470.0;117.0;488.0;122.0;508.0;127.0;528.0;132.0;550.0;137.0;572.0;143.0;594.0;148.0;618.0;154.0;643.0;160.0;669.0;167.0;695.0;173.0;702.0;175.0;709.0;177.0;717.0;179.0;724.0;181.0;731.0;182.0;738.0;184.0;746.0;186.0;753.0;188.0;761.0;190.0;768.0;192.0;776.0;194.0;784.0;196.0;792.0;198.0;800;200
DMM;Dammam;26.4711;49.7978;4;3.0;8.0;3.0;9.0;3.0;9.0;3.0;9.0;3.0;9.0;3.0;9.0;3.0;10.0;3.0;10.0;3.0;10.0;3.0;10.0;3.0;10.0;3.0;11.0;3.0;11.0;4.0;11.0;4.0;11.0;4.0;11.0;4.0;12.0;4.0;12.0;4.0;12.0;4.0;12.0;4.0;13.0;4.0;13.0;4.0;13.0;4.0;14.0;5.0;14.0;5.0;14.0;5.0;14.0;5.0;15.0;5.0;15.0;5.0;15.0;5.0;16.0;6.0;18.0;7.0;20.0;7.0;22.0;8.0;25.0;10.0;28.0;11.0;31.0;12.0;35.0;14.0;39.0;15.0;44.0;17.0;49.0;19.0;55.0;22.0;62.0;24.0;70.0;27.0;78.0;31.0;88.0;34.0;98.0;39.0;110.0;43.0;123.0;48.0;138.0;54.0;155.0;61.0;173.0;68.0;194.0;77.0;218.0;86.0;244.0;96.0;273.0;108.0;306.0;121.0;343.0;135.0;384.0;151.0;430.0;170.0;482.0;190.0;540.0;213.0;605.0;239.0;677.0;267.0;758.0;300;850
MED;Medina;24.5534;39.7051;4;9.0;1.0;10.0;1.0;10.0;1.0;10.0;1.0;10.0;1.0;10.0;1.0;11.0;1.0;11.0;1.0;11.0;1.0;11.0;1.0;12.0;1.0;12.0;1.0;12.0;1.0;12.0;2.0;13.0;2.0;13.0;2.0;13.0;2.0;13.0;2.0;14.0;2.0;14.0;2.0;14.0;2.0;15.0;2.0;15.0;2.0;15.0;2.0;15.0;2.0;16.0;2.0;16.0;2.0;16.0;2.0;17.0;2.0;17.0;2.0;17.0;2.0;20.0;3.0;22.0;3.0;25.0;3.0;28.0;4.0;31.0;5.0;35.0;5.0;39.0;6.0;44.0;7.0;49.0;7.0;55.0;8.0;62.0;9.0;70.0;11.0;78.0;12.0;87.0;13.0;98.0;15.0;110.0;17.0;123.0;19.0;138.0;21.0;154.0;24.0;173.0;27.0;194.0;30.0;217.0;34.0;243.0;38.0;273.0;43.0;305.0;48.0;342.0;54.0;383.0;60.0;429.0;67.0;481.0;75.0;539.0;85.0;603.0;95.0;676.0;106.0;757.0;119.0;848.0;133.0;950;150
SHJ;Schardscha;25.3285;55.5171;3;6.0;6.0;6.0;6.0;7.0;6.0;7.0;6.0;7.0;6.0;7.0;6.0;7.0;7.0;7.0;7.0;7.0;7.0;8.0;7.0;8.0;7.0;8.0;7.0;8.0;7.0;8.0;8.0;8.0;8.0;9.0;8.0;9.0;8.0;9.0;8.0;9.0;8.0;9.0;9.0;10.0;9.0;10.0;9.0;10.0;9.0;10.0;9.0;10.0;10.0;11.0;10.0;11.0;10.0;11.0;10.0;11.0;10.0;12.0;11.0;12.0;11.0;13.0;12.0;15.0;14.0;17.0;15.0;19.0;17.0;21.0;20.0;24.0;22.0;27.0;25.0;30.0;28.0;34.0;31.0;38.0;35.0;42.0;39.0;47.0;44.0;53.0;49.0;60.0;55.0;67.0;62.0;75.0;69.0;84.0;78.0;94.0;87.0;106.0;97.0;118.0;109.0;133.0;122.0;148.0;137.0;166.0;154.0;186.0;172.0;209.0;193.0;234.0;216.0;262.0;242.0;294.0;271.0;329.0;303.0;368.0;340.0;413.0;381.0;462.0;427.0;518.0;478.0;580.0;535.0;650;600
SLL;Salala;17.0388;54.0913;2;8.0;3.0;8.0;3.0;8.0;3.0;8.0;3.0;9.0;3.0;9.0;3.0;9.0;3.0;9.0;3.0;9.0;3.0;9.0;3.0;10.0;3.0;10.0;3.0;10.0;3.0;10.0;4.0;11.0;4.0;11.0;4.0;11.0;4.0;11.0;4.0;11.0;4.0;12.0;4.0;12.0;4.0;12.0;4.0;12.0;4.0;13.0;4.0;13.0;5.0;13.0;5.0;13.0;5.0;14.0;5.0;14.0;5.0;14.0;5.0;15.0;5.0;16.0;6.0;19.0;7.0;21.0;7.0;23.0;8.0;26.0;10.0;29.0;11.0;33.0;12.0;37.0;14.0;42.0;15.0;47.0;17.0;52.0;19.0;59.0;22.0;66.0;24.0;74.0;27.0;82.0;31.0;92.0;34.0;104.0;39.0;116.0;43.0;130.0;48.0;146.0;54.0;163.0;61.0;183.0;68.0;205.0;77.0;229.0;86.0;257.0;96.0;288.0;108.0;323.0;121.0;361.0;135.0;405.0;151.0;453.0;170.0;508.0;190.0;569.0;213.0;637.0;239.0;714.0;267.0;800;300
MDE;Medellin;6.1645;-75.423;3;59.0;51.0;62.0;54.0;66.0;57.0;70.0;61.0;74.0;64.0;79.0;68.0;84.0;72.0;89.0;77.0;94.0;81.0;100.0;86.0;106.0;91.0;112.0;97.0;119.0;103.0;126.0;109.0;133.0;116.0;142.0;123.0;150.0;130.0;159.0;138.0;169.0;146.0;179.0;155.0;190.0;164.0;190.0;164.0;190.0;164.0;190.0;164.0;190.0;164.0;190.0;164.0;190.0;164.0;190.0;164.0;190.0;164.0;190.0;164.0;190.0;164.0;197.0;171.0;205.0;178.0;213.0;185.0;222.0;192.0;231.0;200.0;240.0;208.0;250.0;216.0;260.0;225.0;270.0;234.0;281.0;243.0;292.0;253.0;304.0;263.0;316.0;274.0;329.0;285.0;342.0;296.0;355.0;308.0;370.0;320.0;385.0;333.0;400.0;347.0;416.0;360.0;433.0;375.0;450.0;390.0;468.0;405.0;487.0;422.0;506.0;439.0;526.0;456.0;548.0;474.0;569.0;493.0;592.0;513.0;616.0;534.0;641.0;555.0;666.0;577.0;693.0;600.0;721.0;625.0;750;650
CLO;Cali;3.5432;-76.3815;3;47.0;43.0;50.0;46.0;53.0;48.0;56.0;51.0;59.0;54.0;63.0;58.0;67.0;61.0;71.0;65.0;75.0;69.0;80.0;73.0;84.0;77.0;89.0;82.0;95.0;87.0;101.0;92.0;107.0;98.0;113.0;104.0;120.0;110.0;127.0;117.0;135.0;124.0;143.0;131.0;152.0;139.0;152.0;139.0;152.0;139.0;152.0;139.0;152.0;139.0;152.0;139.0;152.0;139.0;152.0;139.0;152.0;139.0;152.0;139.0;152.0;139.0;158.0;144.0;164.0;150.0;171.0;156.0;177.0;163.0;184.0;169.0;192.0;176.0;200.0;183.0;208.0;190.0;216.0;198.0;225.0;206.0;234.0;214.0;243.0;223.0;253.0;232.0;263.0;241.0;273.0;251.0;284.0;261.0;296.0;271.0;308.0;282.0;320.0;293.0;333.0;305.0;346.0;317.0;360.0;330.0;374.0;343.0;389.0;357.0;405.0;371.0;421.0;386.0;438.0;401.0;455.0;417.0;474.0;434.0;493.0;452.0;512.0;470.0;533.0;488.0;554.0;508.0;576.0;528.0;600;550
BAQ;Barranquilla;10.8895;-74.7808;2;43.0;47.0;46.0;50.0;48.0;53.0;51.0;56.0;54.0;59.0;58.0;63.0;61.0;67.0;65.0;71.0;69.0;75.0;73.0;80.0;77.0;84.0;82.0;89.0;87.0;95.0;92.0;101.0;98.0;107.0;104.0;113.0;110.0;120.0;117.0;127.0;124.0;135.0;131.0;143.0;139.0;152.0;139.0;152.0;139.0;152.0;139.0;152.0;139.0;152.0;139.0;152.0;139.0;152.0;139.0;152.0;139.0;152.0;139.0;152.0;139.0;152.0;144.0;158.0;150.0;164.0;156.0;171.0;163.0;177.0;169.0;184.0;176.0;192.0;183.0;200.0;190.0;208.0;198.0;216.0;206.0;225.0;214.0;234.0;223.0;243.0;232.0;253.0;241.0;263.0;251.0;273.0;261.0;284.0;271.0;296.0;282.0;308.0;293.0;320.0;305.0;333.0;317.0;346.0;330.0;360.0;343.0;374.0;357.0;389.0;371.0;405.0;386.0;421.0;401.0;438.0;417.0;455.0;434.0;474.0;452.0;493.0;470.0;512.0;488.0;533.0;508.0;554.0;528.0;576.0;550;600
CTG;Cartagena;10.4424;-75.5129;3;71.0;23.0;75.0;25.0;79.0;26.0;84.0;28.0;89.0;29.0;95.0;31.0;100.0;33.0;106.0;35.0;113.0;37.0;120.0;40.0;127.0;42.0;134.0;44.0;143.0;47.0;151.0;50.0;160.0;53.0;170.0;56.0;180.0;60.0;191.0;63.0;202.0;67.0;215.0;71.0;228.0;76.0;228.0;76.0;228.0;76.0;228.0;76.0;228.0;76.0;228.0;76.0;228.0;76.0;228.0;76.0;228.0;76.0;228.0;76.0;228.0;76.0;237.0;79.0;246.0;82.0;256.0;85.0;266.0;88.0;277.0;92.0;288.0;96.0;300.0;100.0;312.0;104.0;324.0;108.0;337.0;112.0;351.0;117.0;365.0;121.0;379.0;126.0;394.0;131.0;410.0;136.0;427.0;142.0;444.0;148.0;462.0;154.0;480.0;160.0;499.0;166.0;519.0;173.0;540.0;180.0;562.0;187.0;584.0;194.0;608.0;202.0;632.0;210.0;657.0;219.0;683.0;227.0;711.0;237.0;739.0;246.0;769.0;256.0;800.0;266.0;832.0;277.0;865.0;288.0;900;300
UIO;Quito;-0.1291;-78.3575;3;59.0;51.0;62.0;54.0;66.0;57.0;70.0;61.0;74.0;64.0;79.0;68.0;84.0;72.0;89.0;77.0;94.0;81.0;100.0;86.0;106.0;91.0;112.0;97.0;119.0;103.0;126.0;109.0;133.0;116.0;142.0;123.0;150.0;130.0;159.0;138.0;169.0;146.0;179.0;155.0;190.0;164.0;190.0;164.0;190.0;164.0;190.0;164.0;190.0;164.0;190.0;164.0;190.0;164.0;190.0;164.0;190.0;164.0;190.0;164.0;190.0;164.0;197.0;171.0;205.0;178.0;213.0;185.0;222.0;192.0;231.0;200.0;240.0;208.0;250.0;216.0;260.0;225.0;270.0;234.0;281.0;243.0;292.0;253.0;304.0;263.0;316.0;274.0;329.0;285.0;342.0;296.0;355.0;308.0;370.0;320.0;385.0;333.0;400.0;347.0;416.0;360.0;433.0;375.0;450.0;390.0;468.0;405.0;487.0;422.0;506.0;439.0;526.0;456.0;548.0;474.0;569.0;493.0;592.0;513.0;616.0;534.0;641.0;555.0;666.0;577.0;693.0;600.0;721.0;625.0;750;650
GYE;Guayaquil;-2.1574;-79.8835;3;51.0;55.0;54.0;58.0;57.0;62.0;61.0;65.0;64.0;69.0;68.0;74.0;72.0;78.0;77.0;83.0;81.0;88.0;86.0;93.0;91.0;99.0;97.0;104.0;103.0;111.0;109.0;117.0;116.0;125.0;123.0;132.0;130.0;140.0;138.0;148.0;146.0;157.0;155.0;167.0;164.0;177.0;164.0;177.0;164.0;177.0;164.0;177.0;164.0;177.0;164.0;177.0;164.0;177.0;164.0;177.0;164.0;177.0;164.0;177.0;164.0;177.0;171.0;184.0;178.0;191.0;185.0;199.0;192.0;207.0;200.0;215.0;208.0;224.0;216.0;233.0;225.0;242.0;234.0;252.0;243.0;262.0;253.0;273.0;263.0;284.0;274.0;295.0;285.0;307.0;296.0;319.0;308.0;332.0;320.0;345.0;333.0;359.0;347.0;373.0;360.0;388.0;375.0;404.0;390.0;420.0;405.0;437.0;422.0;454.0;439.0;472.0;456.0;491.0;474.0;511.0;493.0;531.0;513.0;553.0;534.0;575.0;555.0;598.0;577.0;622.0;600.0;647.0;625.0;673.0;650;700
VVI;Santa Cruz;-17.6447;-63.1352;2;39.0;47.0;41.0;50.0;44.0;53.0;47.0;56.0;49.0;59.0;52.0;63.0;56.0;67.0;59.0;71.0;62.0;75.0;66.0;80.0;70.0;84.0;74.0;89.0;79.0;95.0;84.0;101.0;89.0;107.0;94.0;113.0;100.0;120.0;106.0;127.0;112.0;135.0;119.0;143.0;126.0;152.0;126.0;152.0;126.0;152.0;126.0;152.0;126.0;152.0;126.0;152.0;126.0;152.0;126.0;152.0;126.0;152.0;126.0;152.0;126.0;152.0;131.0;158.0;137.0;164.0;142.0;171.0;148.0;177.0;154.0;184.0;160.0;192.0;166.0;200.0;173.0;208.0;180.0;216.0;187.0;225.0;195.0;234.0;202.0;243.0;210.0;253.0;219.0;263.0;228.0;273.0;237.0;284.0;246.0;296.0;256.0;308.0;266.0;320.0;277.0;333.0;288.0;346.0;300.0;360.0;312.0;374.0;324.0;389.0;337.0;405.0;351.0;421.0;365.0;438.0;379.0;455.0;395.0;474.0;410.0;493.0;427.0;512.0;444.0;533.0;462.0;554.0;480.0;576.0;500;600
LPB;La Paz;-16.5133;-68.1922;2;51.0;35.0;54.0;37.0;57.0;39.0;61.0;42.0;64.0;44.0;68.0;47.0;72.0;50.0;77.0;53.0;81.0;56.0;86.0;60.0;91.0;63.0;97.0;67.0;103.0;71.0;109.0;75.0;116.0;80.0;123.0;85.0;130.0;90.0;138.0;95.0;146.0;101.0;155.0;107.0;164.0;114.0;164.0;114.0;164.0;114.0;164.0;114.0;164.0;114.0;164.0;114.0;164.0;114.0;164.0;114.0;164.0;114.0;164.0;114.0;164.0;114.0;171.0;118.0;178.0;123.0;185.0;128.0;192.0;133.0;200.0;138.0;208.0;144.0;216.0;150.0;225.0;156.0;234.0;162.0;243.0;168.0;253.0;175.0;263.0;182.0;274.0;189.0;285.0;197.0;296.0;205.0;308.0;213.0;320.0;222.0;333.0;231.0;347.0;240.0;360.0;249.0;375.0;259.0;390.0;270.0;405.0;281.0;422.0;292.0;439.0;304.0;456.0;316.0;474.0;328.0;493.0;341.0;513.0;355.0;534.0;369.0;555.0;384.0;577.0;400.0;600.0;416.0;625.0;432.0;650;450
ASU;Asuncion;-25.2397;-57.5199;2;35.0;43.0;37.0;46.0;39.0;48.0;42.0;51.0;44.0;54.0;47.0;58.0;50.0;61.0;53.0;65.0;56.0;69.0;60.0;73.0;63.0;77.0;67.0;82.0;71.0;87.0;75.0;92.0;80.0;98.0;85.0;104.0;90.0;110.0;95.0;117.0;101.0;124.0;107.0;131.0;114.0;139.0;114.0;139.0;114.0;139.0;114.0;139.0;114.0;139.0;114.0;139.0;114.0;139.0;114.0;139.0;114.0;139.0;114.0;139.0;114.0;139.0;118.0;144.0;123.0;150.0;128.0;156.0;133.0;163.0;138.0;169.0;144.0;176.0;150.0;183.0;156.0;190.0;162.0;198.0;168.0;206.0;175.0;214.0;182.0;223.0;189.0;232.0;197.0;241.0;205.0;251.0;213.0;261.0;222.0;271.0;231.0;282.0;240.0;293.0;249.0;305.0;259.0;317.0;270.0;330.0;281.0;343.0;292.0;357.0;304.0;371.0;316.0;386.0;328.0;401.0;341.0;417.0;355.0;434.0;369.0;452.0;384.0;470.0;400.0;488.0;416.0;508.0;432.0;528.0;450;550
MVD;Montevideo;-34.8384;-56.0264;2;51.0;47.0;54.0;50.0;57.0;53.0;61.0;56.0;64.0;59.0;68.0;63.0;72.0;67.0;77.0;71.0;81.0;75.0;86.0;80.0;91.0;84.0;97.0;89.0;103.0;95.0;109.0;101.0;116.0;107.0;123.0;113.0;130.0;120.0;138.0;127.0;146.0;135.0;155.0;143.0;164.0;152.0;164.0;152.0;164.0;152.0;164.0;152.0;164.0;152.0;164.0;152.0;164.0;152.0;164.0;152.0;164.0;152.0;164.0;152.0;164.0;152.0;171.0;158.0;178.0;164.0;185.0;171.0;192.0;177.0;200.0;184.0;208.0;192.0;216.0;200.0;225.0;208.0;234.0;216.0;243.0;225.0;253.0;234.0;263.0;243.0;274.0;253.0;285.0;263.0;296.0;273.0;308.0;284.0;320.0;296.0;333.0;308.0;347.0;320.0;360.0;333.0;375.0;346.0;390.0;360.0;405.0;374.0;422.0;389.0;439.0;405.0;456.0;421.0;474.0;438.0;493.0;455.0;513.0;474.0;534.0;493.0;555.0;512.0;577.0;533.0;600.0;554.0;625.0;576.0;650;600
COR;Cordoba;-31.3235;-64.2079;3;43.0;51.0;46.0;54.0;48.0;57.0;51.0;61.0;54.0;64.0;58.0;68.0;61.0;72.0;65.0;77.0;69.0;81.0;73.0;86.0;77.0;91.0;82.0;97.0;87.0;103.0;92.0;109.0;98.0;116.0;104.0;123.0;110.0;130.0;117.0;138.0;124.0;146.0;131.0;155.0;139.0;164.0;139.0;164.0;139.0;164.0;139.0;164.0;139.0;164.0;139.0;164.0;139.0;164.0;139.0;164.0;139.0;164.0;139.0;164.0;139.0;164.0;144.0;171.0;150.0;178.0;156.0;185.0;163.0;192.0;169.0;200.0;176.0;208.0;183.0;216.0;190.0;225.0;198.0;234.0;206.0;243.0;214.0;253.0;223.0;263.0;232.0;274.0;241.0;285.0;251.0;296.0;261.0;308.0;271.0;320.0;282.0;333.0;293.0;347.0;305.0;360.0;317.0;375.0;330.0;390.0;343.0;405.0;357.0;422.0;371.0;439.0;386.0;456.0;401.0;474.0;417.0;493.0;434.0;513.0;452.0;534.0;470.0;555.0;488.0;577.0;508.0;600.0;528.0;625.0;550;650
MDZ;Mendoza;-32.8278;-68.7903;2;63.0;35.0;67.0;37.0;71.0;39.0;75.0;42.0;79.0;44.0;84.0;47.0;89.0;50.0;95.0;53.0;100.0;56.0;106.0;60.0;113.0;63.0;119.0;67.0;127.0;71.0;134.0;75.0;142.0;80.0;151.0;85.0;160.0;90.0;170.0;95.0;180.0;101.0;191.0;107.0;202.0;114.0;202.0;114.0;202.0;114.0;202.0;114.0;202.0;114.0;202.0;114.0;202.0;114.0;202.0;114.0;202.0;114.0;202.0;114.0;202.0;114.0;210.0;118.0;219.0;123.0;228.0;128.0;237.0;133.0;246.0;138.0;256.0;144.0;266.0;150.0;277.0;156.0;288.0;162.0;300.0;168.0;312.0;175.0;324.0;182.0;337.0;189.0;351.0;197.0;365.0;205.0;379.0;213.0;394.0;222.0;410.0;231.0;427.0;240.0;444.0;249.0;461.0;259.0;480.0;270.0;499.0;281.0;519.0;292.0;540.0;304.0;562.0;316.0;584.0;328.0;607.0;341.0;632.0;355.0;657.0;369.0;683.0;384.0;711.0;400.0;739.0;416.0;769.0;432.0;800;450
ROS;Rosario;-32.9035;-60.7826;2;39.0;47.0;41.0;50.0;44.0;53.0;47.0;56.0;49.0;59.0;52.0;63.0;56.0;67.0;59.0;71.0;62.0;75.0;66.0;80.0;70.0;84.0;74.0;89.0;79.0;95.0;84.0;101.0;89.0;107.0;94.0;113.0;100.0;120.0;106.0;127.0;112.0;135.0;119.0;143.0;126.0;152.0;126.0;152.0;126.0;152.0;126.0;152.0;126.0;152.0;126.0;152.0;126.0;152.0;126.0;152.0;126.0;152.0;126.0;152.0;126.0;152.0;131.0;158.0;137.0;164.0;142.0;171.0;148.0;177.0;154.0;184.0;160.0;192.0;166.0;200.0;173.0;208.0;180.0;216.0;187.0;225.0;195.0;234.0;202.0;243.0;210.0;253.0;219.0;263.0;228.0;273.0;237.0;284.0;246.0;296.0;256.0;308.0;266.0;320.0;277.0;333.0;288.0;346.0;300.0;360.0;312.0;374.0;324.0;389.0;337.0;405.0;351.0;421.0;365.0;438.0;379.0;455.0;395.0;474.0;410.0;493.0;427.0;512.0;444.0;533.0;462.0;554.0;480.0;576.0;500;600
SSA;Salvador;-12.9111;-38.3312;3;67.0;39.0;71.0;41.0;75.0;44.0;79.0;47.0;84.0;49.0;89.0;52.0;95.0;56.0;100.0;59.0;107.0;62.0;113.0;66.0;120.0;70.0;127.0;74.0;135.0;79.0;143.0;84.0;151.0;89.0;160.0;94.0;170.0;100.0;180.0;106.0;191.0;112.0;203.0;119.0;215.0;126.0;215.0;126.0;215.0;126.0;215.0;126.0;215.0;126.0;215.0;126.0;215.0;126.0;215.0;126.0;215.0;126.0;215.0;126.0;215.0;126.0;224.0;131.0;232.0;137.0;242.0;142.0;251.0;148.0;262.0;154.0;272.0;160.0;283.0;166.0;294.0;173.0;306.0;180.0;318.0;187.0;331.0;195.0;344.0;202.0;358.0;210.0;373.0;219.0;387.0;228.0;403.0;237.0;419.0;246.0;436.0;256.0;453.0;266.0;471.0;277.0;490.0;288.0;510.0;300.0;530.0;312.0;552.0;324.0;574.0;337.0;597.0;351.0;621.0;365.0;645.0;379.0;671.0;395.0;698.0;410.0;726.0;427.0;755.0;444.0;785.0;462.0;817.0;480.0;850;500
FOR;Fortaleza;-3.7762;-38.5325;3;63.0;43.0;67.0;46.0;71.0;48.0;75.0;51.0;79.0;54.0;84.0;58.0;89.0;61.0;95.0;65.0;100.0;69.0;106.0;73.0;113.0;77.0;119.0;82.0;127.0;87.0;134.0;92.0;142.0;98.0;151.0;104.0;160.0;110.0;170.0;117.0;180.0;124.0;191.0;131.0;202.0;139.0;202.0;139.0;202.0;139.0;202.0;139.0;202.0;139.0;202.0;139.0;202.0;139.0;202.0;139.0;202.0;139.0;202.0;139.0;202.0;139.0;210.0;144.0;219.0;150.0;228.0;156.0;237.0;163.0;246.0;169.0;256.0;176.0;266.0;183.0;277.0;190.0;288.0;198.0;300.0;206.0;312.0;214.0;324.0;223.0;337.0;232.0;351.0;241.0;365.0;251.0;379.0;261.0;394.0;271.0;410.0;282.0;427.0;293.0;444.0;305.0;461.0;317.0;480.0;330.0;499.0;343.0;519.0;357.0;540.0;371.0;562.0;386.0;584.0;401.0;607.0;417.0;632.0;434.0;657.0;452.0;683.0;470.0;711.0;488.0;739.0;508.0;769.0;528.0;800;550
REC;Recife;-8.1259;-34.923;3;59.0;47.0;62.0;50.0;66.0;53.0;70.0;56.0;74.0;59.0;79.0;63.0;84.0;67.0;89.0;71.0;94.0;75.0;100.0;80.0;106.0;84.0;112.0;89.0;119.0;95.0;126.0;101.0;133.0;107.0;142.0;113.0;150.0;120.0;159.0;127.0;169.0;135.0;179.0;143.0;190.0;152.0;190.0;152.0;190.0;152.0;190.0;152.0;190.0;152.0;190.0;152.0;190.0;152.0;190.0;152.0;190.0;152.0;190.0;152.0;190.0;152.0;197.0;158.0;205.0;164.0;213.0;171.0;222.0;177.0;231.0;184.0;240.0;192.0;250.0;200.0;260.0;208.0;270.0;216.0;281.0;225.0;292.0;234.0;304.0;243.0;316.0;253.0;329.0;263.0;342.0;273.0;355.0;284.0;370.0;296.0;385.0;308.0;400.0;320.0;416.0;333.0;433.0;346.0;450.0;360.0;468.0;374.0;487.0;389.0;506.0;405.0;526.0;421.0;548.0;438.0;569.0;455.0;592.0;474.0;616.0;493.0;641.0;512.0;666.0;533.0;693.0;554.0;721.0;576.0;750;600
POA;Porto Alegre;-29.9938;-51.1711;3;43.0;59.0;46.0;62.0;48.0;66.0;51.0;70.0;54.0;74.0;58.0;79.0;61.0;84.0;65.0;89.0;69.0;94.0;73.0;100.0;77.0;106.0;82.0;112.0;87.0;119.0;92.0;126.0;98.0;133.0;104.0;142.0;110.0;150.0;117.0;159.0;124.0;169.0;131.0;179.0;139.0;190.0;139.0;190.0;139.0;190.0;139.0;190.0;139.0;190.0;139.0;190.0;139.0;190.0;139.0;190.0;139.0;190.0;139.0;190.0;139.0;190.0;144.0;197.0;150.0;205.0;156.0;213.0;163.0;222.0;169.0;231.0;176.0;240.0;183.0;250.0;190.0;260.0;198.0;270.0;206.0;281.0;214.0;292.0;223.0;304.0;232.0;316.0;241.0;329.0;251.0;342.0;261.0;355.0;271.0;370.0;282.0;385.0;293.0;400.0;305.0;416.0;317.0;433.0;330.0;450.0;343.0;468.0;357.0;487.0;371.0;506.0;386.0;526.0;401.0;548.0;417.0;569.0;434.0;592.0;452.0;616.0;470.0;641.0;488.0;666.0;508.0;693.0;528.0;721.0;550;750
CWB;Curitiba;-25.5327;-49.1724;3;39.0;55.0;41.0;58.0;44.0;62.0;47.0;65.0;49.0;69.0;52.0;74.0;56.0;78.0;59.0;83.0;62.0;88.0;66.0;93.0;70.0;99.0;74.0;104.0;79.0;111.0;84.0;117.0;89.0;125.0;94.0;132.0;100.0;140.0;106.0;148.0;112.0;157.0;119.0;167.0;126.0;177.0;126.0;177.0;126.0;177.0;126.0;177.0;126.0;177.0;126.0;177.0;126.0;177.0;126.0;177.0;126.0;177.0;126.0;177.0;126.0;177.0;131.0;184.0;137.0;191.0;142.0;199.0;148.0;207.0;154.0;215.0;160.0;224.0;166.0;233.0;173.0;242.0;180.0;252.0;187.0;262.0;195.0;273.0;202.0;284.0;210.0;295.0;219.0;307.0;228.0;319.0;237.0;332.0;246.0;345.0;256.0;359.0;266.0;373.0;277.0;388.0;288.0;404.0;300.0;420.0;312.0;437.0;324.0;454.0;337.0;472.0;351.0;491.0;365.0;511.0;379.0;531.0;395.0;553.0;410.0;575.0;427.0;598.0;444.0;622.0;462.0;647.0;480.0;673.0;500;700
MAO;Manaus;-3.0358;-60.0497;2;55.0;39.0;58.0;41.0;62.0;44.0;65.0;47.0;69.0;49.0;74.0;52.0;78.0;56.0;83.0;59.0;88.0;62.0;93.0;66.0;99.0;70.0;104.0;74.0;111.0;79.0;117.0;84.0;125.0;89.0;132.0;94.0;140.0;100.0;148.0;106.0;157.0;112.0;167.0;119.0;177.0;126.0;177.0;126.0;177.0;126.0;177.0;126.0;177.0;126.0;177.0;126.0;177.0;126.0;177.0;126.0;177.0;126.0;177.0;126.0;177.0;126.0;184.0;131.0;191.0;137.0;199.0;142.0;207.0;148.0;215.0;154.0;224.0;160.0;233.0;166.0;242.0;173.0;252.0;180.0;262.0;187.0;273.0;195.0;284.0;202.0;295.0;210.0;307.0;219.0;319.0;228.0;332.0;237.0;345.0;246.0;359.0;256.0;373.0;266.0;388.0;277.0;404.0;288.0;420.0;300.0;437.0;312.0;454.0;324.0;472.0;337.0;491.0;351.0;511.0;365.0;531.0;379.0;553.0;395.0;575.0;410.0;598.0;427.0;622.0;444.0;647.0;462.0;673.0;480.0;700;500
BEL;Belém;-1.3792;-48.4762;2;47.0;43.0;50.0;46.0;53.0;48.0;56.0;51.0;59.0;54.0;63.0;58.0;67.0;61.0;71.0;65.0;75.0;69.0;80.0;73.0;84.0;77.0;89.0;82.0;95.0;87.0;101.0;92.0;107.0;98.0;113.0;104.0;120.0;110.0;127.0;117.0;135.0;124.0;143.0;131.0;152.0;139.0;152.0;139.0;152.0;139.0;152.0;139.0;152.0;139.0;152.0;139.0;152.0;139.0;152.0;139.0;152.0;139.0;152.0;139.0;152.0;139.0;158.0;144.0;164.0;150.0;171.0;156.0;177.0;163.0;184.0;169.0;192.0;176.0;200.0;183.0;208.0;190.0;216.0;198.0;225.0;206.0;234.0;214.0;243.0;223.0;253.0;232.0;263.0;241.0;273.0;251.0;284.0;261.0;296.0;271.0;308.0;282.0;320.0;293.0;333.0;305.0;346.0;317.0;360.0;330.0;374.0;343.0;389.0;357.0;405.0;371.0;421.0;386.0;438.0;401.0;455.0;417.0;474.0;434.0;493.0;452.0;512.0;470.0;533.0;488.0;554.0;508.0;576.0;528.0;600;550
SJU;San Juan;18.4394;-66.0018;4;70.0;35.0;73.0;36.0;76.0;38.0;79.0;39.0;82.0;41.0;85.0;42.0;88.0;44.0;92.0;46.0;96.0;48.0;100.0;50.0;104.0;52.0;108.0;54.0;112.0;56.0;117.0;58.0;121.0;60.0;126.0;63.0;131.0;65.0;136.0;68.0;142.0;71.0;148.0;74.0;154.0;77.0;160.0;80.0;166.0;83.0;173.0;86.0;180.0;90.0;187.0;93.0;194.0;97.0;202.0;101.0;210.0;105.0;219.0;109.0;228.0;114.0;237.0;118.0;246.0;123.0;256.0;128.0;266.0;133.0;277.0;138.0;288.0;144.0;300.0;150.0;312.0;156.0;324.0;162.0;337.0;168.0;351.0;175.0;365.0;182.0;379.0;189.0;394.0;197.0;410.0;205.0;427.0;213.0;444.0;222.0;462.0;231.0;480.0;240.0;499.0;249.0;519.0;259.0;540.0;270.0;562.0;281.0;584.0;292.0;608.0;304.0;632.0;316.0;657.0;328.0;683.0;341.0;711.0;355.0;739.0;369.0;769.0;384.0;800.0;400.0;832.0;416.0;865.0;432.0;900;450
SDQ;Santo Domingo;18.4296;-69.837;3;66.0;42.0;69.0;44.0;71.0;46.0;74.0;48.0;77.0;50.0;80.0;52.0;84.0;54.0;87.0;56.0;90.0;58.0;94.0;61.0;98.0;63.0;102.0;66.0;106.0;68.0;110.0;71.0;115.0;74.0;119.0;77.0;124.0;80.0;129.0;83.0;134.0;87.0;139.0;90.0;145.0;94.0;151.0;97.0;157.0;101.0;163.0;105.0;170.0;110.0;177.0;114.0;184.0;119.0;191.0;123.0;199.0;128.0;207.0;134.0;215.0;139.0;224.0;144.0;232.0;150.0;242.0;156.0;251.0;163.0;262.0;169.0;272.0;176.0;283.0;183.0;294.0;190.0;306.0;198.0;318.0;206.0;331.0;214.0;344.0;223.0;358.0;232.0;373.0;241.0;387.0;251.0;403.0;261.0;419.0;271.0;436.0;282.0;453.0;293.0;471.0;305.0;490.0;317.0;510.0;330.0;530.0;343.0;552.0;357.0;574.0;371.0;597.0;386.0;621.0;401.0;645.0;417.0;671.0;434.0;698.0;452.0;726.0;470.0;755.0;488.0;785.0;508.0;817.0;528.0;850;550
KIN;Kingston;17.9356;-76.7874;2;54.0;39.0;56.0;40.0;59.0;42.0;61.0;43.0;63.0;45.0;66.0;47.0;69.0;49.0;71.0;51.0;74.0;53.0;77.0;55.0;80.0;57.0;84.0;60.0;87.0;62.0;91.0;65.0;94.0;67.0;98.0;70.0;102.0;73.0;106.0;76.0;110.0;79.0;115.0;82.0;119.0;85.0;124.0;89.0;129.0;92.0;134.0;96.0;140.0;100.0;145.0;104.0;151.0;108.0;157.0;112.0;164.0;117.0;170.0;121.0;177.0;126.0;184.0;131.0;191.0;137.0;199.0;142.0;207.0;148.0;215.0;154.0;224.0;160.0;233.0;166.0;242.0;173.0;252.0;180.0;262.0;187.0;273.0;195.0;284.0;202.0;295.0;210.0;307.0;219.0;319.0;228.0;332.0;237.0;345.0;246.0;359.0;256.0;373.0;266.0;388.0;277.0;404.0;288.0;420.0;300.0;437.0;312.0;454.0;324.0;472.0;337.0;491.0;351.0;511.0;365.0;531.0;379.0;553.0;395.0;575.0;410.0;598.0;427.0;622.0;444.0;647.0;462.0;673.0;480.0;700;500
MBJ;Montego Bay;18.5037;-77.9133;3;76.0;15.0;79.0;16.0;82.0;16.0;86.0;17.0;89.0;18.0;93.0;19.0;96.0;19.0;100.0;20.0;104.0;21.0;108.0;22.0;113.0;23.0;117.0;24.0;122.0;25.0;127.0;26.0;132.0;27.0;137.0;28.0;143.0;29.0;149.0;30.0;155.0;31.0;161.0;32.0;167.0;34.0;174.0;35.0;181.0;37.0;188.0;38.0;196.0;40.0;204.0;41.0;212.0;43.0;220.0;45.0;229.0;46.0;238.0;48.0;248.0;50.0;258.0;52.0;268.0;54.0;279.0;57.0;290.0;59.0;302.0;61.0;314.0;64.0;326.0;66.0;339.0;69.0;353.0;72.0;367.0;75.0;382.0;78.0;397.0;81.0;413.0;84.0;430.0;87.0;447.0;91.0;465.0;94.0;483.0;98.0;503.0;102.0;523.0;106.0;544.0;111.0;565.0;115.0;588.0;120.0;612.0;124.0;636.0;129.0;662.0;135.0;688.0;140.0;716.0;146.0;744.0;151.0;774.0;158.0;805.0;164.0;837.0;170.0;871.0;177.0;906.0;184.0;942.0;192.0;980;200
POS;Port of Spain;10.5953;-61.3372;2;46.0;50.0;48.0;52.0;50.0;54.0;52.0;57.0;54.0;59.0;57.0;61.0;59.0;64.0;61.0;66.0;64.0;69.0;66.0;72.0;69.0;75.0;72.0;78.0;75.0;81.0;78.0;84.0;81.0;87.0;84.0;91.0;87.0;95.0;91.0;98.0;94.0;102.0;98.0;106.0;102.0;111.0;106.0;115.0;111.0;120.0;115.0;125.0;120.0;130.0;124.0;135.0;129.0;140.0;135.0;146.0;140.0;152.0;146.0;158.0;152.0;164.0;158.0;171.0;164.0;178.0;171.0;185.0;177.0;192.0;184.0;200.0;192.0;208.0;200.0;216.0;208.0;225.0;216.0;234.0;225.0;243.0;234.0;253.0;243.0;263.0;253.0;274.0;263.0;285.0;273.0;296.0;284.0;308.0;296.0;320.0;308.0;333.0;320.0;347.0;333.0;360.0;346.0;375.0;360.0;390.0;374.0;405.0;389.0;422.0;405.0;439.0;421.0;456.0;438.0;474.0;455.0;493.0;474.0;513.0;493.0;534.0;512.0;555.0;533.0;577.0;554.0;600.0;576.0;625.0;600;650
BGI;Bridgetown;13.0746;-59.4925;2;70.0;23.0;73.0;24.0;76.0;25.0;79.0;26.0;82.0;27.0;85.0;28.0;88.0;29.0;92.0;30.0;96.0;32.0;100.0;33.0;104.0;34.0;108.0;36.0;112.0;37.0;117.0;39.0;121.0;40.0;126.0;42.0;131.0;43.0;136.0;45.0;142.0;47.0;148.0;49.0;154.0;51.0;160.0;53.0;166.0;55.0;173.0;57.0;180.0;60.0;187.0;62.0;194.0;64.0;202.0;67.0;210.0;70.0;219.0;73.0;228.0;76.0;237.0;79.0;246.0;82.0;256.0;85.0;266.0;88.0;277.0;92.0;288.0;96.0;300.0;100.0;312.0;104.0;324.0;108.0;337.0;112.0;351.0;117.0;365.0;121.0;379.0;126.0;394.0;131.0;410.0;136.0;427.0;142.0;444.0;148.0;462.0;154.0;480.0;160.0;499.0;166.0;519.0;173.0;540.0;180.0;562.0;187.0;584.0;194.0;608.0;202.0;632.0;210.0;657.0;219.0;683.0;227.0;711.0;237.0;739.0;246.0;769.0;256.0;800.0;266.0;832.0;277.0;865.0;288.0;900;300
NAS;Nassau;25.0389;-77.4662;3;74.0;27.0;77.0;28.0;80.0;29.0;83.0;30.0;86.0;31.0;90.0;33.0;93.0;34.0;97.0;35.0;101.0;37.0;105.0;38.0;109.0;40.0;114.0;42.0;118.0;43.0;123.0;45.0;128.0;47.0;133.0;49.0;139.0;51.0;144.0;53.0;150.0;55.0;156.0;57.0;162.0;59.0;169.0;62.0;175.0;64.0;182.0;67.0;190.0;70.0;197.0;72.0;205.0;75.0;214.0;78.0;222.0;82.0;231.0;85.0;240.0;88.0;250.0;92.0;260.0;95.0;270.0;99.0;281.0;103.0;292.0;107.0;304.0;112.0;316.0;116.0;329.0;121.0;342.0;126.0;356.0;131.0;370.0;136.0;385.0;142.0;400.0;147.0;416.0;153.0;433.0;159.0;450.0;166.0;468.0;172.0;487.0;179.0;507.0;186.0;527.0;194.0;548.0;202.0;570.0;210.0;593.0;218.0;617.0;227.0;641.0;236.0;667.0;245.0;694.0;255.0;721.0;265.0;750.0;276.0;780.0;287.0;812.0;299.0;844.0;311.0;878.0;323.0;913.0;336.0;950;350
AUA;Oranjestad;12.5013;-70.0152;2;76.0;15.0;79.0;16.0;82.0;16.0;86.0;17.0;89.0;18.0;93.0;19.0;96.0;19.0;100.0;20.0;104.0;21.0;108.0;22.0;113.0;23.0;117.0;24.0;122.0;25.0;127.0;26.0;132.0;27.0;137.0;28.0;143.0;29.0;149.0;30.0;155.0;31.0;161.0;32.0;167.0;34.0;174.0;35.0;181.0;37.0;188.0;38.0;196.0;40.0;204.0;41.0;212.0;43.0;220.0;45.0;229.0;46.0;238.0;48.0;248.0;50.0;258.0;52.0;268.0;54.0;279.0;57.0;290.0;59.0;302.0;61.0;314.0;64.0;326.0;66.0;339.0;69.0;353.0;72.0;367.0;75.0;382.0;78.0;397.0;81.0;413.0;84.0;430.0;87.0;447.0;91.0;465.0;94.0;483.0;98.0;503.0;102.0;523.0;106.0;544.0;111.0;565.0;115.0;588.0;120.0;612.0;124.0;636.0;129.0;662.0;135.0;688.0;140.0;716.0;146.0;744.0;151.0;774.0;158.0;805.0;164.0;837.0;170.0;871.0;177.0;906.0;184.0;942.0;192.0;980;200
BZE;Belize City;17.5385;-88.3082;1;66.0;23.0;69.0;24.0;71.0;25.0;74.0;26.0;77.0;27.0;80.0;28.0;84.0;29.0;87.0;30.0;90.0;32.0;94.0;33.0;98.0;34.0;102.0;36.0;106.0;37.0;110.0;39.0;115.0;40.0;119.0;42.0;124.0;43.0;129.0;45.0;134.0;47.0;139.0;49.0;145.0;51.0;151.0;53.0;157.0;55.0;163.0;57.0;170.0;60.0;177.0;62.0;184.0;64.0;191.0;67.0;199.0;70.0;207.0;73.0;215.0;76.0;224.0;79.0;232.0;82.0;242.0;85.0;251.0;88.0;262.0;92.0;272.0;96.0;283.0;100.0;294.0;104.0;306.0;108.0;318.0;112.0;331.0;117.0;344.0;121.0;358.0;126.0;373.0;131.0;387.0;136.0;403.0;142.0;419.0;148.0;436.0;154.0;453.0;160.0;471.0;166.0;490.0;173.0;510.0;180.0;530.0;187.0;552.0;194.0;574.0;202.0;597.0;210.0;621.0;219.0;645.0;227.0;671.0;237.0;698.0;246.0;726.0;256.0;755.0;266.0;785.0;277.0;817.0;288.0;850;300
LIR;Liberia (Costa Rica);10.5933;-85.5443;2;74.0;11.0;77.0;12.0;80.0;12.0;83.0;13.0;86.0;13.0;90.0;14.0;93.0;14.0;97.0;15.0;101.0;16.0;105.0;16.0;109.0;17.0;114.0;18.0;118.0;18.0;123.0;19.0;128.0;20.0;133.0;21.0;139.0;21.0;144.0;22.0;150.0;23.0;156.0;24.0;162.0;25.0;169.0;26.0;175.0;27.0;182.0;28.0;190.0;30.0;197.0;31.0;205.0;32.0;214.0;33.0;222.0;35.0;231.0;36.0;240.0;38.0;250.0;39.0;260.0;41.0;270.0;42.0;281.0;44.0;292.0;46.0;304.0;48.0;316.0;50.0;329.0;52.0;342.0;54.0;356.0;56.0;370.0;58.0;385.0;60.0;400.0;63.0;416.0;65.0;433.0;68.0;450.0;71.0;468.0;74.0;487.0;77.0;507.0;80.0;527.0;83.0;548.0;86.0;570.0;90.0;593.0;93.0;617.0;97.0;641.0;101.0;667.0;105.0;694.0;109.0;721.0;113.0;750.0;118.0;780.0;123.0;812.0;128.0;844.0;133.0;878.0;138.0;913.0;144.0;950;150
SAL;San Salvador;13.4409;-89.0557;3;50.0;46.0;52.0;48.0;54.0;50.0;57.0;52.0;59.0;54.0;61.0;57.0;64.0;59.0;66.0;61.0;69.0;64.0;72.0;66.0;75.0;69.0;78.0;72.0;81.0;75.0;84.0;78.0;87.0;81.0;91.0;84.0;95.0;87.0;98.0;91.0;102.0;94.0;106.0;98.0;111.0;102.0;115.0;106.0;120.0;111.0;125.0;115.0;130.0;120.0;135.0;124.0;140.0;129.0;146.0;135.0;152.0;140.0;158.0;146.0;164.0;152.0;171.0;158.0;178.0;164.0;185.0;171.0;192.0;177.0;200.0;184.0;208.0;192.0;216.0;200.0;225.0;208.0;234.0;216.0;243.0;225.0;253.0;234.0;263.0;243.0;274.0;253.0;285.0;263.0;296.0;273.0;308.0;284.0;320.0;296.0;333.0;308.0;347.0;320.0;360.0;333.0;375.0;346.0;390.0;360.0;405.0;374.0;422.0;389.0;439.0;405.0;456.0;421.0;474.0;438.0;493.0;455.0;513.0;474.0;534.0;493.0;555.0;512.0;577.0;533.0;600.0;554.0;625.0;576.0;650;600
GUA;Guatemala-Stadt;14.5832;-90.5275;3;46.0;50.0;48.0;52.0;50.0;54.0;52.0;57.0;54.0;59.0;57.0;61.0;59.0;64.0;61.0;66.0;64.0;69.0;66.0;72.0;69.0;75.0;72.0;78.0;75.0;81.0;78.0;84.0;81.0;87.0;84.0;91.0;87.0;95.0;91.0;98.0;94.0;102.0;98.0;106.0;102.0;111.0;106.0;115.0;111.0;120.0;115.0;125.0;120.0;130.0;124.0;135.0;129.0;140.0;135.0;146.0;140.0;152.0;146.0;158.0;152.0;164.0;158.0;171.0;164.0;178.0;171.0;185.0;177.0;192.0;184.0;200.0;192.0;208.0;200.0;216.0;208.0;225.0;216.0;234.0;225.0;243.0;234.0;253.0;243.0;263.0;253.0;274.0;263.0;285.0;273.0;296.0;284.0;308.0;296.0;320.0;308.0;333.0;320.0;347.0;333.0;360.0;346.0;375.0;360.0;390.0;374.0;405.0;389.0;422.0;405.0;439.0;421.0;456.0;438.0;474.0;455.0;493.0;474.0;513.0;493.0;534.0;512.0;555.0;533.0;577.0;554.0;600.0;576.0;625.0;600;650
TGU;Tegucigalpa;14.0605;-87.2173;1;35.0;42.0;36.0;44.0;38.0;46.0;39.0;48.0;41.0;50.0;42.0;52.0;44.0;54.0;46.0;56.0;48.0;58.0;50.0;61.0;52.0;63.0;54.0;66.0;56.0;68.0;58.0;71.0;60.0;74.0;63.0;77.0;65.0;80.0;68.0;83.0;71.0;87.0;74.0;90.0;77.0;94.0;80.0;97.0;83.0;101.0;86.0;105.0;90.0;110.0;93.0;114.0;97.0;119.0;101.0;123.0;105.0;128.0;109.0;134.0;114.0;139.0;118.0;144.0;123.0;150.0;128.0;156.0;133.0;163.0;138.0;169.0;144.0;176.0;150.0;183.0;156.0;190.0;162.0;198.0;168.0;206.0;175.0;214.0;182.0;223.0;189.0;232.0;197.0;241.0;205.0;251.0;213.0;261.0;222.0;271.0;231.0;282.0;240.0;293.0;249.0;305.0;259.0;317.0;270.0;330.0;281.0;343.0;292.0;357.0;304.0;371.0;316.0;386.0;328.0;401.0;341.0;417.0;355.0;434.0;369.0;452.0;384.0;470.0;400.0;488.0;416.0;508.0;432.0;528.0;450;550
MGA;Managua;12.1413;-86.168;2;50.0;39.0;52.0;40.0;54.0;42.0;57.0;43.0;59.0;45.0;61.0;47.0;64.0;49.0;66.0;51.0;69.0;53.0;72.0;55.0;75.0;57.0;78.0;60.0;81.0;62.0;84.0;65.0;87.0;67.0;91.0;70.0;95.0;73.0;98.0;76.0;102.0;79.0;106.0;82.0;111.0;85.0;115.0;89.0;120.0;92.0;125.0;96.0;130.0;100.0;135.0;104.0;140.0;108.0;146.0;112.0;152.0;117.0;158.0;121.0;164.0;126.0;171.0;131.0;178.0;137.0;185.0;142.0;192.0;148.0;200.0;154.0;208.0;160.0;216.0;166.0;225.0;173.0;234.0;180.0;243.0;187.0;253.0;195.0;263.0;202.0;274.0;210.0;285.0;219.0;296.0;228.0;308.0;237.0;320.0;246.0;333.0;256.0;347.0;266.0;360.0;277.0;375.0;288.0;390.0;300.0;405.0;312.0;422.0;324.0;439.0;337.0;456.0;351.0;474.0;365.0;493.0;379.0;513.0;395.0;534.0;410.0;555.0;427.0;577.0;444.0;600.0;462.0;625.0;480.0;650;500
SAP;San Pedro Sula;15.4526;-87.9236;2;39.0;46.0;40.0;48.0;42.0;50.0;43.0;52.0;45.0;54.0;47.0;57.0;49.0;59.0;51.0;61.0;53.0;64.0;55.0;66.0;57.0;69.0;60.0;72.0;62.0;75.0;65.0;78.0;67.0;81.0;70.0;84.0;73.0;87.0;76.0;91.0;79.0;94.0;82.0;98.0;85.0;102.0;89.0;106.0;92.0;111.0;96.0;115.0;100.0;120.0;104.0;124.0;108.0;129.0;112.0;135.0;117.0;140.0;121.0;146.0;126.0;152.0;131.0;158.0;137.0;164.0;142.0;171.0;148.0;177.0;154.0;184.0;160.0;192.0;166.0;200.0;173.0;208.0;180.0;216.0;187.0;225.0;195.0;234.0;202.0;243.0;210.0;253.0;219.0;263.0;228.0;273.0;237.0;284.0;246.0;296.0;256.0;308.0;266.0;320.0;277.0;333.0;288.0;346.0;300.0;360.0;312.0;374.0;324.0;389.0;337.0;405.0;351.0;421.0;365.0;438.0;379.0;455.0;395.0;474.0;410.0;493.0;427.0;512.0;444.0;533.0;462.0;554.0;480.0;576.0;500;600
KRT;Khartum;15.5894;32.5531;2;14.0;32.0;15.0;34.0;15.0;35.0;16.0;37.0;17.0;39.0;18.0;41.0;19.0;43.0;20.0;45.0;21.0;48.0;22.0;50.0;23.0;52.0;24.0;55.0;25.0;58.0;27.0;61.0;28.0;64.0;30.0;67.0;31.0;70.0;33.0;74.0;34.0;78.0;36.0;82.0;38.0;86.0;40.0;90.0;42.0;95.0;44.0;99.0;46.0;104.0;48.0;110.0;51.0;115.0;53.0;121.0;56.0;127.0;59.0;133.0;62.0;140.0;65.0;147.0;68.0;154.0;72.0;162.0;75.0;170.0;79.0;179.0;83.0;188.0;87.0;197.0;92.0;207.0;96.0;217.0;101.0;228.0;106.0;240.0;112.0;252.0;117.0;264.0;123.0;278.0;129.0;292.0;136.0;306.0;143.0;322.0;150.0;338.0;157.0;355.0;165.0;372.0;173.0;391.0;175.0;395.0;177.0;399.0;179.0;403.0;181.0;407.0;182.0;411.0;184.0;415.0;186.0;419.0;188.0;423.0;190.0;428.0;192.0;432.0;194.0;436.0;196.0;441.0;198.0;445.0;200;450
YQB;Quebec City;46.7911;-71.3933;2;93.0;79.0;98.0;83.0;103.0;87.0;108.0;91.0;113.0;96.0;119.0;100.0;125.0;106.0;131.0;111.0;138.0;116.0;145.0;122.0;152.0;128.0;159.0;135.0;167.0;142.0;176.0;149.0;185.0;156.0;194.0;164.0;204.0;172.0;214.0;181.0;224.0;190.0;236.0;199.0;248.0;209.0;255.0;216.0;263.0;222.0;271.0;229.0;279.0;236.0;287.0;243.0;296.0;250.0;305.0;258.0;314.0;265.0;323.0;273.0;333.0;282.0;343.0;290.0;353.0;299.0;364.0;308.0;375.0;317.0;386.0;326.0;398.0;336.0;409.0;346.0;422.0;357.0;434.0;368.0;447.0;379.0;454.0;384.0;461.0;390.0;468.0;396.0;475.0;402.0;482.0;408.0;489.0;414.0;497.0;420.0;504.0;427.0;512.0;433.0;519.0;439.0;527.0;446.0;535.0;453.0;543.0;460.0;551.0;466.0;560.0;473.0;568.0;481.0;577.0;488.0;585.0;495.0;594.0;502.0;603.0;510.0;612.0;518.0;621.0;525.0;630.0;533.0;640.0;541.0;650;550
YQR;Regina;50.4319;-104.6658;2;34.0;52.0;36.0;55.0;39.0;58.0;41.0;62.0;43.0;65.0;46.0;69.0;49.0;74.0;52.0;78.0;55.0;83.0;58.0;88.0;62.0;93.0;66.0;99.0;70.0;105.0;74.0;111.0;78.0;118.0;83.0;125.0;88.0;132.0;93.0;140.0;99.0;149.0;105.0;158.0;111.0;167.0;118.0;177.0;125.0;188.0;133.0;199.0;140.0;211.0;149.0;224.0;158.0;237.0;167.0;251.0;178.0;267.0;188.0;283.0;200.0;300.0;204.0;306.0;208.0;312.0;212.0;318.0;216.0;324.0;220.0;331.0;225.0;337.0;229.0;344.0;234.0;351.0;239.0;358.0;243.0;365.0;248.0;373.0;253.0;380.0;258.0;388.0;263.0;395.0;269.0;403.0;274.0;411.0;280.0;420.0;285.0;428.0;291.0;437.0;297.0;445.0;303.0;454.0;309.0;463.0;315.0;473.0;321.0;482.0;328.0;492.0;334.0;502.0;341.0;512.0;348.0;522.0;355.0;532.0;362.0;543.0;369.0;554.0;376.0;565.0;384.0;576.0;392.0;588.0;400;600
YXE;Saskatoon;52.1708;-106.6997;2;30.0;47.0;32.0;50.0;34.0;53.0;36.0;57.0;38.0;60.0;40.0;64.0;43.0;67.0;45.0;71.0;48.0;76.0;51.0;80.0;54.0;85.0;57.0;90.0;61.0;96.0;64.0;102.0;68.0;108.0;73.0;114.0;77.0;121.0;82.0;128.0;86.0;136.0;92.0;144.0;97.0;153.0;103.0;162.0;109.0;172.0;116.0;182.0;123.0;193.0;130.0;205.0;138.0;217.0;146.0;230.0;155.0;244.0;165.0;259.0;175.0;275.0;178.0;280.0;182.0;286.0;185.0;291.0;189.0;297.0;193.0;303.0;197.0;309.0;201.0;315.0;205.0;322.0;209.0;328.0;213.0;335.0;217.0;341.0;221.0;348.0;226.0;355.0;230.0;362.0;235.0;370.0;240.0;377.0;245.0;385.0;249.0;392.0;254.0;400.0;260.0;408.0;265.0;416.0;270.0;425.0;275.0;433.0;281.0;442.0;287.0;451.0;292.0;460.0;298.0;469.0;304.0;478.0;310.0;488.0;317.0;498.0;323.0;508.0;329.0;518.0;336.0;528.0;343.0;539.0;350;550
YLW;Kelowna;49.9561;-119.3778;2;52.0;39.0;55.0;41.0;58.0;44.0;62.0;46.0;65.0;49.0;69.0;52.0;74.0;55.0;78.0;58.0;83.0;62.0;88.0;66.0;93.0;70.0;99.0;74.0;105.0;78.0;111.0;83.0;118.0;88.0;125.0;93.0;132.0;99.0;140.0;105.0;149.0;111.0;158.0;118.0;167.0;125.0;177.0;133.0;188.0;141.0;199.0;149.0;211.0;158.0;224.0;168.0;237.0;178.0;251.0;188.0;267.0;200.0;283.0;212.0;300.0;225.0;306.0;229.0;312.0;234.0;318.0;238.0;324.0;243.0;331.0;248.0;337.0;253.0;344.0;258.0;351.0;263.0;358.0;268.0;365.0;274.0;373.0;279.0;380.0;285.0;388.0;291.0;395.0;296.0;403.0;302.0;411.0;308.0;420.0;315.0;428.0;321.0;437.0;327.0;445.0;334.0;454.0;341.0;463.0;347.0;473.0;354.0;482.0;361.0;492.0;369.0;502.0;376.0;512.0;384.0;522.0;391.0;532.0;399.0;543.0;407.0;554.0;415.0;565.0;424.0;576.0;432.0;588.0;441.0;600;450
YYJ;Victoria;48.6469;-123.4258;2;60.0;39.0;64.0;41.0;68.0;44.0;72.0;46.0;76.0;49.0;81.0;52.0;86.0;55.0;91.0;58.0;97.0;62.0;102.0;66.0;109.0;70.0;115.0;74.0;122.0;78.0;129.0;83.0;137.0;88.0;146.0;93.0;154.0;99.0;164.0;105.0;173.0;111.0;184.0;118.0;195.0;125.0;207.0;133.0;219.0;141.0;232.0;149.0;246.0;158.0;261.0;168.0;277.0;178.0;293.0;188.0;311.0;200.0;330.0;212.0;350.0;225.0;357.0;229.0;364.0;234.0;371.0;238.0;378.0;243.0;386.0;248.0;394.0;253.0;402.0;258.0;410.0;263.0;418.0;268.0;426.0;274.0;435.0;279.0;443.0;285.0;452.0;291.0;461.0;296.0;471.0;302.0;480.0;308.0;490.0;315.0;499.0;321.0;509.0;327.0;520.0;334.0;530.0;341.0;541.0;347.0;551.0;354.0;562.0;361.0;574.0;369.0;585.0;376.0;597.0;384.0;609.0;391.0;621.0;399.0;634.0;407.0;646.0;415.0;659.0;424.0;672.0;432.0;686.0;441.0;700;450
MEM;Memphis;35.0424;-89.9767;4;64.0;122.0;67.0;128.0;71.0;134.0;74.0;141.0;78.0;148.0;82.0;156.0;86.0;163.0;91.0;172.0;95.0;180.0;100.0;189.0;105.0;199.0;110.0;209.0;116.0;219.0;122.0;230.0;128.0;242.0;134.0;254.0;141.0;266.0;148.0;280.0;155.0;294.0;163.0;308.0;171.0;324.0;176.0;334.0;182.0;344.0;187.0;354.0;193.0;365.0;199.0;376.0;205.0;387.0;211.0;398.0;217.0;410.0;224.0;423.0;230.0;435.0;237.0;448.0;244.0;462.0;252.0;476.0;259.0;490.0;267.0;505.0;275.0;520.0;283.0;536.0;292.0;552.0;301.0;568.0;310.0;585.0;314.0;594.0;319.0;603.0;324.0;612.0;329.0;621.0;334.0;631.0;339.0;640.0;344.0;650.0;349.0;659.0;354.0;669.0;359.0;679.0;365.0;690.0;370.0;700.0;376.0;710.0;382.0;721.0;387.0;732.0;393.0;743.0;399.0;754.0;405.0;765.0;411.0;777.0;417.0;789.0;423.0;800.0;430.0;812.0;436.0;825.0;443.0;837.0;450;850
SDF;Louisville;38.1744;-85.736;3;57.0;115.0;60.0;120.0;63.0;126.0;66.0;133.0;69.0;139.0;73.0;146.0;77.0;154.0;80.0;161.0;84.0;169.0;89.0;178.0;93.0;187.0;98.0;196.0;103.0;206.0;108.0;216.0;113.0;227.0;119.0;239.0;125.0;251.0;131.0;263.0;138.0;276.0;145.0;290.0;152.0;305.0;157.0;314.0;161.0;323.0;166.0;333.0;171.0;343.0;176.0;353.0;182.0;364.0;187.0;375.0;193.0;386.0;199.0;398.0;205.0;410.0;211.0;422.0;217.0;435.0;224.0;448.0;230.0;461.0;237.0;475.0;244.0;489.0;252.0;504.0;259.0;519.0;267.0;535.0;275.0;551.0;279.0;559.0;284.0;568.0;288.0;576.0;292.0;585.0;296.0;593.0;301.0;602.0;305.0;611.0;310.0;621.0;315.0;630.0;319.0;639.0;324.0;649.0;329.0;659.0;334.0;669.0;339.0;679.0;344.0;689.0;349.0;699.0;355.0;710.0;360.0;720.0;365.0;731.0;371.0;742.0;376.0;753.0;382.0;765.0;388.0;776.0;394.0;788.0;400;800
OMA;Omaha;41.3032;-95.8941;2;50.0;93.0;52.0;98.0;55.0;103.0;58.0;108.0;61.0;113.0;64.0;119.0;67.0;125.0;70.0;131.0;74.0;138.0;78.0;145.0;81.0;152.0;86.0;159.0;90.0;167.0;94.0;176.0;99.0;185.0;104.0;194.0;109.0;204.0;115.0;214.0;121.0;224.0;127.0;236.0;133.0;248.0;137.0;255.0;141.0;263.0;145.0;271.0;150.0;279.0;154.0;287.0;159.0;296.0;164.0;305.0;169.0;314.0;174.0;323.0;179.0;333.0;184.0;343.0;190.0;353.0;196.0;364.0;202.0;375.0;208.0;386.0;214.0;398.0;220.0;409.0;227.0;422.0;234.0;434.0;241.0;447.0;244.0;454.0;248.0;461.0;252.0;468.0;256.0;475.0;259.0;482.0;263.0;489.0;267.0;497.0;271.0;504.0;275.0;512.0;279.0;519.0;284.0;527.0;288.0;535.0;292.0;543.0;297.0;551.0;301.0;560.0;306.0;568.0;310.0;577.0;315.0;585.0;320.0;594.0;324.0;603.0;329.0;612.0;334.0;621.0;339.0;630.0;344.0;640.0;350;650
DSM;Des Moines;41.534;-93.6607;2;43.0;86.0;45.0;90.0;47.0;95.0;49.0;99.0;52.0;104.0;55.0;110.0;57.0;115.0;60.0;121.0;63.0;127.0;66.0;133.0;70.0;140.0;73.0;147.0;77.0;154.0;81.0;162.0;85.0;170.0;89.0;179.0;94.0;188.0;98.0;197.0;103.0;207.0;109.0;218.0;114.0;228.0;117.0;235.0;121.0;242.0;125.0;250.0;128.0;257.0;132.0;265.0;136.0;273.0;140.0;281.0;145.0;290.0;149.0;298.0;153.0;307.0;158.0;316.0;163.0;326.0;168.0;336.0;173.0;346.0;178.0;356.0;183.0;367.0;189.0;378.0;194.0;389.0;200.0;401.0;206.0;413.0;209.0;419.0;213.0;426.0;216.0;432.0;219.0;438.0;222.0;445.0;226.0;452.0;229.0;458.0;232.0;465.0;236.0;472.0;239.0;479.0;243.0;487.0;247.0;494.0;250.0;501.0;254.0;509.0;258.0;517.0;262.0;524.0;266.0;532.0;270.0;540.0;274.0;548.0;278.0;556.0;282.0;565.0;286.0;573.0;291.0;582.0;295.0;591.0;300;600
ICT;Wichita;37.6499;-97.4331;2;35.0;93.0;37.0;98.0;39.0;103.0;41.0;108.0;43.0;113.0;45.0;119.0;48.0;125.0;50.0;131.0;53.0;138.0;55.0;145.0;58.0;152.0;61.0;159.0;64.0;167.0;67.0;176.0;71.0;185.0;74.0;194.0;78.0;204.0;82.0;214.0;86.0;224.0;90.0;236.0;95.0;248.0;98.0;255.0;101.0;263.0;104.0;271.0;107.0;279.0;110.0;287.0;113.0;296.0;117.0;305.0;120.0;314.0;124.0;323.0;128.0;333.0;132.0;343.0;136.0;353.0;140.0;364.0;144.0;375.0;148.0;386.0;153.0;398.0;157.0;409.0;162.0;422.0;167.0;434.0;172.0;447.0;174.0;454.0;177.0;461.0;180.0;468.0;182.0;475.0;185.0;482.0;188.0;489.0;191.0;497.0;194.0;504.0;197.0;512.0;199.0;519.0;202.0;527.0;206.0;535.0;209.0;543.0;212.0;551.0;215.0;560.0;218.0;568.0;221.0;577.0;225.0;585.0;228.0;594.0;232.0;603.0;235.0;612.0;239.0;621.0;242.0;630.0;246.0;640.0;250;650
TUL;Tulsa;36.1984;-95.8881;2;43.0;86.0;45.0;90.0;47.0;95.0;49.0;99.0;52.0;104.0;55.0;110.0;57.0;115.0;60.0;121.0;63.0;127.0;66.0;133.0;70.0;140.0;73.0;147.0;77.0;154.0;81.0;162.0;85.0;170.0;89.0;179.0;94.0;188.0;98.0;197.0;103.0;207.0;109.0;218.0;114.0;228.0;117.0;235.0;121.0;242.0;125.0;250.0;128.0;257.0;132.0;265.0;136.0;273.0;140.0;281.0;145.0;290.0;149.0;298.0;153.0;307.0;158.0;316.0;163.0;326.0;168.0;336.0;173.0;346.0;178.0;356.0;183.0;367.0;189.0;378.0;194.0;389.0;200.0;401.0;206.0;413.0;209.0;419.0;213.0;426.0;216.0;432.0;219.0;438.0;222.0;445.0;226.0;452.0;229.0;458.0;232.0;465.0;236.0;472.0;239.0;479.0;243.0;487.0;247.0;494.0;250.0;501.0;254.0;509.0;258.0;517.0;262.0;524.0;266.0;532.0;270.0;540.0;274.0;548.0;278.0;556.0;282.0;565.0;286.0;573.0;291.0;582.0;295.0;591.0;300;600
OKC;Oklahoma City;35.3931;-97.6007;3;57.0;93.0;60.0;98.0;63.0;103.0;66.0;108.0;69.0;113.0;73.0;119.0;77.0;125.0;80.0;131.0;84.0;138.0;89.0;145.0;93.0;152.0;98.0;159.0;103.0;167.0;108.0;176.0;113.0;185.0;119.0;194.0;125.0;204.0;131.0;214.0;138.0;224.0;145.0;236.0;152.0;248.0;157.0;255.0;161.0;263.0;166.0;271.0;171.0;279.0;176.0;287.0;182.0;296.0;187.0;305.0;193.0;314.0;199.0;323.0;205.0;333.0;211.0;343.0;217.0;353.0;224.0;364.0;230.0;375.0;237.0;386.0;244.0;398.0;252.0;409.0;259.0;422.0;267.0;434.0;275.0;447.0;279.0;454.0;284.0;461.0;288.0;468.0;292.0;475.0;296.0;482.0;301.0;489.0;305.0;497.0;310.0;504.0;315.0;512.0;319.0;519.0;324.0;527.0;329.0;535.0;334.0;543.0;339.0;551.0;344.0;560.0;349.0;568.0;355.0;577.0;360.0;585.0;365.0;594.0;371.0;603.0;376.0;612.0;382.0;621.0;388.0;630.0;394.0;640.0;400;650
ABQ;Albuquerque;35.0402;-106.6092;3;52.0;47.0;55.0;50.0;58.0;53.0;62.0;57.0;65.0;60.0;69.0;64.0;74.0;67.0;78.0;71.0;83.0;76.0;88.0;80.0;93.0;85.0;99.0;90.0;105.0;96.0;111.0;102.0;118.0;108.0;125.0;114.0;132.0;121.0;140.0;128.0;149.0;136.0;158.0;144.0;167.0;153.0;177.0;162.0;188.0;172.0;199.0;182.0;211.0;193.0;224.0;205.0;237.0;217.0;251.0;230.0;267.0;244.0;283.0;259.0;300.0;275.0;306.0;280.0;312.0;286.0;318.0;291.0;324.0;297.0;331.0;303.0;337.0;309.0;344.0;315.0;351.0;322.0;358.0;328.0;365.0;335.0;373.0;341.0;380.0;348.0;388.0;355.0;395.0;362.0;403.0;370.0;411.0;377.0;420.0;385.0;428.0;392.0;437.0;400.0;445.0;408.0;454.0;416.0;463.0;425.0;473.0;433.0;482.0;442.0;492.0;451.0;502.0;460.0;512.0;469.0;522.0;478.0;532.0;488.0;543.0;498.0;554.0;508.0;565.0;518.0;576.0;528.0;588.0;539.0;600;550
TUS;Tucson;32.1161;-110.941;2;56.0;43.0;59.0;46.0;63.0;48.0;67.0;51.0;71.0;54.0;75.0;58.0;80.0;61.0;85.0;65.0;90.0;69.0;95.0;73.0;101.0;77.0;107.0;82.0;113.0;87.0;120.0;92.0;127.0;98.0;135.0;104.0;143.0;110.0;152.0;117.0;161.0;124.0;171.0;131.0;181.0;139.0;192.0;147.0;203.0;156.0;216.0;166.0;229.0;176.0;242.0;186.0;257.0;198.0;272.0;209.0;289.0;222.0;306.0;235.0;325.0;250.0;331.0;255.0;338.0;260.0;344.0;265.0;351.0;270.0;358.0;276.0;366.0;281.0;373.0;287.0;380.0;292.0;388.0;298.0;396.0;304.0;404.0;310.0;412.0;317.0;420.0;323.0;428.0;329.0;437.0;336.0;446.0;343.0;455.0;350.0;464.0;357.0;473.0;364.0;482.0;371.0;492.0;378.0;502.0;386.0;512.0;394.0;522.0;402.0;533.0;410.0;543.0;418.0;554.0;426.0;565.0;435.0;577.0;443.0;588.0;452.0;600.0;461.0;612.0;471.0;624.0;480.0;637.0;490.0;650;500
ELP;El Paso;31.8072;-106.3778;2;39.0;47.0;41.0;50.0;44.0;53.0;46.0;57.0;49.0;60.0;52.0;64.0;55.0;67.0;58.0;71.0;62.0;76.0;66.0;80.0;70.0;85.0;74.0;90.0;78.0;96.0;83.0;102.0;88.0;108.0;93.0;114.0;99.0;121.0;105.0;128.0;111.0;136.0;118.0;144.0;125.0;153.0;133.0;162.0;141.0;172.0;149.0;182.0;158.0;193.0;168.0;205.0;178.0;217.0;188.0;230.0;200.0;244.0;212.0;259.0;225.0;275.0;229.0;280.0;234.0;286.0;238.0;291.0;243.0;297.0;248.0;303.0;253.0;309.0;258.0;315.0;263.0;322.0;268.0;328.0;274.0;335.0;279.0;341.0;285.0;348.0;291.0;355.0;296.0;362.0;302.0;370.0;308.0;377.0;315.0;385.0;321.0;392.0;327.0;400.0;334.0;408.0;341.0;416.0;347.0;425.0;354.0;433.0;361.0;442.0;369.0;451.0;376.0;460.0;384.0;469.0;391.0;478.0;399.0;488.0;407.0;498.0;415.0;508.0;424.0;518.0;432.0;528.0;441.0;539.0;450;550
BOI;Boise;43.5644;-116.2228;2;47.0;52.0;50.0;55.0;53.0;58.0;57.0;62.0;60.0;65.0;64.0;69.0;67.0;74.0;71.0;78.0;76.0;83.0;80.0;88.0;85.0;93.0;90.0;99.0;96.0;105.0;102.0;111.0;108.0;118.0;114.0;125.0;121.0;132.0;128.0;140.0;136.0;149.0;144.0;158.0;153.0;167.0;162.0;177.0;172.0;188.0;182.0;199.0;193.0;211.0;205.0;224.0;217.0;237.0;230.0;251.0;244.0;267.0;259.0;283.0;275.0;300.0;280.0;306.0;286.0;312.0;291.0;318.0;297.0;324.0;303.0;331.0;309.0;337.0;315.0;344.0;322.0;351.0;328.0;358.0;335.0;365.0;341.0;373.0;348.0;380.0;355.0;388.0;362.0;395.0;370.0;403.0;377.0;411.0;385.0;420.0;392.0;428.0;400.0;437.0;408.0;445.0;416.0;454.0;425.0;463.0;433.0;473.0;442.0;482.0;451.0;492.0;460.0;502.0;469.0;512.0;478.0;522.0;488.0;532.0;498.0;543.0;508.0;554.0;518.0;565.0;528.0;576.0;539.0;588.0;550;600
RNO;Reno;39.4991;-119.7681;2;69.0;39.0;73.0;41.0;78.0;44.0;82.0;46.0;87.0;49.0;93.0;52.0;98.0;55.0;104.0;58.0;111.0;62.0;117.0;66.0;124.0;70.0;132.0;74.0;140.0;78.0;148.0;83.0;157.0;88.0;166.0;93.0;176.0;99.0;187.0;105.0;198.0;111.0;210.0;118.0;223.0;125.0;236.0;133.0;250.0;141.0;266.0;149.0;281.0;158.0;298.0;168.0;316.0;178.0;335.0;188.0;356.0;200.0;377.0;212.0;400.0;225.0;408.0;229.0;416.0;234.0;424.0;238.0;432.0;243.0;441.0;248.0;450.0;253.0;459.0;258.0;468.0;263.0;478.0;268.0;487.0;274.0;497.0;279.0;507.0;285.0;517.0;291.0;527.0;296.0;538.0;302.0;549.0;308.0;560.0;315.0;571.0;321.0;582.0;327.0;594.0;334.0;606.0;341.0;618.0;347.0;630.0;354.0;643.0;361.0;656.0;369.0;669.0;376.0;682.0;384.0;696.0;391.0;710.0;399.0;724.0;407.0;739.0;415.0;753.0;424.0;768.0;432.0;784.0;441.0;800;450
GEG;Spokane;47.6199;-117.5338;2;43.0;43.0;46.0;46.0;48.0;48.0;51.0;51.0;54.0;54.0;58.0;58.0;61.0;61.0;65.0;65.0;69.0;69.0;73.0;73.0;77.0;77.0;82.0;82.0;87.0;87.0;92.0;92.0;98.0;98.0;104.0;104.0;110.0;110.0;117.0;117.0;124.0;124.0;131.0;131.0;139.0;139.0;147.0;147.0;156.0;156.0;166.0;166.0;176.0;176.0;186.0;186.0;198.0;198.0;209.0;209.0;222.0;222.0;235.0;235.0;250.0;250.0;255.0;255.0;260.0;260.0;265.0;265.0;270.0;270.0;276.0;276.0;281.0;281.0;287.0;287.0;292.0;292.0;298.0;298.0;304.0;304.0;310.0;310.0;317.0;317.0;323.0;323.0;329.0;329.0;336.0;336.0;343.0;343.0;350.0;350.0;357.0;357.0;364.0;364.0;371.0;371.0;378.0;378.0;386.0;386.0;394.0;394.0;402.0;402.0;410.0;410.0;418.0;418.0;426.0;426.0;435.0;435.0;443.0;443.0;452.0;452.0;461.0;461.0;471.0;471.0;480.0;480.0;490.0;490.0;500;500
ANC;Anchorage;61.1743;-149.9962;3;65.0;52.0;69.0;55.0;73.0;58.0;77.0;62.0;82.0;65.0;87.0;69.0;92.0;74.0;98.0;78.0;104.0;83.0;110.0;88.0;116.0;93.0;123.0;99.0;131.0;105.0;139.0;111.0;147.0;118.0;156.0;125.0;165.0;132.0;175.0;140.0;186.0;149.0;197.0;158.0;209.0;167.0;221.0;177.0;235.0;188.0;249.0;199.0;264.0;211.0;280.0;224.0;297.0;237.0;314.0;251.0;333.0;267.0;353.0;283.0;375.0;300.0;382.0;306.0;390.0;312.0;397.0;318.0;405.0;324.0;414.0;331.0;422.0;337.0;430.0;344.0;439.0;351.0;448.0;358.0;457.0;365.0;466.0;373.0;475.0;380.0;485.0;388.0;494.0;395.0;504.0;403.0;514.0;411.0;525.0;420.0;535.0;428.0;546.0;437.0;557.0;445.0;568.0;454.0;579.0;463.0;591.0;473.0;603.0;482.0;615.0;492.0;627.0;502.0;640.0;512.0;652.0;522.0;665.0;532.0;679.0;543.0;692.0;554.0;706.0;565.0;720.0;576.0;735.0;588.0;750;600
OGG;Kahului;20.8986;-156.4305;3;82.0;17.0;87.0;18.0;92.0;19.0;98.0;20.0;104.0;21.0;110.0;23.0;117.0;24.0;124.0;26.0;131.0;27.0;139.0;29.0;148.0;31.0;157.0;33.0;166.0;35.0;176.0;37.0;186.0;39.0;198.0;41.0;210.0;44.0;222.0;46.0;236.0;49.0;250.0;52.0;265.0;55.0;281.0;59.0;298.0;62.0;315.0;66.0;334.0;70.0;354.0;74.0;376.0;79.0;398.0;83.0;422.0;89.0;448.0;94.0;475.0;100.0;484.0;102.0;494.0;104.0;504.0;106.0;514.0;108.0;524.0;110.0;534.0;112.0;545.0;114.0;556.0;117.0;567.0;119.0;579.0;121.0;590.0;124.0;602.0;126.0;614.0;129.0;626.0;131.0;639.0;134.0;652.0;137.0;665.0;140.0;678.0;142.0;692.0;145.0;705.0;148.0;719.0;151.0;734.0;154.0;749.0;157.0;764.0;160.0;779.0;164.0;794.0;167.0;810.0;170.0;827.0;174.0;843.0;177.0;860.0;181.0;877.0;184.0;895.0;188.0;913.0;192.0;931.0;196.0;950;200
KOA;Kailua-Kona;19.7388;-156.0456;2;78.0;13.0;83.0;13.0;88.0;14.0;93.0;15.0;98.0;16.0;104.0;17.0;111.0;18.0;117.0;19.0;124.0;20.0;132.0;22.0;140.0;23.0;148.0;24.0;157.0;26.0;167.0;27.0;177.0;29.0;187.0;31.0;199.0;33.0;210.0;35.0;223.0;37.0;237.0;39.0;251.0;41.0;266.0;44.0;282.0;47.0;299.0;49.0;317.0;52.0;336.0;56.0;356.0;59.0;377.0;62.0;400.0;66.0;424.0;70.0;450.0;75.0;459.0;76.0;468.0;78.0;477.0;79.0;487.0;81.0;496.0;82.0;506.0;84.0;516.0;86.0;527.0;87.0;537.0;89.0;548.0;91.0;559.0;93.0;570.0;95.0;582.0;97.0;593.0;98.0;605.0;100.0;617.0;102.0;630.0;105.0;642.0;107.0;655.0;109.0;668.0;111.0;682.0;113.0;695.0;115.0;709.0;118.0;723.0;120.0;738.0;123.0;753.0;125.0;768.0;128.0;783.0;130.0;799.0;133.0;815.0;135.0;831.0;138.0;848.0;141.0;865.0;144.0;882.0;147.0;900;150
LIH;Lihue;21.976;-159.339;2;74.0;13.0;78.0;13.0;83.0;14.0;88.0;15.0;93.0;16.0;99.0;17.0;104.0;18.0;111.0;19.0;117.0;20.0;125.0;22.0;132.0;23.0;140.0;24.0;148.0;26.0;157.0;27.0;167.0;29.0;177.0;31.0;187.0;33.0;199.0;35.0;211.0;37.0;223.0;39.0;237.0;41.0;251.0;44.0;266.0;47.0;282.0;49.0;299.0;52.0;317.0;56.0;336.0;59.0;356.0;62.0;378.0;66.0;400.0;70.0;425.0;75.0;433.0;76.0;442.0;78.0;451.0;79.0;460.0;81.0;469.0;82.0;478.0;84.0;488.0;86.0;497.0;87.0;507.0;89.0;518.0;91.0;528.0;93.0;539.0;95.0;549.0;97.0;560.0;98.0;572.0;100.0;583.0;102.0;595.0;105.0;607.0;107.0;619.0;109.0;631.0;111.0;644.0;113.0;657.0;115.0;670.0;118.0;683.0;120.0;697.0;123.0;711.0;125.0;725.0;128.0;739.0;130.0;754.0;133.0;769.0;135.0;785.0;138.0;800.0;141.0;816.0;144.0;833.0;147.0;850;150
SJD;Los Cabos;23.1518;-109.721;3;74.0;15.0;77.0;16.0;80.0;16.0;83.0;17.0;86.0;18.0;90.0;19.0;93.0;19.0;97.0;20.0;101.0;21.0;105.0;22.0;109.0;23.0;114.0;24.0;118.0;25.0;123.0;26.0;128.0;27.0;133.0;28.0;139.0;29.0;144.0;30.0;150.0;31.0;156.0;32.0;162.0;34.0;169.0;35.0;175.0;37.0;182.0;38.0;190.0;40.0;197.0;41.0;205.0;43.0;214.0;45.0;222.0;46.0;231.0;48.0;240.0;50.0;250.0;52.0;260.0;54.0;270.0;57.0;281.0;59.0;292.0;61.0;304.0;64.0;316.0;66.0;329.0;69.0;342.0;72.0;356.0;75.0;370.0;78.0;385.0;81.0;400.0;84.0;416.0;87.0;433.0;91.0;450.0;94.0;468.0;98.0;487.0;102.0;507.0;106.0;527.0;111.0;548.0;115.0;570.0;120.0;593.0;124.0;617.0;129.0;641.0;135.0;667.0;140.0;694.0;146.0;721.0;151.0;750.0;158.0;780.0;164.0;812.0;170.0;844.0;177.0;878.0;184.0;913.0;192.0;950;200
PVR;Puerto Vallarta;20.6409;-105.2492;3;71.0;19.0;74.0;20.0;77.0;21.0;80.0;21.0;84.0;22.0;87.0;23.0;90.0;24.0;94.0;25.0;98.0;26.0;102.0;27.0;106.0;28.0;110.0;30.0;115.0;31.0;119.0;32.0;124.0;33.0;129.0;35.0;134.0;36.0;140.0;38.0;145.0;39.0;151.0;41.0;157.0;42.0;163.0;44.0;170.0;46.0;177.0;48.0;184.0;50.0;191.0;52.0;199.0;54.0;207.0;56.0;215.0;58.0;224.0;60.0;233.0;63.0;242.0;65.0;252.0;68.0;262.0;71.0;272.0;74.0;283.0;77.0;294.0;80.0;306.0;83.0;319.0;86.0;331.0;90.0;345.0;93.0;358.0;97.0;373.0;101.0;388.0;105.0;403.0;109.0;419.0;114.0;436.0;118.0;454.0;123.0;472.0;128.0;491.0;133.0;510.0;138.0;531.0;144.0;552.0;150.0;574.0;156.0;597.0;162.0;621.0;168.0;646.0;175.0;672.0;182.0;699.0;189.0;727.0;197.0;756.0;205.0;786.0;213.0;817.0;222.0;850.0;231.0;884.0;240.0;920;250
TIJ;Tijuana;32.5411;-116.9702;3;46.0;54.0;48.0;56.0;50.0;59.0;52.0;61.0;54.0;63.0;57.0;66.0;59.0;69.0;61.0;71.0;64.0;74.0;66.0;77.0;69.0;80.0;72.0;84.0;75.0;87.0;78.0;91.0;81.0;94.0;84.0;98.0;87.0;102.0;91.0;106.0;94.0;110.0;98.0;115.0;102.0;119.0;106.0;124.0;111.0;129.0;115.0;134.0;120.0;140.0;124.0;145.0;129.0;151.0;135.0;157.0;140.0;164.0;146.0;170.0;152.0;177.0;158.0;184.0;164.0;191.0;171.0;199.0;177.0;207.0;184.0;215.0;192.0;224.0;200.0;233.0;208.0;242.0;216.0;252.0;225.0;262.0;234.0;273.0;243.0;284.0;253.0;295.0;263.0;307.0;273.0;319.0;284.0;332.0;296.0;345.0;308.0;359.0;320.0;373.0;333.0;388.0;346.0;404.0;360.0;420.0;374.0;437.0;389.0;454.0;405.0;472.0;421.0;491.0;438.0;511.0;455.0;531.0;474.0;553.0;493.0;575.0;512.0;598.0;533.0;622.0;554.0;647.0;576.0;673.0;600;700
HMO;Hermosillo;29.0959;-111.0479;2;27.0;50.0;28.0;52.0;29.0;54.0;30.0;57.0;31.0;59.0;33.0;61.0;34.0;64.0;35.0;66.0;37.0;69.0;38.0;72.0;40.0;75.0;42.0;78.0;43.0;81.0;45.0;84.0;47.0;87.0;49.0;91.0;51.0;95.0;53.0;98.0;55.0;102.0;57.0;106.0;59.0;111.0;62.0;115.0;64.0;120.0;67.0;125.0;70.0;130.0;72.0;135.0;75.0;140.0;78.0;146.0;82.0;152.0;85.0;158.0;88.0;164.0;92.0;171.0;95.0;178.0;99.0;185.0;103.0;192.0;107.0;200.0;112.0;208.0;116.0;216.0;121.0;225.0;126.0;234.0;131.0;243.0;136.0;253.0;142.0;263.0;147.0;274.0;153.0;285.0;159.0;296.0;166.0;308.0;172.0;320.0;179.0;333.0;186.0;347.0;194.0;360.0;202.0;375.0;210.0;390.0;218.0;405.0;227.0;422.0;236.0;439.0;245.0;456.0;255.0;474.0;265.0;493.0;276.0;513.0;287.0;534.0;299.0;555.0;311.0;577.0;323.0;600.0;336.0;625.0;350;650
CUU;Chihuahua;28.7028;-105.9644;2;23.0;46.0;24.0;48.0;25.0;50.0;26.0;52.0;27.0;54.0;28.0;57.0;29.0;59.0;30.0;61.0;32.0;64.0;33.0;66.0;34.0;69.0;36.0;72.0;37.0;75.0;39.0;78.0;40.0;81.0;42.0;84.0;43.0;87.0;45.0;91.0;47.0;94.0;49.0;98.0;51.0;102.0;53.0;106.0;55.0;111.0;57.0;115.0;60.0;120.0;62.0;124.0;64.0;129.0;67.0;135.0;70.0;140.0;73.0;146.0;76.0;152.0;79.0;158.0;82.0;164.0;85.0;171.0;88.0;177.0;92.0;184.0;96.0;192.0;100.0;200.0;104.0;208.0;108.0;216.0;112.0;225.0;117.0;234.0;121.0;243.0;126.0;253.0;131.0;263.0;136.0;273.0;142.0;284.0;148.0;296.0;154.0;308.0;160.0;320.0;166.0;333.0;173.0;346.0;180.0;360.0;187.0;374.0;194.0;389.0;202.0;405.0;210.0;421.0;219.0;438.0;227.0;455.0;237.0;474.0;246.0;493.0;256.0;512.0;266.0;533.0;277.0;554.0;288.0;576.0;300;600
BJX;Leon;20.9935;-101.4808;2;35.0;54.0;36.0;56.0;38.0;59.0;39.0;61.0;41.0;63.0;42.0;66.0;44.0;69.0;46.0;71.0;48.0;74.0;50.0;77.0;52.0;80.0;54.0;84.0;56.0;87.0;58.0;91.0;60.0;94.0;63.0;98.0;65.0;102.0;68.0;106.0;71.0;110.0;74.0;115.0;77.0;119.0;80.0;124.0;83.0;129.0;86.0;134.0;90.0;140.0;93.0;145.0;97.0;151.0;101.0;157.0;105.0;164.0;109.0;170.0;114.0;177.0;118.0;184.0;123.0;191.0;128.0;199.0;133.0;207.0;138.0;215.0;144.0;224.0;150.0;233.0;156.0;242.0;162.0;252.0;168.0;262.0;175.0;273.0;182.0;284.0;189.0;295.0;197.0;307.0;205.0;319.0;213.0;332.0;222.0;345.0;231.0;359.0;240.0;373.0;249.0;388.0;259.0;404.0;270.0;420.0;281.0;437.0;292.0;454.0;304.0;472.0;316.0;491.0;328.0;511.0;341.0;531.0;355.0;553.0;369.0;575.0;384.0;598.0;400.0;622.0;416.0;647.0;432.0;673.0;450;700
MID;Merida;20.937;-89.6577;2;62.0;35.0;65.0;36.0;67.0;38.0;70.0;39.0;73.0;41.0;76.0;42.0;79.0;44.0;82.0;46.0;85.0;48.0;88.0;50.0;92.0;52.0;96.0;54.0;100.0;56.0;104.0;58.0;108.0;60.0;112.0;63.0;117.0;65.0;121.0;68.0;126.0;71.0;131.0;74.0;136.0;77.0;142.0;80.0;148.0;83.0;154.0;86.0;160.0;90.0;166.0;93.0;173.0;97.0;180.0;101.0;187.0;105.0;194.0;109.0;202.0;114.0;210.0;118.0;219.0;123.0;228.0;128.0;237.0;133.0;246.0;138.0;256.0;144.0;266.0;150.0;277.0;156.0;288.0;162.0;300.0;168.0;312.0;175.0;324.0;182.0;337.0;189.0;351.0;197.0;365.0;205.0;379.0;213.0;394.0;222.0;410.0;231.0;427.0;240.0;444.0;249.0;461.0;259.0;480.0;270.0;499.0;281.0;519.0;292.0;540.0;304.0;562.0;316.0;584.0;328.0;607.0;341.0;632.0;355.0;657.0;369.0;683.0;384.0;711.0;400.0;739.0;416.0;769.0;432.0;800;450
VSA;Villahermosa;17.9975;-92.8173;2;27.0;50.0;28.0;52.0;29.0;54.0;30.0;57.0;31.0;59.0;33.0;61.0;34.0;64.0;35.0;66.0;37.0;69.0;38.0;72.0;40.0;75.0;42.0;78.0;43.0;81.0;45.0;84.0;47.0;87.0;49.0;91.0;51.0;95.0;53.0;98.0;55.0;102.0;57.0;106.0;59.0;111.0;62.0;115.0;64.0;120.0;67.0;125.0;70.0;130.0;72.0;135.0;75.0;140.0;78.0;146.0;82.0;152.0;85.0;158.0;88.0;164.0;92.0;171.0;95.0;178.0;99.0;185.0;103.0;192.0;107.0;200.0;112.0;208.0;116.0;216.0;121.0;225.0;126.0;234.0;131.0;243.0;136.0;253.0;142.0;263.0;147.0;274.0;153.0;285.0;159.0;296.0;166.0;308.0;172.0;320.0;179.0;333.0;186.0;347.0;194.0;360.0;202.0;375.0;210.0;390.0;218.0;405.0;227.0;422.0;236.0;439.0;245.0;456.0;255.0;474.0;265.0;493.0;276.0;513.0;287.0;534.0;299.0;555.0;311.0;577.0;323.0;600.0;336.0;625.0;350;650
TGZ;Tuxtla Gutierrez;16.5627;-93.0263;2;46.0;31.0;48.0;32.0;50.0;33.0;52.0;35.0;54.0;36.0;57.0;38.0;59.0;39.0;61.0;41.0;64.0;42.0;66.0;44.0;69.0;46.0;72.0;48.0;75.0;50.0;78.0;52.0;81.0;54.0;84.0;56.0;87.0;58.0;91.0;60.0;94.0;63.0;98.0;65.0;102.0;68.0;106.0;71.0;111.0;74.0;115.0;77.0;120.0;80.0;124.0;83.0;129.0;86.0;135.0;90.0;140.0;93.0;146.0;97.0;152.0;101.0;158.0;105.0;164.0;109.0;171.0;114.0;177.0;118.0;184.0;123.0;192.0;128.0;200.0;133.0;208.0;138.0;216.0;144.0;225.0;150.0;234.0;156.0;243.0;162.0;253.0;168.0;263.0;175.0;273.0;182.0;284.0;189.0;296.0;197.0;308.0;205.0;320.0;213.0;333.0;222.0;346.0;230.0;360.0;240.0;374.0;249.0;389.0;259.0;405.0;270.0;421.0;281.0;438.0;292.0;455.0;303.0;474.0;316.0;493.0;328.0;512.0;341.0;533.0;355.0;554.0;369.0;576.0;384.0;600;400
OAX;Oaxaca;16.9001;-96.7266;2;66.0;23.0;69.0;24.0;71.0;25.0;74.0;26.0;77.0;27.0;80.0;28.0;84.0;29.0;87.0;30.0;90.0;32.0;94.0;33.0;98.0;34.0;102.0;36.0;106.0;37.0;110.0;39.0;115.0;40.0;119.0;42.0;124.0;43.0;129.0;45.0;134.0;47.0;139.0;49.0;145.0;51.0;151.0;53.0;157.0;55.0;163.0;57.0;170.0;60.0;177.0;62.0;184.0;64.0;191.0;67.0;199.0;70.0;207.0;73.0;215.0;76.0;224.0;79.0;232.0;82.0;242.0;85.0;251.0;88.0;262.0;92.0;272.0;96.0;283.0;100.0;294.0;104.0;306.0;108.0;318.0;112.0;331.0;117.0;344.0;121.0;358.0;126.0;373.0;131.0;387.0;136.0;403.0;142.0;419.0;148.0;436.0;154.0;453.0;160.0;471.0;166.0;490.0;173.0;510.0;180.0;530.0;187.0;552.0;194.0;574.0;202.0;597.0;210.0;621.0;219.0;645.0;227.0;671.0;237.0;698.0;246.0;726.0;256.0;755.0;266.0;785.0;277.0;817.0;288.0;850;300
BRC;Bariloche;-41.1512;-71.1576;2;71.0;15.0;75.0;16.0;79.0;17.0;84.0;18.0;89.0;19.0;95.0;21.0;100.0;22.0;106.0;23.0;113.0;25.0;120.0;26.0;127.0;28.0;134.0;29.0;143.0;31.0;151.0;33.0;160.0;35.0;170.0;37.0;180.0;40.0;191.0;42.0;202.0;45.0;215.0;47.0;228.0;50.0;228.0;50.0;228.0;50.0;228.0;50.0;228.0;50.0;228.0;50.0;228.0;50.0;228.0;50.0;228.0;50.0;228.0;50.0;228.0;50.0;237.0;52.0;246.0;54.0;256.0;57.0;266.0;59.0;277.0;61.0;288.0;64.0;300.0;66.0;312.0;69.0;324.0;72.0;337.0;75.0;351.0;78.0;365.0;81.0;379.0;84.0;394.0;87.0;410.0;91.0;427.0;94.0;444.0;98.0;462.0;102.0;480.0;106.0;499.0;111.0;519.0;115.0;540.0;120.0;562.0;124.0;584.0;129.0;608.0;135.0;632.0;140.0;657.0;146.0;683.0;151.0;711.0;158.0;739.0;164.0;769.0;170.0;800.0;177.0;832.0;184.0;865.0;192.0;900;200
SLA;Salta;-24.8558;-65.4802;2;63.0;27.0;67.0;29.0;71.0;31.0;75.0;32.0;79.0;34.0;84.0;37.0;89.0;39.0;95.0;41.0;100.0;44.0;106.0;46.0;113.0;49.0;119.0;52.0;127.0;55.0;134.0;58.0;142.0;62.0;151.0;66.0;160.0;70.0;170.0;74.0;180.0;78.0;191.0;83.0;202.0;88.0;202.0;88.0;202.0;88.0;202.0;88.0;202.0;88.0;202.0;88.0;202.0;88.0;202.0;88.0;202.0;88.0;202.0;88.0;202.0;88.0;210.0;92.0;219.0;95.0;228.0;99.0;237.0;103.0;246.0;107.0;256.0;112.0;266.0;116.0;277.0;121.0;288.0;126.0;300.0;131.0;312.0;136.0;324.0;142.0;337.0;147.0;351.0;153.0;365.0;159.0;379.0;166.0;394.0;172.0;410.0;179.0;427.0;186.0;444.0;194.0;461.0;202.0;480.0;210.0;499.0;218.0;519.0;227.0;540.0;236.0;562.0;245.0;584.0;255.0;607.0;265.0;632.0;276.0;657.0;287.0;683.0;299.0;711.0;311.0;739.0;323.0;769.0;336.0;800;350
IGU;Iguazu;-25.7373;-54.4735;2;75.0;11.0;79.0;12.0;84.0;13.0;89.0;14.0;94.0;14.0;100.0;15.0;106.0;16.0;112.0;17.0;119.0;18.0;126.0;20.0;134.0;21.0;142.0;22.0;151.0;23.0;160.0;25.0;169.0;26.0;179.0;28.0;190.0;30.0;202.0;31.0;214.0;33.0;227.0;35.0;240.0;38.0;240.0;38.0;240.0;38.0;240.0;38.0;240.0;38.0;240.0;38.0;240.0;38.0;240.0;38.0;240.0;38.0;240.0;38.0;240.0;38.0;250.0;39.0;260.0;41.0;270.0;42.0;281.0;44.0;292.0;46.0;304.0;48.0;316.0;50.0;329.0;52.0;342.0;54.0;356.0;56.0;370.0;58.0;385.0;60.0;400.0;63.0;416.0;65.0;433.0;68.0;450.0;71.0;468.0;74.0;487.0;77.0;507.0;80.0;527.0;83.0;548.0;86.0;570.0;90.0;593.0;93.0;617.0;97.0;641.0;101.0;667.0;105.0;694.0;109.0;721.0;113.0;750.0;118.0;780.0;123.0;812.0;128.0;844.0;133.0;878.0;138.0;913.0;144.0;950;150
NQN;Neuquen;-38.9489;-68.1558;2;31.0;59.0;33.0;62.0;35.0;66.0;37.0;70.0;39.0;74.0;42.0;79.0;44.0;84.0;47.0;89.0;50.0;94.0;53.0;100.0;56.0;106.0;59.0;112.0;63.0;119.0;67.0;126.0;71.0;133.0;75.0;142.0;80.0;150.0;85.0;159.0;90.0;169.0;95.0;179.0;101.0;190.0;101.0;190.0;101.0;190.0;101.0;190.0;101.0;190.0;101.0;190.0;101.0;190.0;101.0;190.0;101.0;190.0;101.0;190.0;101.0;190.0;105.0;197.0;109.0;205.0;114.0;213.0;118.0;222.0;123.0;231.0;128.0;240.0;133.0;250.0;138.0;260.0;144.0;270.0;150.0;281.0;156.0;292.0;162.0;304.0;168.0;316.0;175.0;329.0;182.0;342.0;189.0;355.0;197.0;370.0;205.0;385.0;213.0;400.0;222.0;416.0;230.0;433.0;240.0;450.0;249.0;468.0;259.0;487.0;270.0;506.0;281.0;526.0;292.0;548.0;303.0;569.0;316.0;592.0;328.0;616.0;341.0;641.0;355.0;666.0;369.0;693.0;384.0;721.0;400;750
USH;Ushuaia;-54.8433;-68.2957;1;71.0;11.0;75.0;12.0;79.0;13.0;84.0;14.0;89.0;14.0;95.0;15.0;100.0;16.0;106.0;17.0;113.0;18.0;120.0;20.0;127.0;21.0;134.0;22.0;143.0;23.0;151.0;25.0;160.0;26.0;170.0;28.0;180.0;30.0;191.0;31.0;202.0;33.0;215.0;35.0;228.0;38.0;228.0;38.0;228.0;38.0;228.0;38.0;228.0;38.0;228.0;38.0;228.0;38.0;228.0;38.0;228.0;38.0;228.0;38.0;228.0;38.0;237.0;39.0;246.0;41.0;256.0;42.0;266.0;44.0;277.0;46.0;288.0;48.0;300.0;50.0;312.0;52.0;324.0;54.0;337.0;56.0;351.0;58.0;365.0;60.0;379.0;63.0;394.0;65.0;410.0;68.0;427.0;71.0;444.0;74.0;462.0;77.0;480.0;80.0;499.0;83.0;519.0;86.0;540.0;90.0;562.0;93.0;584.0;97.0;608.0;101.0;632.0;105.0;657.0;109.0;683.0;113.0;711.0;118.0;739.0;123.0;769.0;128.0;800.0;133.0;832.0;138.0;865.0;144.0;900;150
FTE;El Calafate;-50.2804;-72.0531;1;75.0;7.0;79.0;8.0;84.0;8.0;89.0;9.0;94.0;9.0;100.0;10.0;106.0;11.0;112.0;11.0;119.0;12.0;126.0;13.0;134.0;14.0;142.0;14.0;151.0;15.0;160.0;16.0;169.0;17.0;179.0;18.0;190.0;20.0;202.0;21.0;214.0;22.0;227.0;23.0;240.0;25.0;240.0;25.0;240.0;25.0;240.0;25.0;240.0;25.0;240.0;25.0;240.0;25.0;240.0;25.0;240.0;25.0;240.0;25.0;240.0;25.0;250.0;26.0;260.0;27.0;270.0;28.0;281.0;29.0;292.0;30.0;304.0;32.0;316.0;33.0;329.0;34.0;342.0;36.0;356.0;37.0;370.0;39.0;385.0;40.0;400.0;42.0;416.0;43.0;433.0;45.0;450.0;47.0;468.0;49.0;487.0;51.0;507.0;53.0;527.0;55.0;548.0;57.0;570.0;60.0;593.0;62.0;617.0;64.0;641.0;67.0;667.0;70.0;694.0;73.0;721.0;75.0;750.0;79.0;780.0;82.0;812.0;85.0;844.0;88.0;878.0;92.0;913.0;96.0;950;100
PMC;Puerto Montt;-41.4389;-73.0939;2;63.0;27.0;67.0;29.0;71.0;31.0;75.0;32.0;79.0;34.0;84.0;37.0;89.0;39.0;95.0;41.0;100.0;44.0;106.0;46.0;113.0;49.0;119.0;52.0;127.0;55.0;134.0;58.0;142.0;62.0;151.0;66.0;160.0;70.0;170.0;74.0;180.0;78.0;191.0;83.0;202.0;88.0;202.0;88.0;202.0;88.0;202.0;88.0;202.0;88.0;202.0;88.0;202.0;88.0;202.0;88.0;202.0;88.0;202.0;88.0;202.0;88.0;210.0;92.0;219.0;95.0;228.0;99.0;237.0;103.0;246.0;107.0;256.0;112.0;266.0;116.0;277.0;121.0;288.0;126.0;300.0;131.0;312.0;136.0;324.0;142.0;337.0;147.0;351.0;153.0;365.0;159.0;379.0;166.0;394.0;172.0;410.0;179.0;427.0;186.0;444.0;194.0;461.0;202.0;480.0;210.0;499.0;218.0;519.0;227.0;540.0;236.0;562.0;245.0;584.0;255.0;607.0;265.0;632.0;276.0;657.0;287.0;683.0;299.0;711.0;311.0;739.0;323.0;769.0;336.0;800;350
PUQ;Punta Arenas;-53.0026;-70.8546;2;59.0;23.0;62.0;25.0;66.0;26.0;70.0;28.0;74.0;29.0;79.0;31.0;84.0;33.0;89.0;35.0;94.0;37.0;100.0;40.0;106.0;42.0;112.0;44.0;119.0;47.0;126.0;50.0;133.0;53.0;142.0;56.0;150.0;60.0;159.0;63.0;169.0;67.0;179.0;71.0;190.0;76.0;190.0;76.0;190.0;76.0;190.0;76.0;190.0;76.0;190.0;76.0;190.0;76.0;190.0;76.0;190.0;76.0;190.0;76.0;190.0;76.0;197.0;79.0;205.0;82.0;213.0;85.0;222.0;88.0;231.0;92.0;240.0;96.0;250.0;100.0;260.0;104.0;270.0;108.0;281.0;112.0;292.0;117.0;304.0;121.0;316.0;126.0;329.0;131.0;342.0;136.0;355.0;142.0;370.0;148.0;385.0;154.0;400.0;160.0;416.0;166.0;433.0;173.0;450.0;180.0;468.0;187.0;487.0;194.0;506.0;202.0;526.0;210.0;548.0;219.0;569.0;227.0;592.0;237.0;616.0;246.0;641.0;256.0;666.0;266.0;693.0;277.0;721.0;288.0;750;300
IQQ;Iquique;-20.5352;-70.1812;2;55.0;39.0;58.0;41.0;62.0;44.0;65.0;47.0;69.0;49.0;74.0;52.0;78.0;56.0;83.0;59.0;88.0;62.0;93.0;66.0;99.0;70.0;104.0;74.0;111.0;79.0;117.0;84.0;125.0;89.0;132.0;94.0;140.0;100.0;148.0;106.0;157.0;112.0;167.0;119.0;177.0;126.0;177.0;126.0;177.0;126.0;177.0;126.0;177.0;126.0;177.0;126.0;177.0;126.0;177.0;126.0;177.0;126.0;177.0;126.0;177.0;126.0;184.0;131.0;191.0;137.0;199.0;142.0;207.0;148.0;215.0;154.0;224.0;160.0;233.0;166.0;242.0;173.0;252.0;180.0;262.0;187.0;273.0;195.0;284.0;202.0;295.0;210.0;307.0;219.0;319.0;228.0;332.0;237.0;345.0;246.0;359.0;256.0;373.0;266.0;388.0;277.0;404.0;288.0;420.0;300.0;437.0;312.0;454.0;324.0;472.0;337.0;491.0;351.0;511.0;365.0;531.0;379.0;553.0;395.0;575.0;410.0;598.0;427.0;622.0;444.0;647.0;462.0;673.0;480.0;700;500
ANF;Antofagasta;-23.4445;-70.4451;2;31.0;67.0;33.0;71.0;35.0;75.0;37.0;79.0;39.0;84.0;42.0;89.0;44.0;95.0;47.0;100.0;50.0;107.0;53.0;113.0;56.0;120.0;59.0;127.0;63.0;135.0;67.0;143.0;71.0;151.0;75.0;160.0;80.0;170.0;85.0;180.0;90.0;191.0;95.0;203.0;101.0;215.0;101.0;215.0;101.0;215.0;101.0;215.0;101.0;215.0;101.0;215.0;101.0;215.0;101.0;215.0;101.0;215.0;101.0;215.0;101.0;215.0;105.0;224.0;109.0;232.0;114.0;242.0;118.0;251.0;123.0;262.0;128.0;272.0;133.0;283.0;138.0;294.0;144.0;306.0;150.0;318.0;156.0;331.0;162.0;344.0;168.0;358.0;175.0;373.0;182.0;387.0;189.0;403.0;197.0;419.0;205.0;436.0;213.0;453.0;222.0;471.0;230.0;490.0;240.0;510.0;249.0;530.0;259.0;552.0;270.0;574.0;281.0;597.0;292.0;621.0;303.0;645.0;316.0;671.0;328.0;698.0;341.0;726.0;355.0;755.0;369.0;785.0;384.0;817.0;400;850
CJC;Calama;-22.4982;-68.9136;2;47.0;59.0;50.0;62.0;53.0;66.0;56.0;70.0;59.0;74.0;63.0;79.0;67.0;84.0;71.0;89.0;75.0;94.0;80.0;100.0;84.0;106.0;89.0;112.0;95.0;119.0;101.0;126.0;107.0;133.0;113.0;142.0;120.0;150.0;127.0;159.0;135.0;169.0;143.0;179.0;152.0;190.0;152.0;190.0;152.0;190.0;152.0;190.0;152.0;190.0;152.0;190.0;152.0;190.0;152.0;190.0;152.0;190.0;152.0;190.0;152.0;190.0;158.0;197.0;164.0;205.0;171.0;213.0;177.0;222.0;184.0;231.0;192.0;240.0;200.0;250.0;208.0;260.0;216.0;270.0;225.0;281.0;234.0;292.0;243.0;304.0;253.0;316.0;263.0;329.0;273.0;342.0;284.0;355.0;296.0;370.0;308.0;385.0;320.0;400.0;333.0;416.0;346.0;433.0;360.0;450.0;374.0;468.0;389.0;487.0;405.0;506.0;421.0;526.0;438.0;548.0;455.0;569.0;474.0;592.0;493.0;616.0;512.0;641.0;533.0;666.0;554.0;693.0;576.0;721.0;600;750
CUZ;Cusco;-13.5357;-71.9388;3;78.0;11.0;82.0;12.0;87.0;13.0;93.0;14.0;98.0;14.0;104.0;15.0;110.0;16.0;117.0;17.0;124.0;18.0;132.0;20.0;140.0;21.0;148.0;22.0;157.0;23.0;166.0;25.0;176.0;26.0;187.0;28.0;198.0;30.0;210.0;31.0;223.0;33.0;236.0;35.0;250.0;38.0;250.0;38.0;250.0;38.0;250.0;38.0;250.0;38.0;250.0;38.0;250.0;38.0;250.0;38.0;250.0;38.0;250.0;38.0;250.0;38.0;260.0;39.0;271.0;41.0;282.0;42.0;293.0;44.0;305.0;46.0;317.0;48.0;330.0;50.0;343.0;52.0;357.0;54.0;371.0;56.0;386.0;58.0;401.0;60.0;417.0;63.0;434.0;65.0;451.0;68.0;469.0;71.0;488.0;74.0;508.0;77.0;528.0;80.0;549.0;83.0;571.0;86.0;594.0;90.0;618.0;93.0;643.0;97.0;668.0;101.0;695.0;105.0;723.0;109.0;752.0;113.0;782.0;118.0;813.0;123.0;846.0;128.0;880.0;133.0;915.0;138.0;951.0;144.0;990;150
AQP;Arequipa;-16.3409;-71.5724;2;67.0;35.0;71.0;37.0;75.0;39.0;79.0;42.0;84.0;44.0;89.0;47.0;95.0;50.0;100.0;53.0;107.0;56.0;113.0;60.0;120.0;63.0;127.0;67.0;135.0;71.0;143.0;75.0;151.0;80.0;160.0;85.0;170.0;90.0;180.0;95.0;191.0;101.0;203.0;107.0;215.0;114.0;215.0;114.0;215.0;114.0;215.0;114.0;215.0;114.0;215.0;114.0;215.0;114.0;215.0;114.0;215.0;114.0;215.0;114.0;215.0;114.0;224.0;118.0;232.0;123.0;242.0;128.0;251.0;133.0;262.0;138.0;272.0;144.0;283.0;150.0;294.0;156.0;306.0;162.0;318.0;168.0;331.0;175.0;344.0;182.0;358.0;189.0;373.0;197.0;387.0;205.0;403.0;213.0;419.0;222.0;436.0;231.0;453.0;240.0;471.0;249.0;490.0;259.0;510.0;270.0;530.0;281.0;552.0;292.0;574.0;304.0;597.0;316.0;621.0;328.0;645.0;341.0;671.0;355.0;698.0;369.0;726.0;384.0;755.0;400.0;785.0;416.0;817.0;432.0;850;450
IQT;Iquitos;-3.7847;-73.3088;2;59.0;27.0;62.0;29.0;66.0;31.0;70.0;32.0;74.0;34.0;79.0;37.0;84.0;39.0;89.0;41.0;94.0;44.0;100.0;46.0;106.0;49.0;112.0;52.0;119.0;55.0;126.0;58.0;133.0;62.0;142.0;66.0;150.0;70.0;159.0;74.0;169.0;78.0;179.0;83.0;190.0;88.0;190.0;88.0;190.0;88.0;190.0;88.0;190.0;88.0;190.0;88.0;190.0;88.0;190.0;88.0;190.0;88.0;190.0;88.0;190.0;88.0;197.0;92.0;205.0;95.0;213.0;99.0;222.0;103.0;231.0;107.0;240.0;112.0;250.0;116.0;260.0;121.0;270.0;126.0;281.0;131.0;292.0;136.0;304.0;142.0;316.0;147.0;329.0;153.0;342.0;159.0;355.0;166.0;370.0;172.0;385.0;179.0;400.0;186.0;416.0;194.0;433.0;202.0;450.0;210.0;468.0;218.0;487.0;227.0;506.0;236.0;526.0;245.0;548.0;255.0;569.0;265.0;592.0;276.0;616.0;287.0;641.0;299.0;666.0;311.0;693.0;323.0;721.0;336.0;750;350
PIU;Piura;-5.2056;-80.6163;2;43.0;39.0;46.0;41.0;48.0;44.0;51.0;47.0;54.0;49.0;58.0;52.0;61.0;56.0;65.0;59.0;69.0;62.0;73.0;66.0;77.0;70.0;82.0;74.0;87.0;79.0;92.0;84.0;98.0;89.0;104.0;94.0;110.0;100.0;117.0;106.0;124.0;112.0;131.0;119.0;139.0;126.0;139.0;126.0;139.0;126.0;139.0;126.0;139.0;126.0;139.0;126.0;139.0;126.0;139.0;126.0;139.0;126.0;139.0;126.0;139.0;126.0;144.0;131.0;150.0;137.0;156.0;142.0;163.0;148.0;169.0;154.0;176.0;160.0;183.0;166.0;190.0;173.0;198.0;180.0;206.0;187.0;214.0;195.0;223.0;202.0;232.0;210.0;241.0;219.0;251.0;228.0;261.0;237.0;271.0;246.0;282.0;256.0;293.0;266.0;305.0;277.0;317.0;288.0;330.0;300.0;343.0;312.0;357.0;324.0;371.0;337.0;386.0;351.0;401.0;365.0;417.0;379.0;434.0;395.0;452.0;410.0;470.0;427.0;488.0;444.0;508.0;462.0;528.0;480.0;550;500
TPP;Tarapoto;-6.5087;-76.3734;1;55.0;23.0;58.0;25.0;62.0;26.0;65.0;28.0;69.0;29.0;74.0;31.0;78.0;33.0;83.0;35.0;88.0;37.0;93.0;40.0;99.0;42.0;104.0;44.0;111.0;47.0;117.0;50.0;125.0;53.0;132.0;56.0;140.0;60.0;148.0;63.0;157.0;67.0;167.0;71.0;177.0;76.0;177.0;76.0;177.0;76.0;177.0;76.0;177.0;76.0;177.0;76.0;177.0;76.0;177.0;76.0;177.0;76.0;177.0;76.0;177.0;76.0;184.0;79.0;191.0;82.0;199.0;85.0;207.0;88.0;215.0;92.0;224.0;96.0;233.0;100.0;242.0;104.0;252.0;108.0;262.0;112.0;273.0;117.0;284.0;121.0;295.0;126.0;307.0;131.0;319.0;136.0;332.0;142.0;345.0;148.0;359.0;154.0;373.0;160.0;388.0;166.0;404.0;173.0;420.0;180.0;437.0;187.0;454.0;194.0;472.0;202.0;491.0;210.0;511.0;219.0;531.0;227.0;553.0;237.0;575.0;246.0;598.0;256.0;622.0;266.0;647.0;277.0;673.0;288.0;700;300
SVQ;Sevilla;37.418;-5.8931;3;59.0;29.0;63.0;31.0;67.0;33.0;72.0;36.0;77.0;38.0;82.0;41.0;88.0;44.0;94.0;47.0;101.0;50.0;108.0;54.0;116.0;58.0;124.0;62.0;133.0;66.0;142.0;71.0;152.0;76.0;163.0;81.0;174.0;87.0;186.0;93.0;199.0;99.0;213.0;106.0;228.0;114.0;244.0;122.0;261.0;130.0;280.0;140.0;299.0;149.0;320.0;160.0;343.0;171.0;367.0;183.0;393.0;196.0;420.0;210.0;450.0;225.0;459.0;229.0;468.0;234.0;477.0;238.0;487.0;243.0;496.0;248.0;506.0;253.0;516.0;258.0;527.0;263.0;537.0;268.0;548.0;274.0;559.0;279.0;570.0;285.0;582.0;291.0;593.0;296.0;605.0;302.0;617.0;308.0;630.0;315.0;642.0;321.0;655.0;327.0;668.0;334.0;682.0;341.0;695.0;347.0;709.0;354.0;723.0;361.0;738.0;369.0;753.0;376.0;768.0;384.0;783.0;391.0;799.0;399.0;815.0;407.0;831.0;415.0;848.0;424.0;865.0;432.0;882.0;441.0;900;450
VLC;Valencia;39.4893;-0.4816;3;55.0;39.0;59.0;42.0;63.0;45.0;68.0;48.0;73.0;51.0;78.0;55.0;83.0;59.0;89.0;63.0;95.0;67.0;102.0;72.0;109.0;77.0;117.0;82.0;125.0;88.0;134.0;94.0;143.0;101.0;154.0;108.0;164.0;116.0;176.0;124.0;188.0;133.0;201.0;142.0;216.0;152.0;231.0;163.0;247.0;174.0;264.0;186.0;283.0;199.0;303.0;213.0;324.0;228.0;346.0;244.0;371.0;262.0;397.0;280.0;425.0;300.0;433.0;306.0;442.0;312.0;451.0;318.0;460.0;324.0;469.0;331.0;478.0;337.0;488.0;344.0;497.0;351.0;507.0;358.0;518.0;365.0;528.0;373.0;539.0;380.0;549.0;388.0;560.0;395.0;572.0;403.0;583.0;411.0;595.0;420.0;607.0;428.0;619.0;437.0;631.0;445.0;644.0;454.0;657.0;463.0;670.0;473.0;683.0;482.0;697.0;492.0;711.0;502.0;725.0;512.0;739.0;522.0;754.0;532.0;769.0;543.0;785.0;554.0;800.0;565.0;816.0;576.0;833.0;588.0;850;600
BIO;Bilbao;43.3011;-2.9106;3;49.0;45.0;52.0;49.0;56.0;52.0;60.0;56.0;64.0;60.0;69.0;64.0;73.0;69.0;79.0;73.0;84.0;79.0;90.0;84.0;96.0;90.0;103.0;96.0;110.0;103.0;118.0;110.0;127.0;118.0;135.0;126.0;145.0;135.0;155.0;145.0;166.0;155.0;178.0;166.0;190.0;177.0;203.0;190.0;218.0;203.0;233.0;217.0;249.0;233.0;267.0;249.0;286.0;267.0;306.0;285.0;327.0;305.0;350.0;327.0;375.0;350.0;382.0;357.0;390.0;364.0;397.0;371.0;405.0;378.0;414.0;386.0;422.0;394.0;430.0;402.0;439.0;410.0;448.0;418.0;457.0;426.0;466.0;435.0;475.0;443.0;485.0;452.0;494.0;461.0;504.0;471.0;514.0;480.0;525.0;490.0;535.0;499.0;546.0;509.0;557.0;520.0;568.0;530.0;579.0;541.0;591.0;551.0;603.0;562.0;615.0;574.0;627.0;585.0;640.0;597.0;652.0;609.0;665.0;621.0;679.0;634.0;692.0;646.0;706.0;659.0;720.0;672.0;735.0;686.0;750;700
SCQ;Santiago de Compostela;42.8963;-8.4151;2;52.0;22.0;56.0;24.0;60.0;26.0;64.0;28.0;68.0;30.0;73.0;32.0;78.0;34.0;84.0;36.0;90.0;39.0;96.0;42.0;103.0;45.0;110.0;48.0;118.0;51.0;126.0;55.0;135.0;59.0;144.0;63.0;155.0;67.0;165.0;72.0;177.0;77.0;190.0;83.0;203.0;88.0;217.0;95.0;232.0;101.0;249.0;108.0;266.0;116.0;285.0;124.0;305.0;133.0;326.0;142.0;349.0;152.0;373.0;163.0;400.0;175.0;408.0;178.0;416.0;182.0;424.0;185.0;432.0;189.0;441.0;193.0;450.0;197.0;459.0;201.0;468.0;205.0;478.0;209.0;487.0;213.0;497.0;217.0;507.0;221.0;517.0;226.0;527.0;230.0;538.0;235.0;549.0;240.0;560.0;245.0;571.0;249.0;582.0;254.0;594.0;260.0;606.0;265.0;618.0;270.0;630.0;275.0;643.0;281.0;656.0;287.0;669.0;292.0;682.0;298.0;696.0;304.0;710.0;310.0;724.0;317.0;739.0;323.0;753.0;329.0;768.0;336.0;784.0;343.0;800;350
OPO;Porto;41.2481;-8.6814;3;57.0;36.0;61.0;38.0;66.0;41.0;70.0;44.0;75.0;47.0;81.0;50.0;86.0;54.0;92.0;58.0;99.0;62.0;106.0;66.0;113.0;71.0;121.0;76.0;130.0;81.0;139.0;87.0;149.0;93.0;159.0;99.0;170.0;106.0;182.0;114.0;195.0;122.0;209.0;130.0;223.0;139.0;239.0;149.0;256.0;160.0;274.0;171.0;293.0;183.0;313.0;196.0;335.0;209.0;359.0;224.0;384.0;240.0;411.0;257.0;440.0;275.0;448.0;280.0;457.0;286.0;466.0;291.0;476.0;297.0;485.0;303.0;495.0;309.0;505.0;315.0;515.0;322.0;525.0;328.0;536.0;335.0;547.0;341.0;558.0;348.0;569.0;355.0;580.0;362.0;592.0;370.0;604.0;377.0;616.0;385.0;628.0;392.0;641.0;400.0;653.0;408.0;666.0;416.0;680.0;425.0;693.0;433.0;707.0;442.0;721.0;451.0;736.0;460.0;751.0;469.0;766.0;478.0;781.0;488.0;797.0;498.0;812.0;508.0;829.0;518.0;845.0;528.0;862.0;539.0;880;550
FAO;Faro;37.0144;-7.9659;3;62.0;13.0;66.0;14.0;71.0;15.0;76.0;16.0;81.0;17.0;87.0;18.0;93.0;19.0;100.0;21.0;107.0;22.0;114.0;24.0;122.0;25.0;131.0;27.0;140.0;29.0;150.0;31.0;160.0;33.0;172.0;36.0;184.0;38.0;197.0;41.0;210.0;44.0;225.0;47.0;241.0;50.0;258.0;54.0;276.0;58.0;295.0;62.0;316.0;66.0;338.0;71.0;362.0;76.0;387.0;81.0;414.0;87.0;443.0;93.0;475.0;100.0;484.0;102.0;494.0;104.0;504.0;106.0;514.0;108.0;524.0;110.0;534.0;112.0;545.0;114.0;556.0;117.0;567.0;119.0;579.0;121.0;590.0;124.0;602.0;126.0;614.0;129.0;626.0;131.0;639.0;134.0;652.0;137.0;665.0;140.0;678.0;142.0;692.0;145.0;705.0;148.0;719.0;151.0;734.0;154.0;749.0;157.0;764.0;160.0;779.0;164.0;794.0;167.0;810.0;170.0;827.0;174.0;843.0;177.0;860.0;181.0;877.0;184.0;895.0;188.0;913.0;192.0;931.0;196.0;950;200
GLA;Glasgow;55.8719;-4.4331;3;81.0;70.0;85.0;74.0;91.0;78.0;96.0;83.0;102.0;88.0;108.0;93.0;114.0;99.0;121.0;105.0;129.0;111.0;136.0;118.0;145.0;125.0;153.0;133.0;162.0;141.0;172.0;149.0;183.0;158.0;194.0;168.0;205.0;178.0;218.0;189.0;231.0;200.0;245.0;212.0;259.0;225.0;268.0;233.0;278.0;241.0;288.0;249.0;298.0;258.0;308.0;267.0;319.0;276.0;330.0;286.0;342.0;296.0;354.0;306.0;366.0;317.0;379.0;328.0;392.0;340.0;406.0;352.0;420.0;364.0;435.0;377.0;450.0;390.0;466.0;404.0;482.0;418.0;499.0;432.0;516.0;447.0;524.0;454.0;532.0;461.0;540.0;468.0;548.0;475.0;556.0;482.0;565.0;489.0;573.0;497.0;582.0;504.0;591.0;512.0;599.0;519.0;608.0;527.0;618.0;535.0;627.0;543.0;636.0;551.0;646.0;560.0;655.0;568.0;665.0;577.0;675.0;585.0;685.0;594.0;696.0;603.0;706.0;612.0;717.0;621.0;727.0;630.0;738.0;640.0;750;650
ABZ;Aberdeen;57.2019;-2.1978;2;43.0;91.0;45.0;97.0;48.0;103.0;51.0;109.0;54.0;115.0;57.0;122.0;61.0;130.0;64.0;138.0;68.0;146.0;72.0;155.0;77.0;164.0;82.0;174.0;86.0;184.0;92.0;195.0;97.0;207.0;103.0;220.0;109.0;233.0;116.0;247.0;123.0;262.0;130.0;277.0;138.0;294.0;143.0;304.0;148.0;315.0;153.0;326.0;158.0;337.0;164.0;349.0;170.0;361.0;176.0;374.0;182.0;387.0;188.0;401.0;195.0;415.0;202.0;429.0;209.0;444.0;216.0;460.0;224.0;476.0;232.0;493.0;240.0;510.0;248.0;528.0;257.0;546.0;266.0;566.0;275.0;585.0;279.0;594.0;284.0;603.0;288.0;612.0;292.0;621.0;296.0;631.0;301.0;640.0;305.0;650.0;310.0;659.0;315.0;669.0;319.0;679.0;324.0;690.0;329.0;700.0;334.0;710.0;339.0;721.0;344.0;732.0;349.0;743.0;355.0;754.0;360.0;765.0;365.0;777.0;371.0;789.0;376.0;800.0;382.0;812.0;388.0;825.0;394.0;837.0;400;850
BFS;Belfast;54.6575;-6.2158;2;70.0;59.0;74.0;62.0;78.0;66.0;83.0;70.0;88.0;74.0;93.0;79.0;99.0;84.0;105.0;89.0;111.0;94.0;118.0;100.0;125.0;106.0;133.0;112.0;141.0;119.0;149.0;126.0;158.0;134.0;168.0;142.0;178.0;150.0;189.0;159.0;200.0;169.0;212.0;179.0;225.0;190.0;233.0;197.0;241.0;204.0;249.0;211.0;258.0;218.0;267.0;226.0;276.0;234.0;286.0;242.0;296.0;250.0;306.0;259.0;317.0;268.0;328.0;278.0;340.0;287.0;352.0;297.0;364.0;308.0;377.0;319.0;390.0;330.0;404.0;341.0;418.0;353.0;432.0;366.0;447.0;379.0;454.0;384.0;461.0;390.0;468.0;396.0;475.0;402.0;482.0;408.0;489.0;414.0;497.0;420.0;504.0;427.0;512.0;433.0;519.0;439.0;527.0;446.0;535.0;453.0;543.0;460.0;551.0;466.0;560.0;473.0;568.0;481.0;577.0;488.0;585.0;495.0;594.0;502.0;603.0;510.0;612.0;518.0;621.0;525.0;630.0;533.0;640.0;541.0;650;550
BRS;Bristol;51.3827;-2.7191;3;64.0;70.0;68.0;74.0;72.0;78.0;77.0;83.0;81.0;88.0;86.0;93.0;91.0;99.0;97.0;105.0;103.0;111.0;109.0;118.0;116.0;125.0;123.0;133.0;130.0;141.0;138.0;149.0;146.0;158.0;155.0;168.0;164.0;178.0;174.0;189.0;184.0;200.0;196.0;212.0;207.0;225.0;215.0;233.0;222.0;241.0;230.0;249.0;238.0;258.0;246.0;267.0;255.0;276.0;264.0;286.0;273.0;296.0;283.0;306.0;293.0;317.0;303.0;328.0;314.0;340.0;325.0;352.0;336.0;364.0;348.0;377.0;360.0;390.0;372.0;404.0;386.0;418.0;399.0;432.0;413.0;447.0;419.0;454.0;426.0;461.0;432.0;468.0;438.0;475.0;445.0;482.0;452.0;489.0;458.0;497.0;465.0;504.0;472.0;512.0;479.0;519.0;487.0;527.0;494.0;535.0;501.0;543.0;509.0;551.0;517.0;560.0;524.0;568.0;532.0;577.0;540.0;585.0;548.0;594.0;556.0;603.0;565.0;612.0;573.0;621.0;582.0;630.0;591.0;640.0;600;650
NCL;Newcastle;55.0375;-1.6917;2;59.0;64.0;62.0;68.0;66.0;72.0;70.0;77.0;74.0;81.0;79.0;86.0;84.0;91.0;89.0;97.0;94.0;103.0;100.0;109.0;106.0;116.0;112.0;123.0;119.0;130.0;126.0;138.0;134.0;146.0;142.0;155.0;150.0;164.0;159.0;174.0;169.0;184.0;179.0;196.0;190.0;207.0;197.0;215.0;204.0;222.0;211.0;230.0;218.0;238.0;226.0;246.0;234.0;255.0;242.0;264.0;250.0;273.0;259.0;283.0;268.0;293.0;278.0;303.0;287.0;314.0;297.0;325.0;308.0;336.0;319.0;348.0;330.0;360.0;341.0;372.0;353.0;386.0;366.0;399.0;379.0;413.0;384.0;419.0;390.0;426.0;396.0;432.0;402.0;438.0;408.0;445.0;414.0;452.0;420.0;458.0;427.0;465.0;433.0;472.0;439.0;479.0;446.0;487.0;453.0;494.0;460.0;501.0;466.0;509.0;473.0;517.0;481.0;524.0;488.0;532.0;495.0;540.0;502.0;548.0;510.0;556.0;518.0;565.0;525.0;573.0;533.0;582.0;541.0;591.0;550;600
EAP;Basel;47.59;7.5292;3;70.0;86.0;74.0;91.0;78.0;97.0;83.0;102.0;88.0;109.0;93.0;115.0;99.0;122.0;105.0;129.0;111.0;137.0;118.0;145.0;125.0;154.0;133.0;164.0;141.0;173.0;149.0;184.0;158.0;195.0;168.0;207.0;178.0;219.0;189.0;232.0;200.0;246.0;212.0;261.0;225.0;277.0;233.0;286.0;241.0;296.0;249.0;307.0;258.0;317.0;267.0;329.0;276.0;340.0;286.0;352.0;296.0;364.0;306.0;377.0;317.0;390.0;328.0;404.0;340.0;418.0;352.0;433.0;364.0;448.0;377.0;464.0;390.0;480.0;404.0;497.0;418.0;514.0;432.0;532.0;447.0;551.0;454.0;559.0;461.0;568.0;468.0;576.0;475.0;585.0;482.0;593.0;489.0;602.0;497.0;611.0;504.0;621.0;512.0;630.0;519.0;639.0;527.0;649.0;535.0;659.0;543.0;669.0;551.0;679.0;560.0;689.0;568.0;699.0;577.0;710.0;585.0;720.0;594.0;731.0;603.0;742.0;612.0;753.0;621.0;765.0;630.0;776.0;640.0;788.0;650;800
SXB;Strasbourg;48.5419;7.6282;2;64.0;81.0;68.0;85.0;72.0;91.0;77.0;96.0;81.0;102.0;86.0;108.0;91.0;114.0;97.0;121.0;103.0;129.0;109.0;136.0;116.0;145.0;123.0;153.0;130.0;162.0;138.0;172.0;146.0;183.0;155.0;194.0;164.0;205.0;174.0;218.0;184.0;231.0;196.0;245.0;207.0;259.0;215.0;268.0;222.0;278.0;230.0;288.0;238.0;298.0;246.0;308.0;255.0;319.0;264.0;330.0;273.0;342.0;283.0;354.0;293.0;366.0;303.0;379.0;314.0;392.0;325.0;406.0;336.0;420.0;348.0;435.0;360.0;450.0;372.0;466.0;386.0;482.0;399.0;499.0;413.0;516.0;419.0;524.0;426.0;532.0;432.0;540.0;438.0;548.0;445.0;556.0;452.0;565.0;458.0;573.0;465.0;582.0;472.0;591.0;479.0;599.0;487.0;608.0;494.0;618.0;501.0;627.0;509.0;636.0;517.0;646.0;524.0;655.0;532.0;665.0;540.0;675.0;548.0;685.0;556.0;696.0;565.0;706.0;573.0;717.0;582.0;727.0;591.0;738.0;600;750
UIP;Quimper;47.9745;-4.1678;1;75.0;32.0;80.0;34.0;84.0;36.0;90.0;38.0;95.0;40.0;101.0;43.0;107.0;45.0;113.0;48.0;120.0;51.0;127.0;54.0;135.0;58.0;143.0;61.0;152.0;65.0;161.0;69.0;170.0;73.0;181.0;77.0;192.0;82.0;203.0;87.0;215.0;92.0;228.0;98.0;242.0;103.0;250.0;107.0;259.0;111.0;268.0;115.0;278.0;119.0;287.0;123.0;298.0;127.0;308.0;132.0;319.0;136.0;330.0;141.0;342.0;146.0;353.0;151.0;366.0;157.0;379.0;162.0;392.0;168.0;406.0;174.0;420.0;180.0;435.0;186.0;450.0;193.0;466.0;199.0;482.0;206.0;489.0;209.0;497.0;213.0;504.0;216.0;512.0;219.0;519.0;222.0;527.0;226.0;535.0;229.0;543.0;232.0;551.0;236.0;559.0;239.0;568.0;243.0;576.0;247.0;585.0;250.0;594.0;254.0;603.0;258.0;612.0;262.0;621.0;266.0;630.0;270.0;640.0;274.0;649.0;278.0;659.0;282.0;669.0;286.0;679.0;291.0;689.0;295.0;700;300
TRN;Turin;45.2008;7.6496;2;42.0;49.0;45.0;52.0;48.0;56.0;52.0;60.0;55.0;64.0;59.0;69.0;64.0;73.0;68.0;79.0;73.0;84.0;78.0;90.0;83.0;96.0;89.0;103.0;96.0;110.0;102.0;118.0;110.0;127.0;117.0;135.0;126.0;145.0;134.0;155.0;144.0;166.0;154.0;178.0;165.0;190.0;176.0;203.0;189.0;218.0;202.0;233.0;216.0;249.0;231.0;267.0;247.0;286.0;265.0;306.0;283.0;327.0;303.0;350.0;325.0;375.0;331.0;382.0;338.0;390.0;344.0;397.0;351.0;405.0;358.0;414.0;366.0;422.0;373.0;430.0;380.0;439.0;388.0;448.0;396.0;457.0;404.0;466.0;412.0;475.0;420.0;485.0;428.0;494.0;437.0;504.0;446.0;514.0;455.0;525.0;464.0;535.0;473.0;546.0;482.0;557.0;492.0;568.0;502.0;579.0;512.0;591.0;522.0;603.0;533.0;615.0;543.0;627.0;554.0;640.0;565.0;652.0;577.0;665.0;588.0;679.0;600.0;692.0;612.0;706.0;624.0;720.0;637.0;735.0;650;750
GOA;Genua;44.4133;8.8375;2;45.0;42.0;49.0;45.0;52.0;48.0;56.0;52.0;60.0;55.0;64.0;59.0;69.0;64.0;73.0;68.0;79.0;73.0;84.0;78.0;90.0;83.0;96.0;89.0;103.0;96.0;110.0;102.0;118.0;110.0;126.0;117.0;135.0;126.0;145.0;134.0;155.0;144.0;166.0;154.0;177.0;165.0;190.0;176.0;203.0;189.0;217.0;202.0;233.0;216.0;249.0;231.0;267.0;247.0;285.0;265.0;305.0;283.0;327.0;303.0;350.0;325.0;357.0;331.0;364.0;338.0;371.0;344.0;378.0;351.0;386.0;358.0;394.0;366.0;402.0;373.0;410.0;380.0;418.0;388.0;426.0;396.0;435.0;404.0;443.0;412.0;452.0;420.0;461.0;428.0;471.0;437.0;480.0;446.0;490.0;455.0;499.0;464.0;509.0;473.0;520.0;482.0;530.0;492.0;541.0;502.0;551.0;512.0;562.0;522.0;574.0;533.0;585.0;543.0;597.0;554.0;609.0;565.0;621.0;577.0;634.0;588.0;646.0;600.0;659.0;612.0;672.0;624.0;686.0;637.0;700;650
VRN;Verona;45.3957;10.8885;2;55.0;36.0;59.0;38.0;63.0;41.0;68.0;44.0;73.0;47.0;78.0;50.0;83.0;54.0;89.0;58.0;95.0;62.0;102.0;66.0;109.0;71.0;117.0;76.0;125.0;81.0;134.0;87.0;143.0;93.0;154.0;99.0;164.0;106.0;176.0;114.0;188.0;122.0;201.0;130.0;216.0;139.0;231.0;149.0;247.0;160.0;264.0;171.0;283.0;183.0;303.0;196.0;324.0;209.0;346.0;224.0;371.0;240.0;397.0;257.0;425.0;275.0;433.0;280.0;442.0;286.0;451.0;291.0;460.0;297.0;469.0;303.0;478.0;309.0;488.0;315.0;497.0;322.0;507.0;328.0;518.0;335.0;528.0;341.0;539.0;348.0;549.0;355.0;560.0;362.0;572.0;370.0;583.0;377.0;595.0;385.0;607.0;392.0;619.0;400.0;631.0;408.0;644.0;416.0;657.0;425.0;670.0;433.0;683.0;442.0;697.0;451.0;711.0;460.0;725.0;469.0;739.0;478.0;754.0;488.0;769.0;498.0;785.0;508.0;800.0;518.0;816.0;528.0;833.0;539.0;850;550
TRS;Triest;45.8275;13.4722;2;45.0;39.0;49.0;42.0;52.0;45.0;56.0;48.0;60.0;51.0;64.0;55.0;69.0;59.0;73.0;63.0;79.0;67.0;84.0;72.0;90.0;77.0;96.0;82.0;103.0;88.0;110.0;94.0;118.0;101.0;126.0;108.0;135.0;116.0;145.0;124.0;155.0;133.0;166.0;142.0;177.0;152.0;190.0;163.0;203.0;174.0;217.0;186.0;233.0;199.0;249.0;213.0;267.0;228.0;285.0;244.0;305.0;262.0;327.0;280.0;350.0;300.0;357.0;306.0;364.0;312.0;371.0;318.0;378.0;324.0;386.0;331.0;394.0;337.0;402.0;344.0;410.0;351.0;418.0;358.0;426.0;365.0;435.0;373.0;443.0;380.0;452.0;388.0;461.0;395.0;471.0;403.0;480.0;411.0;490.0;420.0;499.0;428.0;509.0;437.0;520.0;445.0;530.0;454.0;541.0;463.0;551.0;473.0;562.0;482.0;574.0;492.0;585.0;502.0;597.0;512.0;609.0;522.0;621.0;532.0;634.0;543.0;646.0;554.0;659.0;565.0;672.0;576.0;686.0;588.0;700;600
BRI;Bari;41.1389;16.7606;2;52.0;29.0;56.0;31.0;60.0;33.0;64.0;36.0;68.0;38.0;73.0;41.0;78.0;44.0;84.0;47.0;90.0;50.0;96.0;54.0;103.0;58.0;110.0;62.0;118.0;66.0;126.0;71.0;135.0;76.0;144.0;81.0;155.0;87.0;165.0;93.0;177.0;99.0;190.0;106.0;203.0;114.0;217.0;122.0;232.0;130.0;249.0;140.0;266.0;149.0;285.0;160.0;305.0;171.0;326.0;183.0;349.0;196.0;373.0;210.0;400.0;225.0;408.0;229.0;416.0;234.0;424.0;238.0;432.0;243.0;441.0;248.0;450.0;253.0;459.0;258.0;468.0;263.0;478.0;268.0;487.0;274.0;497.0;279.0;507.0;285.0;517.0;291.0;527.0;296.0;538.0;302.0;549.0;308.0;560.0;315.0;571.0;321.0;582.0;327.0;594.0;334.0;606.0;341.0;618.0;347.0;630.0;354.0;643.0;361.0;656.0;369.0;669.0;376.0;682.0;384.0;696.0;391.0;710.0;399.0;724.0;407.0;739.0;415.0;753.0;424.0;768.0;432.0;784.0;441.0;800;450
SUF;Lamezia Terme;38.9054;16.2423;2;49.0;19.0;52.0;21.0;56.0;22.0;60.0;24.0;64.0;25.0;69.0;27.0;73.0;29.0;79.0;31.0;84.0;33.0;90.0;36.0;96.0;38.0;103.0;41.0;110.0;44.0;118.0;47.0;127.0;50.0;135.0;54.0;145.0;58.0;155.0;62.0;166.0;66.0;178.0;71.0;190.0;76.0;203.0;81.0;218.0;87.0;233.0;93.0;249.0;99.0;267.0;106.0;286.0;114.0;306.0;122.0;327.0;131.0;350.0;140.0;375.0;150.0;382.0;153.0;390.0;156.0;397.0;159.0;405.0;162.0;414.0;165.0;422.0;168.0;430.0;172.0;439.0;175.0;448.0;179.0;457.0;182.0;466.0;186.0;475.0;190.0;485.0;194.0;494.0;197.0;504.0;201.0;514.0;205.0;525.0;210.0;535.0;214.0;546.0;218.0;557.0;222.0;568.0;227.0;579.0;231.0;591.0;236.0;603.0;241.0;615.0;246.0;627.0;251.0;640.0;256.0;652.0;261.0;665.0;266.0;679.0;271.0;692.0;277.0;706.0;282.0;720.0;288.0;735.0;294.0;750;300
OLB;Olbia;40.8986;9.5176;2;62.0;13.0;66.0;14.0;71.0;15.0;76.0;16.0;81.0;17.0;87.0;18.0;93.0;19.0;100.0;21.0;107.0;22.0;114.0;24.0;122.0;25.0;131.0;27.0;140.0;29.0;150.0;31.0;160.0;33.0;172.0;36.0;184.0;38.0;197.0;41.0;210.0;44.0;225.0;47.0;241.0;50.0;258.0;54.0;276.0;58.0;295.0;62.0;316.0;66.0;338.0;71.0;362.0;76.0;387.0;81.0;414.0;87.0;443.0;93.0;475.0;100.0;484.0;102.0;494.0;104.0;504.0;106.0;514.0;108.0;524.0;110.0;534.0;112.0;545.0;114.0;556.0;117.0;567.0;119.0;579.0;121.0;590.0;124.0;602.0;126.0;614.0;129.0;626.0;131.0;639.0;134.0;652.0;137.0;665.0;140.0;678.0;142.0;692.0;145.0;705.0;148.0;719.0;151.0;734.0;154.0;749.0;157.0;764.0;160.0;779.0;164.0;794.0;167.0;810.0;170.0;827.0;174.0;843.0;177.0;860.0;181.0;877.0;184.0;895.0;188.0;913.0;192.0;931.0;196.0;950;200
HAJ;Hannover;52.4611;9.6851;3;54.0;81.0;57.0;85.0;60.0;91.0;64.0;96.0;68.0;102.0;72.0;108.0;76.0;114.0;81.0;121.0;86.0;129.0;91.0;136.0;96.0;145.0;102.0;153.0;108.0;162.0;115.0;172.0;122.0;183.0;129.0;194.0;137.0;205.0;145.0;218.0;154.0;231.0;163.0;245.0;173.0;259.0;179.0;268.0;185.0;278.0;192.0;288.0;198.0;298.0;205.0;308.0;212.0;319.0;220.0;330.0;228.0;342.0;236.0;354.0;244.0;366.0;252.0;379.0;261.0;392.0;270.0;406.0;280.0;420.0;290.0;435.0;300.0;450.0;310.0;466.0;321.0;482.0;332.0;499.0;344.0;516.0;349.0;524.0;355.0;532.0;360.0;540.0;365.0;548.0;371.0;556.0;376.0;565.0;382.0;573.0;388.0;582.0;394.0;591.0;399.0;599.0;405.0;608.0;412.0;618.0;418.0;627.0;424.0;636.0;430.0;646.0;437.0;655.0;443.0;665.0;450.0;675.0;457.0;685.0;464.0;696.0;471.0;706.0;478.0;717.0;485.0;727.0;492.0;738.0;500;750
BRE;Bremen;53.0475;8.7867;2;59.0;70.0;62.0;74.0;66.0;78.0;70.0;83.0;74.0;88.0;79.0;93.0;84.0;99.0;89.0;105.0;94.0;111.0;100.0;118.0;106.0;125.0;112.0;133.0;119.0;141.0;126.0;149.0;134.0;158.0;142.0;168.0;150.0;178.0;159.0;189.0;169.0;200.0;179.0;212.0;190.0;225.0;197.0;233.0;204.0;241.0;211.0;249.0;218.0;258.0;226.0;267.0;234.0;276.0;242.0;286.0;250.0;296.0;259.0;306.0;268.0;317.0;278.0;328.0;287.0;340.0;297.0;352.0;308.0;364.0;319.0;377.0;330.0;390.0;341.0;404.0;353.0;418.0;366.0;432.0;379.0;447.0;384.0;454.0;390.0;461.0;396.0;468.0;402.0;475.0;408.0;482.0;414.0;489.0;420.0;497.0;427.0;504.0;433.0;512.0;439.0;519.0;446.0;527.0;453.0;535.0;460.0;543.0;466.0;551.0;473.0;560.0;481.0;568.0;488.0;577.0;495.0;585.0;502.0;594.0;510.0;603.0;518.0;612.0;525.0;621.0;533.0;630.0;541.0;640.0;550;650
NUE;Nürnberg;49.4987;11.0669;2;64.0;75.0;68.0;80.0;72.0;84.0;77.0;90.0;81.0;95.0;86.0;101.0;91.0;107.0;97.0;113.0;103.0;120.0;109.0;127.0;116.0;135.0;123.0;143.0;130.0;152.0;138.0;161.0;146.0;170.0;155.0;181.0;164.0;192.0;174.0;203.0;184.0;215.0;196.0;228.0;207.0;242.0;215.0;250.0;222.0;259.0;230.0;268.0;238.0;278.0;246.0;287.0;255.0;298.0;264.0;308.0;273.0;319.0;283.0;330.0;293.0;342.0;303.0;353.0;314.0;366.0;325.0;379.0;336.0;392.0;348.0;406.0;360.0;420.0;372.0;435.0;386.0;450.0;399.0;466.0;413.0;482.0;419.0;489.0;426.0;497.0;432.0;504.0;438.0;512.0;445.0;519.0;452.0;527.0;458.0;535.0;465.0;543.0;472.0;551.0;479.0;559.0;487.0;568.0;494.0;576.0;501.0;585.0;509.0;594.0;517.0;603.0;524.0;612.0;532.0;621.0;540.0;630.0;548.0;640.0;556.0;649.0;565.0;659.0;573.0;669.0;582.0;679.0;591.0;689.0;600;700
LEJ;Leipzig;51.4239;12.2364;2;48.0;81.0;51.0;85.0;54.0;91.0;57.0;96.0;61.0;102.0;65.0;108.0;68.0;114.0;73.0;121.0;77.0;129.0;82.0;136.0;87.0;145.0;92.0;153.0;97.0;162.0;103.0;172.0;109.0;183.0;116.0;194.0;123.0;205.0;130.0;218.0;138.0;231.0;147.0;245.0;155.0;259.0;161.0;268.0;166.0;278.0;172.0;288.0;178.0;298.0;185.0;308.0;191.0;319.0;198.0;330.0;205.0;342.0;212.0;354.0;219.0;366.0;227.0;379.0;235.0;392.0;243.0;406.0;252.0;420.0;261.0;435.0;270.0;450.0;279.0;466.0;289.0;482.0;299.0;499.0;310.0;516.0;314.0;524.0;319.0;532.0;324.0;540.0;329.0;548.0;334.0;556.0;339.0;565.0;344.0;573.0;349.0;582.0;354.0;591.0;359.0;599.0;365.0;608.0;370.0;618.0;376.0;627.0;382.0;636.0;387.0;646.0;393.0;655.0;399.0;665.0;405.0;675.0;411.0;685.0;417.0;696.0;423.0;706.0;430.0;717.0;436.0;727.0;443.0;738.0;450;750
DRS;Dresden;51.1328;13.7672;2;70.0;64.0;74.0;68.0;78.0;72.0;83.0;77.0;88.0;81.0;93.0;86.0;99.0;91.0;105.0;97.0;111.0;103.0;118.0;109.0;125.0;116.0;133.0;123.0;141.0;130.0;149.0;138.0;158.0;146.0;168.0;155.0;178.0;164.0;189.0;174.0;200.0;184.0;212.0;196.0;225.0;207.0;233.0;215.0;241.0;222.0;249.0;230.0;258.0;238.0;267.0;246.0;276.0;255.0;286.0;264.0;296.0;273.0;306.0;283.0;317.0;293.0;328.0;303.0;340.0;314.0;352.0;325.0;364.0;336.0;377.0;348.0;390.0;360.0;404.0;372.0;418.0;386.0;432.0;399.0;447.0;413.0;454.0;419.0;461.0;426.0;468.0;432.0;475.0;438.0;482.0;445.0;489.0;452.0;497.0;458.0;504.0;465.0;512.0;472.0;519.0;479.0;527.0;487.0;535.0;494.0;543.0;501.0;551.0;509.0;560.0;517.0;568.0;524.0;577.0;532.0;585.0;540.0;594.0;548.0;603.0;556.0;612.0;565.0;621.0;573.0;630.0;582.0;640.0;591.0;650;600
PAD;Paderborn;51.6141;8.6163;1;43.0;54.0;45.0;57.0;48.0;60.0;51.0;64.0;54.0;68.0;57.0;72.0;61.0;76.0;64.0;81.0;68.0;86.0;72.0;91.0;77.0;96.0;82.0;102.0;86.0;108.0;92.0;115.0;97.0;122.0;103.0;129.0;109.0;137.0;116.0;145.0;123.0;154.0;130.0;163.0;138.0;173.0;143.0;179.0;148.0;185.0;153.0;192.0;158.0;198.0;164.0;205.0;170.0;212.0;176.0;220.0;182.0;228.0;188.0;236.0;195.0;244.0;202.0;252.0;209.0;261.0;216.0;270.0;224.0;280.0;232.0;290.0;240.0;300.0;248.0;310.0;257.0;321.0;266.0;332.0;275.0;344.0;279.0;349.0;284.0;355.0;288.0;360.0;292.0;365.0;296.0;371.0;301.0;376.0;305.0;382.0;310.0;388.0;315.0;394.0;319.0;399.0;324.0;405.0;329.0;412.0;334.0;418.0;339.0;424.0;344.0;430.0;349.0;437.0;355.0;443.0;360.0;450.0;365.0;457.0;371.0;464.0;376.0;471.0;382.0;478.0;388.0;485.0;394.0;492.0;400;500
SVG;Stavanger;58.8767;5.6378;2;59.0;86.0;62.0;91.0;66.0;97.0;70.0;102.0;74.0;109.0;79.0;115.0;84.0;122.0;89.0;129.0;94.0;137.0;100.0;145.0;106.0;154.0;112.0;164.0;119.0;173.0;126.0;184.0;134.0;195.0;142.0;207.0;150.0;219.0;159.0;232.0;169.0;246.0;179.0;261.0;190.0;277.0;197.0;286.0;204.0;296.0;211.0;307.0;218.0;317.0;226.0;329.0;234.0;340.0;242.0;352.0;250.0;364.0;259.0;377.0;268.0;390.0;278.0;404.0;287.0;418.0;297.0;433.0;308.0;448.0;319.0;464.0;330.0;480.0;341.0;497.0;353.0;514.0;366.0;532.0;379.0;551.0;384.0;559.0;390.0;568.0;396.0;576.0;402.0;585.0;408.0;593.0;414.0;602.0;420.0;611.0;427.0;621.0;433.0;630.0;439.0;639.0;446.0;649.0;453.0;659.0;460.0;669.0;466.0;679.0;473.0;689.0;481.0;699.0;488.0;710.0;495.0;720.0;502.0;731.0;510.0;742.0;518.0;753.0;525.0;765.0;533.0;776.0;541.0;788.0;550;800
TOS;Tromsö;69.6833;18.9189;2;91.0;37.0;97.0;40.0;103.0;42.0;109.0;45.0;115.0;47.0;122.0;50.0;130.0;53.0;138.0;56.0;146.0;60.0;155.0;63.0;164.0;67.0;174.0;71.0;184.0;76.0;195.0;80.0;207.0;85.0;220.0;90.0;233.0;96.0;247.0;101.0;262.0;107.0;277.0;114.0;294.0;121.0;304.0;125.0;315.0;129.0;326.0;134.0;337.0;139.0;349.0;143.0;361.0;149.0;374.0;154.0;387.0;159.0;401.0;165.0;415.0;171.0;429.0;176.0;444.0;183.0;460.0;189.0;476.0;196.0;493.0;203.0;510.0;210.0;528.0;217.0;546.0;225.0;566.0;233.0;585.0;241.0;594.0;244.0;603.0;248.0;612.0;252.0;621.0;256.0;631.0;259.0;640.0;263.0;650.0;267.0;659.0;271.0;669.0;275.0;679.0;279.0;690.0;284.0;700.0;288.0;710.0;292.0;721.0;297.0;732.0;301.0;743.0;306.0;754.0;310.0;765.0;315.0;777.0;320.0;789.0;324.0;800.0;329.0;812.0;334.0;825.0;339.0;837.0;344.0;850;350
BOO;Bodö;67.2692;14.3653;1;81.0;48.0;85.0;51.0;91.0;54.0;96.0;57.0;102.0;61.0;108.0;65.0;114.0;68.0;121.0;73.0;129.0;77.0;136.0;82.0;145.0;87.0;153.0;92.0;162.0;97.0;172.0;103.0;183.0;109.0;194.0;116.0;205.0;123.0;218.0;130.0;231.0;138.0;245.0;147.0;259.0;155.0;268.0;161.0;278.0;166.0;288.0;172.0;298.0;178.0;308.0;185.0;319.0;191.0;330.0;198.0;342.0;205.0;354.0;212.0;366.0;219.0;379.0;227.0;392.0;235.0;406.0;243.0;420.0;252.0;435.0;261.0;450.0;270.0;466.0;279.0;482.0;289.0;499.0;299.0;516.0;310.0;524.0;314.0;532.0;319.0;540.0;324.0;548.0;329.0;556.0;334.0;565.0;339.0;573.0;344.0;582.0;349.0;591.0;354.0;599.0;359.0;608.0;365.0;618.0;370.0;627.0;376.0;636.0;382.0;646.0;387.0;655.0;393.0;665.0;399.0;675.0;405.0;685.0;411.0;696.0;417.0;706.0;423.0;717.0;430.0;727.0;436.0;738.0;443.0;750;450
AAR;Aarhus;56.3;10.619;2;59.0;70.0;62.0;74.0;66.0;78.0;70.0;83.0;74.0;88.0;79.0;93.0;84.0;99.0;89.0;105.0;94.0;111.0;100.0;118.0;106.0;125.0;112.0;133.0;119.0;141.0;126.0;149.0;134.0;158.0;142.0;168.0;150.0;178.0;159.0;189.0;169.0;200.0;179.0;212.0;190.0;225.0;197.0;233.0;204.0;241.0;211.0;249.0;218.0;258.0;226.0;267.0;234.0;276.0;242.0;286.0;250.0;296.0;259.0;306.0;268.0;317.0;278.0;328.0;287.0;340.0;297.0;352.0;308.0;364.0;319.0;377.0;330.0;390.0;341.0;404.0;353.0;418.0;366.0;432.0;379.0;447.0;384.0;454.0;390.0;461.0;396.0;468.0;402.0;475.0;408.0;482.0;414.0;489.0;420.0;497.0;427.0;504.0;433.0;512.0;439.0;519.0;446.0;527.0;453.0;535.0;460.0;543.0;466.0;551.0;473.0;560.0;481.0;568.0;488.0;577.0;495.0;585.0;502.0;594.0;510.0;603.0;518.0;612.0;525.0;621.0;533.0;630.0;541.0;640.0;550;650
AAL;Aalborg;57.0928;9.8492;2;54.0;64.0;57.0;68.0;60.0;72.0;64.0;77.0;68.0;81.0;72.0;86.0;76.0;91.0;81.0;97.0;86.0;103.0;91.0;109.0;96.0;116.0;102.0;123.0;108.0;130.0;115.0;138.0;122.0;146.0;129.0;155.0;137.0;164.0;145.0;174.0;154.0;184.0;163.0;196.0;173.0;207.0;179.0;215.0;185.0;222.0;192.0;230.0;198.0;238.0;205.0;246.0;212.0;255.0;220.0;264.0;228.0;273.0;236.0;283.0;244.0;293.0;252.0;303.0;261.0;314.0;270.0;325.0;280.0;336.0;290.0;348.0;300.0;360.0;310.0;372.0;321.0;386.0;332.0;399.0;344.0;413.0;349.0;419.0;355.0;426.0;360.0;432.0;365.0;438.0;371.0;445.0;376.0;452.0;382.0;458.0;388.0;465.0;394.0;472.0;399.0;479.0;405.0;487.0;412.0;494.0;418.0;501.0;424.0;509.0;430.0;517.0;437.0;524.0;443.0;532.0;450.0;540.0;457.0;548.0;464.0;556.0;471.0;565.0;478.0;573.0;485.0;582.0;492.0;591.0;500;600
UME;Umeå;63.7917;20.2828;1;48.0;59.0;51.0;62.0;54.0;66.0;57.0;70.0;61.0;74.0;65.0;79.0;68.0;84.0;73.0;89.0;77.0;94.0;82.0;100.0;87.0;106.0;92.0;112.0;97.0;119.0;103.0;126.0;109.0;134.0;116.0;142.0;123.0;150.0;130.0;159.0;138.0;169.0;147.0;179.0;155.0;190.0;161.0;197.0;166.0;204.0;172.0;211.0;178.0;218.0;185.0;226.0;191.0;234.0;198.0;242.0;205.0;250.0;212.0;259.0;219.0;268.0;227.0;278.0;235.0;287.0;243.0;297.0;252.0;308.0;261.0;319.0;270.0;330.0;279.0;341.0;289.0;353.0;299.0;366.0;310.0;379.0;314.0;384.0;319.0;390.0;324.0;396.0;329.0;402.0;334.0;408.0;339.0;414.0;344.0;420.0;349.0;427.0;354.0;433.0;359.0;439.0;365.0;446.0;370.0;453.0;376.0;460.0;382.0;466.0;387.0;473.0;393.0;481.0;399.0;488.0;405.0;495.0;411.0;502.0;417.0;510.0;423.0;518.0;430.0;525.0;436.0;533.0;443.0;541.0;450;550
LLA;Luleå;65.5438;22.122;1;54.0;54.0;57.0;57.0;60.0;60.0;64.0;64.0;68.0;68.0;72.0;72.0;76.0;76.0;81.0;81.0;86.0;86.0;91.0;91.0;96.0;96.0;102.0;102.0;108.0;108.0;115.0;115.0;122.0;122.0;129.0;129.0;137.0;137.0;145.0;145.0;154.0;154.0;163.0;163.0;173.0;173.0;179.0;179.0;185.0;185.0;192.0;192.0;198.0;198.0;205.0;205.0;212.0;212.0;220.0;220.0;228.0;228.0;236.0;236.0;244.0;244.0;252.0;252.0;261.0;261.0;270.0;270.0;280.0;280.0;290.0;290.0;300.0;300.0;310.0;310.0;321.0;321.0;332.0;332.0;344.0;344.0;349.0;349.0;355.0;355.0;360.0;360.0;365.0;365.0;371.0;371.0;376.0;376.0;382.0;382.0;388.0;388.0;394.0;394.0;399.0;399.0;405.0;405.0;412.0;412.0;418.0;418.0;424.0;424.0;430.0;430.0;437.0;437.0;443.0;443.0;450.0;450.0;457.0;457.0;464.0;464.0;471.0;471.0;478.0;478.0;485.0;485.0;492.0;492.0;500;500
TMP;Tampere;61.4141;23.6044;2;48.0;70.0;51.0;74.0;54.0;78.0;57.0;83.0;61.0;88.0;65.0;93.0;68.0;99.0;73.0;105.0;77.0;111.0;82.0;118.0;87.0;125.0;92.0;133.0;97.0;141.0;103.0;149.0;109.0;158.0;116.0;168.0;123.0;178.0;130.0;189.0;138.0;200.0;147.0;212.0;155.0;225.0;161.0;233.0;166.0;241.0;172.0;249.0;178.0;258.0;185.0;267.0;191.0;276.0;198.0;286.0;205.0;296.0;212.0;306.0;219.0;317.0;227.0;328.0;235.0;340.0;243.0;352.0;252.0;364.0;261.0;377.0;270.0;390.0;279.0;404.0;289.0;418.0;299.0;432.0;310.0;447.0;314.0;454.0;319.0;461.0;324.0;468.0;329.0;475.0;334.0;482.0;339.0;489.0;344.0;497.0;349.0;504.0;354.0;512.0;359.0;519.0;365.0;527.0;370.0;535.0;376.0;543.0;382.0;551.0;387.0;560.0;393.0;568.0;399.0;577.0;405.0;585.0;411.0;594.0;417.0;603.0;423.0;612.0;430.0;621.0;436.0;630.0;443.0;640.0;450;650
OUL;Oulu;64.9301;24.3668;2;43.0;64.0;45.0;68.0;48.0;72.0;51.0;77.0;54.0;81.0;57.0;86.0;61.0;91.0;64.0;97.0;68.0;103.0;72.0;109.0;77.0;116.0;82.0;123.0;86.0;130.0;92.0;138.0;97.0;146.0;103.0;155.0;109.0;164.0;116.0;174.0;123.0;184.0;130.0;196.0;138.0;207.0;143.0;215.0;148.0;222.0;153.0;230.0;158.0;238.0;164.0;246.0;170.0;255.0;176.0;264.0;182.0;273.0;188.0;283.0;195.0;293.0;202.0;303.0;209.0;314.0;216.0;325.0;224.0;336.0;232.0;348.0;240.0;360.0;248.0;372.0;257.0;386.0;266.0;399.0;275.0;413.0;279.0;419.0;284.0;426.0;288.0;432.0;292.0;438.0;296.0;445.0;301.0;452.0;305.0;458.0;310.0;465.0;315.0;472.0;319.0;479.0;324.0;487.0;329.0;494.0;334.0;501.0;339.0;509.0;344.0;517.0;349.0;524.0;355.0;532.0;360.0;540.0;365.0;548.0;371.0;556.0;376.0;565.0;382.0;573.0;388.0;582.0;394.0;591.0;400;600
RVN;Rovaniemi;66.5614;25.8304;2;102.0;27.0;108.0;28.0;115.0;30.0;122.0;32.0;129.0;34.0;137.0;36.0;145.0;38.0;154.0;40.0;163.0;43.0;173.0;45.0;183.0;48.0;194.0;51.0;206.0;54.0;218.0;57.0;231.0;61.0;245.0;64.0;260.0;68.0;276.0;72.0;292.0;77.0;310.0;81.0;329.0;86.0;340.0;89.0;352.0;92.0;364.0;96.0;377.0;99.0;390.0;102.0;404.0;106.0;418.0;110.0;433.0;114.0;448.0;118.0;464.0;122.0;480.0;126.0;497.0;130.0;514.0;135.0;532.0;140.0;551.0;145.0;570.0;150.0;590.0;155.0;611.0;160.0;632.0;166.0;654.0;172.0;664.0;174.0;674.0;177.0;684.0;180.0;694.0;182.0;705.0;185.0;715.0;188.0;726.0;191.0;737.0;194.0;748.0;197.0;759.0;199.0;771.0;202.0;782.0;206.0;794.0;209.0;806.0;212.0;818.0;215.0;830.0;218.0;843.0;221.0;855.0;225.0;868.0;228.0;881.0;232.0;895.0;235.0;908.0;239.0;922.0;242.0;935.0;246.0;950;250
LED;St. Petersburg;59.8003;30.2625;4;148.0;130.0;154.0;136.0;160.0;141.0;166.0;147.0;173.0;153.0;180.0;159.0;187.0;165.0;195.0;172.0;202.0;179.0;211.0;186.0;219.0;193.0;228.0;201.0;237.0;209.0;246.0;217.0;256.0;226.0;267.0;235.0;277.0;245.0;288.0;254.0;300.0;265.0;312.0;275.0;324.0;286.0;337.0;298.0;351.0;310.0;365.0;322.0;380.0;335.0;395.0;348.0;411.0;362.0;427.0;377.0;444.0;392.0;462.0;407.0;480.0;424.0;442.0;390.0;406.0;359.0;374.0;330.0;344.0;303.0;316.0;279.0;291.0;257.0;306.0;270.0;321.0;283.0;337.0;297.0;354.0;312.0;372.0;328.0;390.0;344.0;410.0;362.0;430.0;380.0;452.0;399.0;474.0;419.0;498.0;440.0;523.0;462.0;549.0;485.0;577.0;509.0;606.0;534.0;636.0;561.0;668.0;589.0;701.0;619.0;736.0;650.0;773.0;682.0;812.0;716.0;852.0;752.0;895.0;790.0;940.0;829.0;921.0;813.0;903.0;796.0;885.0;780.0;867.0;765.0;850;750
AER;Sotschi;43.4499;39.9566;3;165.0;69.0;172.0;72.0;179.0;75.0;186.0;78.0;193.0;81.0;201.0;84.0;209.0;88.0;218.0;91.0;226.0;95.0;235.0;99.0;245.0;103.0;255.0;107.0;265.0;111.0;275.0;116.0;286.0;120.0;298.0;125.0;310.0;130.0;322.0;135.0;335.0;141.0;349.0;146.0;363.0;152.0;377.0;158.0;392.0;165.0;408.0;171.0;424.0;178.0;441.0;185.0;459.0;193.0;477.0;201.0;496.0;209.0;516.0;217.0;537.0;226.0;494.0;208.0;454.0;191.0;418.0;176.0;385.0;162.0;354.0;149.0;325.0;137.0;342.0;144.0;359.0;151.0;377.0;158.0;396.0;166.0;415.0;175.0;436.0;183.0;458.0;193.0;481.0;202.0;505.0;212.0;530.0;223.0;557.0;234.0;585.0;246.0;614.0;258.0;645.0;271.0;677.0;285.0;711.0;299.0;746.0;314.0;784.0;330.0;823.0;346.0;864.0;364.0;907.0;382.0;953.0;401.0;1000.0;421.0;1050.0;442.0;1029.0;433.0;1009.0;424.0;989.0;416.0;969.0;408.0;950;400
KZN;Kasan;55.6062;49.2787;3;104.0;122.0;108.0;126.0;113.0;132.0;117.0;137.0;122.0;142.0;127.0;148.0;132.0;154.0;137.0;160.0;143.0;167.0;148.0;173.0;154.0;180.0;161.0;187.0;167.0;195.0;174.0;203.0;181.0;211.0;188.0;219.0;196.0;228.0;203.0;237.0;212.0;247.0;220.0;257.0;229.0;267.0;238.0;278.0;248.0;289.0;257.0;300.0;268.0;312.0;278.0;325.0;290.0;338.0;301.0;352.0;313.0;366.0;326.0;380.0;339.0;396.0;312.0;364.0;287.0;335.0;264.0;308.0;243.0;283.0;223.0;260.0;205.0;240.0;216.0;252.0;226.0;264.0;238.0;277.0;250.0;291.0;262.0;306.0;275.0;321.0;289.0;337.0;304.0;354.0;319.0;372.0;335.0;391.0;352.0;410.0;369.0;431.0;388.0;452.0;407.0;475.0;427.0;499.0;449.0;524.0;471.0;550.0;495.0;577.0;520.0;606.0;546.0;637.0;573.0;668.0;602.0;702.0;632.0;737.0;663.0;774.0;650.0;758.0;637.0;743.0;624.0;728.0;612.0;714.0;600;700
SVX;Jekaterinburg;56.7431;60.8027;3;78.0;139.0;81.0;145.0;84.0;150.0;88.0;156.0;91.0;163.0;95.0;169.0;99.0;176.0;103.0;183.0;107.0;190.0;111.0;198.0;116.0;206.0;120.0;214.0;125.0;223.0;130.0;232.0;135.0;241.0;141.0;251.0;147.0;261.0;152.0;271.0;159.0;282.0;165.0;293.0;171.0;305.0;178.0;317.0;186.0;330.0;193.0;343.0;201.0;357.0;209.0;371.0;217.0;386.0;226.0;402.0;235.0;418.0;244.0;435.0;254.0;452.0;234.0;416.0;215.0;383.0;198.0;352.0;182.0;324.0;167.0;298.0;154.0;274.0;162.0;288.0;170.0;302.0;178.0;317.0;187.0;333.0;197.0;350.0;206.0;367.0;217.0;386.0;228.0;405.0;239.0;425.0;251.0;447.0;264.0;469.0;277.0;492.0;291.0;517.0;305.0;543.0;320.0;570.0;336.0;599.0;353.0;628.0;371.0;660.0;390.0;693.0;409.0;728.0;430.0;764.0;451.0;802.0;474.0;842.0;497.0;885.0;487.0;867.0;478.0;849.0;468.0;832.0;459.0;816.0;450;800
OVB;Nowosibirsk;55.0125;82.6507;3;69.0;130.0;72.0;136.0;75.0;141.0;78.0;147.0;81.0;153.0;84.0;159.0;88.0;165.0;91.0;172.0;95.0;179.0;99.0;186.0;103.0;193.0;107.0;201.0;111.0;209.0;116.0;217.0;120.0;226.0;125.0;235.0;130.0;245.0;135.0;254.0;141.0;265.0;146.0;275.0;152.0;286.0;158.0;298.0;165.0;310.0;171.0;322.0;178.0;335.0;185.0;348.0;193.0;362.0;201.0;377.0;209.0;392.0;217.0;407.0;226.0;424.0;208.0;390.0;191.0;359.0;176.0;330.0;162.0;303.0;149.0;279.0;137.0;257.0;144.0;270.0;151.0;283.0;158.0;297.0;166.0;312.0;175.0;328.0;183.0;344.0;193.0;362.0;202.0;380.0;212.0;399.0;223.0;419.0;234.0;440.0;246.0;462.0;258.0;485.0;271.0;509.0;285.0;534.0;299.0;561.0;314.0;589.0;330.0;619.0;346.0;650.0;364.0;682.0;382.0;716.0;401.0;752.0;421.0;790.0;442.0;829.0;433.0;813.0;424.0;796.0;416.0;780.0;408.0;765.0;400;750
KJA;Krasnojarsk;56.1722;92.4933;3;61.0;122.0;63.0;126.0;66.0;132.0;68.0;137.0;71.0;142.0;74.0;148.0;77.0;154.0;80.0;160.0;83.0;167.0;86.0;173.0;90.0;180.0;93.0;187.0;97.0;195.0;101.0;203.0;105.0;211.0;109.0;219.0;114.0;228.0;118.0;237.0;123.0;247.0;128.0;257.0;133.0;267.0;139.0;278.0;144.0;289.0;150.0;300.0;156.0;312.0;162.0;325.0;169.0;338.0;176.0;352.0;183.0;366.0;190.0;380.0;198.0;396.0;182.0;364.0;167.0;335.0;154.0;308.0;141.0;283.0;130.0;260.0;120.0;240.0;126.0;252.0;132.0;264.0;138.0;277.0;145.0;291.0;153.0;306.0;160.0;321.0;168.0;337.0;177.0;354.0;186.0;372.0;195.0;391.0;205.0;410.0;215.0;431.0;226.0;452.0;237.0;475.0;249.0;499.0;262.0;524.0;275.0;550.0;288.0;577.0;303.0;606.0;318.0;637.0;334.0;668.0;351.0;702.0;368.0;737.0;387.0;774.0;379.0;758.0;371.0;743.0;364.0;728.0;357.0;714.0;350;700
IKT;Irkutsk;52.268;104.389;2;113.0;104.0;117.0;108.0;122.0;113.0;127.0;117.0;132.0;122.0;137.0;127.0;143.0;132.0;149.0;137.0;155.0;143.0;161.0;148.0;167.0;154.0;174.0;161.0;181.0;167.0;188.0;174.0;196.0;181.0;204.0;188.0;212.0;196.0;220.0;203.0;229.0;212.0;238.0;220.0;248.0;229.0;258.0;238.0;268.0;248.0;279.0;257.0;290.0;268.0;302.0;278.0;314.0;290.0;326.0;301.0;339.0;313.0;353.0;326.0;367.0;339.0;338.0;312.0;311.0;287.0;286.0;264.0;263.0;243.0;242.0;223.0;222.0;205.0;234.0;216.0;245.0;226.0;258.0;238.0;271.0;250.0;284.0;262.0;298.0;275.0;313.0;289.0;329.0;304.0;345.0;319.0;363.0;335.0;381.0;352.0;400.0;369.0;420.0;388.0;441.0;407.0;463.0;427.0;486.0;449.0;511.0;471.0;536.0;495.0;563.0;520.0;591.0;546.0;621.0;573.0;652.0;602.0;684.0;632.0;719.0;663.0;704.0;650.0;690.0;637.0;676.0;624.0;663.0;612.0;650;600
VVO;Wladiwostok;43.3989;132.148;2;95.0;130.0;99.0;136.0;103.0;141.0;107.0;147.0;112.0;153.0;116.0;159.0;121.0;165.0;126.0;172.0;131.0;179.0;136.0;186.0;142.0;193.0;147.0;201.0;153.0;209.0;159.0;217.0;166.0;226.0;172.0;235.0;179.0;245.0;186.0;254.0;194.0;265.0;202.0;275.0;210.0;286.0;218.0;298.0;227.0;310.0;236.0;322.0;245.0;335.0;255.0;348.0;265.0;362.0;276.0;377.0;287.0;392.0;299.0;407.0;311.0;424.0;286.0;390.0;263.0;359.0;242.0;330.0;222.0;303.0;205.0;279.0;188.0;257.0;198.0;270.0;208.0;283.0;218.0;297.0;229.0;312.0;240.0;328.0;252.0;344.0;265.0;362.0;278.0;380.0;292.0;399.0;307.0;419.0;322.0;440.0;338.0;462.0;355.0;485.0;373.0;509.0;392.0;534.0;411.0;561.0;432.0;589.0;454.0;619.0;476.0;650.0;500.0;682.0;525.0;716.0;551.0;752.0;579.0;790.0;608.0;829.0;596.0;813.0;584.0;796.0;572.0;780.0;561.0;765.0;550;750
KHV;Chabarowsk;48.528;135.188;2;69.0;113.0;72.0;117.0;75.0;122.0;78.0;127.0;81.0;132.0;84.0;137.0;88.0;143.0;91.0;149.0;95.0;155.0;99.0;161.0;103.0;167.0;107.0;174.0;111.0;181.0;116.0;188.0;120.0;196.0;125.0;204.0;130.0;212.0;135.0;220.0;141.0;229.0;146.0;238.0;152.0;248.0;158.0;258.0;165.0;268.0;171.0;279.0;178.0;290.0;185.0;302.0;193.0;314.0;201.0;326.0;209.0;339.0;217.0;353.0;226.0;367.0;208.0;338.0;191.0;311.0;176.0;286.0;162.0;263.0;149.0;242.0;137.0;222.0;144.0;234.0;151.0;245.0;158.0;258.0;166.0;271.0;175.0;284.0;183.0;298.0;193.0;313.0;202.0;329.0;212.0;345.0;223.0;363.0;234.0;381.0;246.0;400.0;258.0;420.0;271.0;441.0;285.0;463.0;299.0;486.0;314.0;511.0;330.0;536.0;346.0;563.0;364.0;591.0;382.0;621.0;401.0;652.0;421.0;684.0;442.0;719.0;433.0;704.0;424.0;690.0;416.0;676.0;408.0;663.0;400;650
UFA;Ufa;54.5575;55.8744;2;61.0;122.0;63.0;126.0;66.0;132.0;68.0;137.0;71.0;142.0;74.0;148.0;77.0;154.0;80.0;160.0;83.0;167.0;86.0;173.0;90.0;180.0;93.0;187.0;97.0;195.0;101.0;203.0;105.0;211.0;109.0;219.0;114.0;228.0;118.0;237.0;123.0;247.0;128.0;257.0;133.0;267.0;139.0;278.0;144.0;289.0;150.0;300.0;156.0;312.0;162.0;325.0;169.0;338.0;176.0;352.0;183.0;366.0;190.0;380.0;198.0;396.0;182.0;364.0;167.0;335.0;154.0;308.0;141.0;283.0;130.0;260.0;120.0;240.0;126.0;252.0;132.0;264.0;138.0;277.0;145.0;291.0;153.0;306.0;160.0;321.0;168.0;337.0;177.0;354.0;186.0;372.0;195.0;391.0;205.0;410.0;215.0;431.0;226.0;452.0;237.0;475.0;249.0;499.0;262.0;524.0;275.0;550.0;288.0;577.0;303.0;606.0;318.0;637.0;334.0;668.0;351.0;702.0;368.0;737.0;387.0;774.0;379.0;758.0;371.0;743.0;364.0;728.0;357.0;714.0;350;700
KUF;Samara;53.5048;50.1581;2;52.0;130.0;54.0;136.0;56.0;141.0;58.0;147.0;61.0;153.0;63.0;159.0;66.0;165.0;68.0;172.0;71.0;179.0;74.0;186.0;77.0;193.0;80.0;201.0;83.0;209.0;87.0;217.0;90.0;226.0;94.0;235.0;98.0;245.0;101.0;254.0;106.0;265.0;110.0;275.0;114.0;286.0;119.0;298.0;124.0;310.0;128.0;322.0;134.0;335.0;139.0;348.0;145.0;362.0;150.0;377.0;156.0;392.0;163.0;407.0;169.0;424.0;156.0;390.0;143.0;359.0;132.0;330.0;121.0;303.0;111.0;279.0;102.0;257.0;108.0;270.0;113.0;283.0;119.0;297.0;125.0;312.0;131.0;328.0;137.0;344.0;144.0;362.0;152.0;380.0;159.0;399.0;167.0;419.0;176.0;440.0;184.0;462.0;194.0;485.0;203.0;509.0;213.0;534.0;224.0;561.0;235.0;589.0;247.0;619.0;260.0;650.0;273.0;682.0;286.0;716.0;301.0;752.0;316.0;790.0;331.0;829.0;325.0;813.0;318.0;796.0;312.0;780.0;306.0;765.0;300;750
ROV;Rostow am Don;47.2642;39.8178;2;78.0;113.0;81.0;117.0;84.0;122.0;88.0;127.0;91.0;132.0;95.0;137.0;99.0;143.0;103.0;149.0;107.0;155.0;111.0;161.0;116.0;167.0;120.0;174.0;125.0;181.0;130.0;188.0;135.0;196.0;141.0;204.0;147.0;212.0;152.0;220.0;159.0;229.0;165.0;238.0;171.0;248.0;178.0;258.0;186.0;268.0;193.0;279.0;201.0;290.0;209.0;302.0;217.0;314.0;226.0;326.0;235.0;339.0;244.0;353.0;254.0;367.0;234.0;338.0;215.0;311.0;198.0;286.0;182.0;263.0;167.0;242.0;154.0;222.0;162.0;234.0;170.0;245.0;178.0;258.0;187.0;271.0;197.0;284.0;206.0;298.0;217.0;313.0;228.0;329.0;239.0;345.0;251.0;363.0;264.0;381.0;277.0;400.0;291.0;420.0;305.0;441.0;320.0;463.0;336.0;486.0;353.0;511.0;371.0;536.0;390.0;563.0;409.0;591.0;430.0;621.0;451.0;652.0;474.0;684.0;497.0;719.0;487.0;704.0;478.0;690.0;468.0;676.0;459.0;663.0;450;650
DLA;Douala;4.0127;9.7195;2;53.0;93.0;54.0;95.0;55.0;97.0;56.0;99.0;57.0;101.0;59.0;103.0;60.0;105.0;61.0;107.0;62.0;109.0;63.0;111.0;65.0;114.0;66.0;116.0;67.0;118.0;69.0;121.0;70.0;123.0;71.0;125.0;73.0;128.0;74.0;131.0;76.0;133.0;77.0;136.0;79.0;139.0;81.0;141.0;82.0;144.0;84.0;147.0;86.0;150.0;87.0;153.0;89.0;156.0;91.0;159.0;93.0;162.0;95.0;166.0;96.0;169.0;98.0;172.0;100.0;176.0;102.0;179.0;104.0;183.0;106.0;187.0;109.0;190.0;111.0;194.0;113.0;198.0;115.0;202.0;118.0;206.0;124.0;217.0;130.0;227.0;136.0;239.0;143.0;251.0;150.0;263.0;158.0;277.0;166.0;290.0;174.0;305.0;183.0;320.0;192.0;336.0;202.0;353.0;212.0;371.0;222.0;389.0;233.0;409.0;245.0;429.0;257.0;451.0;270.0;473.0;284.0;497.0;298.0;522.0;313.0;548.0;329.0;575.0;345.0;604.0;362.0;634.0;380.0;666.0;400;700
NSI;Yaoundé;3.7225;11.5233;2;46.0;100.0;47.0;102.0;48.0;104.0;49.0;106.0;50.0;108.0;51.0;110.0;52.0;112.0;53.0;115.0;54.0;117.0;55.0;119.0;57.0;122.0;58.0;124.0;59.0;127.0;60.0;129.0;61.0;132.0;62.0;134.0;64.0;137.0;65.0;140.0;66.0;143.0;68.0;146.0;69.0;149.0;70.0;152.0;72.0;155.0;73.0;158.0;75.0;161.0;76.0;164.0;78.0;167.0;79.0;171.0;81.0;174.0;83.0;178.0;84.0;181.0;86.0;185.0;88.0;189.0;89.0;192.0;91.0;196.0;93.0;200.0;95.0;204.0;97.0;208.0;99.0;212.0;101.0;217.0;103.0;221.0;108.0;232.0;113.0;244.0;119.0;256.0;125.0;269.0;131.0;282.0;138.0;296.0;145.0;311.0;152.0;327.0;160.0;343.0;168.0;360.0;176.0;378.0;185.0;397.0;194.0;417.0;204.0;438.0;214.0;460.0;225.0;483.0;236.0;507.0;248.0;533.0;261.0;559.0;274.0;587.0;287.0;617.0;302.0;647.0;317.0;680.0;333.0;714.0;350;750
FIH;Kinshasa;-4.3856;15.4444;2;40.0;106.0;40.0;109.0;41.0;111.0;42.0;113.0;43.0;115.0;44.0;118.0;45.0;120.0;46.0;122.0;47.0;125.0;47.0;127.0;48.0;130.0;49.0;133.0;50.0;135.0;51.0;138.0;52.0;141.0;53.0;143.0;55.0;146.0;56.0;149.0;57.0;152.0;58.0;155.0;59.0;158.0;60.0;162.0;62.0;165.0;63.0;168.0;64.0;172.0;65.0;175.0;67.0;179.0;68.0;182.0;69.0;186.0;71.0;190.0;72.0;193.0;74.0;197.0;75.0;201.0;77.0;205.0;78.0;209.0;80.0;213.0;81.0;218.0;83.0;222.0;85.0;227.0;86.0;231.0;88.0;236.0;93.0;248.0;97.0;260.0;102.0;273.0;107.0;287.0;113.0;301.0;118.0;316.0;124.0;332.0;130.0;349.0;137.0;366.0;144.0;384.0;151.0;404.0;159.0;424.0;167.0;445.0;175.0;467.0;184.0;491.0;193.0;515.0;203.0;541.0;213.0;568.0;223.0;596.0;235.0;626.0;246.0;658.0;259.0;691.0;272.0;725.0;285.0;761.0;300;800
LAD;Luanda;-8.8584;13.2312;3;60.0;113.0;61.0;115.0;62.0;118.0;63.0;120.0;65.0;123.0;66.0;125.0;67.0;128.0;69.0;130.0;70.0;133.0;71.0;135.0;73.0;138.0;74.0;141.0;76.0;144.0;77.0;147.0;79.0;149.0;80.0;152.0;82.0;156.0;84.0;159.0;85.0;162.0;87.0;165.0;89.0;168.0;91.0;172.0;93.0;175.0;94.0;179.0;96.0;182.0;98.0;186.0;100.0;190.0;102.0;194.0;104.0;197.0;106.0;201.0;109.0;205.0;111.0;210.0;113.0;214.0;115.0;218.0;117.0;222.0;120.0;227.0;122.0;231.0;125.0;236.0;127.0;241.0;130.0;246.0;132.0;251.0;139.0;263.0;146.0;276.0;153.0;290.0;161.0;305.0;169.0;320.0;178.0;336.0;186.0;353.0;196.0;370.0;206.0;389.0;216.0;408.0;227.0;429.0;238.0;450.0;250.0;473.0;263.0;496.0;276.0;521.0;290.0;547.0;304.0;575.0;319.0;604.0;335.0;634.0;352.0;665.0;370.0;699.0;388.0;734.0;408.0;770.0;428.0;809.0;450;850
LUN;Lusaka;-15.3308;28.4526;2;80.0;86.0;81.0;88.0;83.0;90.0;85.0;92.0;86.0;94.0;88.0;95.0;90.0;97.0;92.0;99.0;94.0;101.0;95.0;103.0;97.0;105.0;99.0;108.0;101.0;110.0;103.0;112.0;105.0;114.0;107.0;116.0;110.0;119.0;112.0;121.0;114.0;124.0;116.0;126.0;119.0;129.0;121.0;131.0;124.0;134.0;126.0;137.0;129.0;139.0;131.0;142.0;134.0;145.0;136.0;148.0;139.0;151.0;142.0;154.0;145.0;157.0;148.0;160.0;151.0;163.0;154.0;167.0;157.0;170.0;160.0;173.0;163.0;177.0;166.0;180.0;170.0;184.0;173.0;188.0;177.0;191.0;186.0;201.0;195.0;211.0;205.0;222.0;215.0;233.0;226.0;244.0;237.0;257.0;249.0;270.0;261.0;283.0;274.0;297.0;288.0;312.0;303.0;328.0;318.0;344.0;334.0;361.0;350.0;380.0;368.0;399.0;386.0;418.0;406.0;439.0;426.0;461.0;447.0;485.0;470.0;509.0;493.0;534.0;518.0;561.0;544.0;589.0;571.0;619.0;600;650
HRE;Harare;-17.9318;31.0928;2;73.0;80.0;75.0;81.0;76.0;83.0;78.0;85.0;79.0;86.0;81.0;88.0;82.0;90.0;84.0;92.0;86.0;94.0;87.0;95.0;89.0;97.0;91.0;99.0;93.0;101.0;95.0;103.0;97.0;105.0;98.0;107.0;100.0;110.0;102.0;112.0;105.0;114.0;107.0;116.0;109.0;119.0;111.0;121.0;113.0;124.0;115.0;126.0;118.0;129.0;120.0;131.0;123.0;134.0;125.0;136.0;128.0;139.0;130.0;142.0;133.0;145.0;135.0;148.0;138.0;151.0;141.0;154.0;144.0;157.0;147.0;160.0;150.0;163.0;153.0;166.0;156.0;170.0;159.0;173.0;162.0;177.0;170.0;186.0;179.0;195.0;188.0;205.0;197.0;215.0;207.0;226.0;217.0;237.0;228.0;249.0;239.0;261.0;251.0;274.0;264.0;288.0;277.0;303.0;291.0;318.0;306.0;334.0;321.0;350.0;337.0;368.0;354.0;386.0;372.0;406.0;390.0;426.0;410.0;447.0;430.0;470.0;452.0;493.0;475.0;518.0;498.0;544.0;523.0;571.0;550;600
GBE;Gaborone;-24.5553;25.9182;1;66.0;86.0;68.0;88.0;69.0;90.0;70.0;92.0;72.0;94.0;73.0;95.0;75.0;97.0;76.0;99.0;78.0;101.0;79.0;103.0;81.0;105.0;83.0;108.0;84.0;110.0;86.0;112.0;88.0;114.0;89.0;116.0;91.0;119.0;93.0;121.0;95.0;124.0;97.0;126.0;99.0;129.0;101.0;131.0;103.0;134.0;105.0;137.0;107.0;139.0;109.0;142.0;111.0;145.0;114.0;148.0;116.0;151.0;118.0;154.0;121.0;157.0;123.0;160.0;126.0;163.0;128.0;167.0;131.0;170.0;133.0;173.0;136.0;177.0;139.0;180.0;141.0;184.0;144.0;188.0;147.0;191.0;155.0;201.0;162.0;211.0;170.0;222.0;179.0;233.0;188.0;244.0;197.0;257.0;207.0;270.0;218.0;283.0;229.0;297.0;240.0;312.0;252.0;328.0;265.0;344.0;278.0;361.0;292.0;380.0;306.0;399.0;322.0;418.0;338.0;439.0;355.0;461.0;373.0;485.0;391.0;509.0;411.0;534.0;431.0;561.0;453.0;589.0;476.0;619.0;500;650
WDH;Windhoek;-22.4799;17.4566;2;113.0;73.0;115.0;75.0;118.0;76.0;120.0;78.0;123.0;79.0;125.0;81.0;128.0;82.0;130.0;84.0;133.0;86.0;135.0;87.0;138.0;89.0;141.0;91.0;144.0;93.0;147.0;95.0;149.0;97.0;152.0;98.0;156.0;100.0;159.0;102.0;162.0;105.0;165.0;107.0;168.0;109.0;172.0;111.0;175.0;113.0;179.0;115.0;182.0;118.0;186.0;120.0;190.0;123.0;194.0;125.0;197.0;128.0;201.0;130.0;205.0;133.0;210.0;135.0;214.0;138.0;218.0;141.0;222.0;144.0;227.0;147.0;231.0;150.0;236.0;153.0;241.0;156.0;246.0;159.0;251.0;162.0;263.0;170.0;276.0;179.0;290.0;188.0;305.0;197.0;320.0;207.0;336.0;217.0;353.0;228.0;370.0;239.0;389.0;251.0;408.0;264.0;429.0;277.0;450.0;291.0;473.0;306.0;496.0;321.0;521.0;337.0;547.0;354.0;575.0;372.0;604.0;390.0;634.0;410.0;665.0;430.0;699.0;452.0;734.0;475.0;770.0;498.0;809.0;523.0;850;550
MPM;Maputo;-25.9208;32.5726;2;86.0;80.0;88.0;81.0;90.0;83.0;92.0;85.0;94.0;86.0;95.0;88.0;97.0;90.0;99.0;92.0;101.0;94.0;103.0;95.0;105.0;97.0;108.0;99.0;110.0;101.0;112.0;103.0;114.0;105.0;116.0;107.0;119.0;110.0;121.0;112.0;124.0;114.0;126.0;116.0;129.0;119.0;131.0;121.0;134.0;124.0;137.0;126.0;139.0;129.0;142.0;131.0;145.0;134.0;148.0;136.0;151.0;139.0;154.0;142.0;157.0;145.0;160.0;148.0;163.0;151.0;167.0;154.0;170.0;157.0;173.0;160.0;177.0;163.0;180.0;166.0;184.0;170.0;188.0;173.0;191.0;177.0;201.0;186.0;211.0;195.0;222.0;205.0;233.0;215.0;244.0;226.0;257.0;237.0;270.0;249.0;283.0;261.0;297.0;274.0;312.0;288.0;328.0;303.0;344.0;318.0;361.0;334.0;380.0;350.0;399.0;368.0;418.0;386.0;439.0;406.0;461.0;426.0;485.0;447.0;509.0;470.0;534.0;493.0;561.0;518.0;589.0;544.0;619.0;571.0;650;600
TNR;Antananarivo;-18.7969;47.4788;2;106.0;60.0;109.0;61.0;111.0;62.0;113.0;63.0;115.0;65.0;118.0;66.0;120.0;67.0;122.0;69.0;125.0;70.0;127.0;71.0;130.0;73.0;133.0;74.0;135.0;76.0;138.0;77.0;141.0;79.0;143.0;80.0;146.0;82.0;149.0;84.0;152.0;85.0;155.0;87.0;158.0;89.0;162.0;91.0;165.0;93.0;168.0;94.0;172.0;96.0;175.0;98.0;179.0;100.0;182.0;102.0;186.0;104.0;190.0;106.0;193.0;109.0;197.0;111.0;201.0;113.0;205.0;115.0;209.0;117.0;213.0;120.0;218.0;122.0;222.0;125.0;227.0;127.0;231.0;130.0;236.0;132.0;248.0;139.0;260.0;146.0;273.0;153.0;287.0;161.0;301.0;169.0;316.0;178.0;332.0;186.0;349.0;196.0;366.0;206.0;384.0;216.0;404.0;227.0;424.0;238.0;445.0;250.0;467.0;263.0;491.0;276.0;515.0;290.0;541.0;304.0;568.0;319.0;596.0;335.0;626.0;352.0;658.0;370.0;691.0;388.0;725.0;408.0;761.0;428.0;800;450
SEZ;Mahé;-4.6743;55.5218;2;132.0;20.0;135.0;20.0;137.0;20.0;140.0;21.0;143.0;21.0;146.0;22.0;149.0;22.0;152.0;23.0;155.0;23.0;158.0;23.0;161.0;24.0;164.0;24.0;167.0;25.0;171.0;25.0;174.0;26.0;178.0;26.0;181.0;27.0;185.0;28.0;189.0;28.0;192.0;29.0;196.0;29.0;200.0;30.0;204.0;31.0;208.0;31.0;212.0;32.0;217.0;32.0;221.0;33.0;225.0;34.0;230.0;34.0;235.0;35.0;239.0;36.0;244.0;37.0;249.0;37.0;254.0;38.0;259.0;39.0;264.0;40.0;270.0;40.0;275.0;41.0;280.0;42.0;286.0;43.0;292.0;44.0;306.0;46.0;322.0;48.0;338.0;51.0;355.0;53.0;373.0;56.0;391.0;59.0;411.0;62.0;431.0;65.0;453.0;68.0;476.0;72.0;500.0;75.0;525.0;79.0;551.0;83.0;578.0;87.0;607.0;92.0;638.0;96.0;670.0;101.0;703.0;106.0;738.0;111.0;775.0;117.0;814.0;123.0;855.0;129.0;897.0;136.0;942.0;142.0;990;150
JIB;Dschibuti;11.5451;43.1593;1;21.0;46.0;22.0;49.0;23.0;51.0;25.0;54.0;26.0;57.0;27.0;59.0;29.0;62.0;30.0;66.0;32.0;69.0;33.0;72.0;35.0;76.0;37.0;80.0;38.0;84.0;40.0;88.0;42.0;92.0;45.0;97.0;47.0;102.0;49.0;107.0;52.0;113.0;54.0;118.0;57.0;124.0;60.0;130.0;63.0;137.0;66.0;144.0;69.0;151.0;73.0;159.0;77.0;166.0;80.0;175.0;84.0;184.0;89.0;193.0;93.0;202.0;98.0;213.0;103.0;223.0;108.0;234.0;113.0;246.0;119.0;259.0;125.0;272.0;131.0;285.0;138.0;299.0;145.0;314.0;152.0;330.0;160.0;347.0;168.0;364.0;176.0;382.0;185.0;401.0;194.0;421.0;204.0;443.0;214.0;465.0;225.0;488.0;236.0;512.0;248.0;538.0;260.0;565.0;263.0;571.0;266.0;576.0;268.0;582.0;271.0;588.0;274.0;594.0;277.0;600.0;279.0;606.0;282.0;612.0;285.0;618.0;288.0;624.0;291.0;630.0;294.0;637.0;297.0;643.0;300;650
MGQ;Mogadischu;2.0142;45.3061;1;13.0;53.0;13.0;54.0;13.0;55.0;14.0;56.0;14.0;57.0;14.0;59.0;15.0;60.0;15.0;61.0;15.0;62.0;15.0;63.0;16.0;65.0;16.0;66.0;16.0;67.0;17.0;69.0;17.0;70.0;17.0;71.0;18.0;73.0;18.0;74.0;19.0;76.0;19.0;77.0;19.0;79.0;20.0;81.0;20.0;82.0;21.0;84.0;21.0;86.0;21.0;87.0;22.0;89.0;22.0;91.0;23.0;93.0;23.0;95.0;24.0;96.0;24.0;98.0;25.0;100.0;25.0;102.0;26.0;104.0;26.0;106.0;27.0;109.0;27.0;111.0;28.0;113.0;28.0;115.0;29.0;118.0;31.0;124.0;32.0;130.0;34.0;136.0;35.0;143.0;37.0;150.0;39.0;158.0;41.0;166.0;43.0;174.0;45.0;183.0;48.0;192.0;50.0;202.0;53.0;212.0;55.0;222.0;58.0;233.0;61.0;245.0;64.0;257.0;67.0;270.0;71.0;284.0;74.0;298.0;78.0;313.0;82.0;329.0;86.0;345.0;90.0;362.0;95.0;380.0;100;400
EBB;Entebbe;0.0424;32.4435;2;100.0;80.0;102.0;81.0;104.0;83.0;106.0;85.0;108.0;86.0;110.0;88.0;112.0;90.0;115.0;92.0;117.0;94.0;119.0;95.0;122.0;97.0;124.0;99.0;127.0;101.0;129.0;103.0;132.0;105.0;134.0;107.0;137.0;110.0;140.0;112.0;143.0;114.0;146.0;116.0;149.0;119.0;152.0;121.0;155.0;124.0;158.0;126.0;161.0;129.0;164.0;131.0;167.0;134.0;171.0;136.0;174.0;139.0;178.0;142.0;181.0;145.0;185.0;148.0;189.0;151.0;192.0;154.0;196.0;157.0;200.0;160.0;204.0;163.0;208.0;166.0;212.0;170.0;217.0;173.0;221.0;177.0;232.0;186.0;244.0;195.0;256.0;205.0;269.0;215.0;282.0;226.0;296.0;237.0;311.0;249.0;327.0;261.0;343.0;274.0;360.0;288.0;378.0;303.0;397.0;318.0;417.0;334.0;438.0;350.0;460.0;368.0;483.0;386.0;507.0;406.0;533.0;426.0;559.0;447.0;587.0;470.0;617.0;493.0;647.0;518.0;680.0;544.0;714.0;571.0;750;600
KGL;Kigali;-1.9686;30.1395;2;80.0;93.0;81.0;95.0;83.0;97.0;85.0;99.0;86.0;101.0;88.0;103.0;90.0;105.0;92.0;107.0;94.0;109.0;95.0;111.0;97.0;114.0;99.0;116.0;101.0;118.0;103.0;121.0;105.0;123.0;107.0;125.0;110.0;128.0;112.0;131.0;114.0;133.0;116.0;136.0;119.0;139.0;121.0;141.0;124.0;144.0;126.0;147.0;129.0;150.0;131.0;153.0;134.0;156.0;136.0;159.0;139.0;162.0;142.0;166.0;145.0;169.0;148.0;172.0;151.0;176.0;154.0;179.0;157.0;183.0;160.0;187.0;163.0;190.0;166.0;194.0;170.0;198.0;173.0;202.0;177.0;206.0;186.0;217.0;195.0;227.0;205.0;239.0;215.0;251.0;226.0;263.0;237.0;277.0;249.0;290.0;261.0;305.0;274.0;320.0;288.0;336.0;303.0;353.0;318.0;371.0;334.0;389.0;350.0;409.0;368.0;429.0;386.0;451.0;406.0;473.0;426.0;497.0;447.0;522.0;470.0;548.0;493.0;575.0;518.0;604.0;544.0;634.0;571.0;666.0;600;700
BJM;Bujumbura;-3.3239;29.3185;1;53.0;66.0;54.0;68.0;55.0;69.0;56.0;70.0;57.0;72.0;59.0;73.0;60.0;75.0;61.0;76.0;62.0;78.0;63.0;79.0;65.0;81.0;66.0;83.0;67.0;84.0;69.0;86.0;70.0;88.0;71.0;89.0;73.0;91.0;74.0;93.0;76.0;95.0;77.0;97.0;79.0;99.0;81.0;101.0;82.0;103.0;84.0;105.0;86.0;107.0;87.0;109.0;89.0;111.0;91.0;114.0;93.0;116.0;95.0;118.0;96.0;121.0;98.0;123.0;100.0;126.0;102.0;128.0;104.0;131.0;106.0;133.0;109.0;136.0;111.0;139.0;113.0;141.0;115.0;144.0;118.0;147.0;124.0;155.0;130.0;162.0;136.0;170.0;143.0;179.0;150.0;188.0;158.0;197.0;166.0;207.0;174.0;218.0;183.0;229.0;192.0;240.0;202.0;252.0;212.0;265.0;222.0;278.0;233.0;292.0;245.0;306.0;257.0;322.0;270.0;338.0;284.0;355.0;298.0;373.0;313.0;391.0;329.0;411.0;345.0;431.0;362.0;453.0;380.0;476.0;400;500
JUB;Juba;4.872;31.6011;1;26.0;73.0;27.0;75.0;27.0;76.0;28.0;78.0;28.0;79.0;29.0;81.0;30.0;82.0;30.0;84.0;31.0;86.0;31.0;87.0;32.0;89.0;33.0;91.0;33.0;93.0;34.0;95.0;35.0;97.0;35.0;98.0;36.0;100.0;37.0;102.0;38.0;105.0;38.0;107.0;39.0;109.0;40.0;111.0;41.0;113.0;42.0;115.0;43.0;118.0;43.0;120.0;44.0;123.0;45.0;125.0;46.0;128.0;47.0;130.0;48.0;133.0;49.0;135.0;50.0;138.0;51.0;141.0;52.0;144.0;53.0;147.0;54.0;150.0;55.0;153.0;56.0;156.0;57.0;159.0;59.0;162.0;62.0;170.0;65.0;179.0;68.0;188.0;71.0;197.0;75.0;207.0;79.0;217.0;83.0;228.0;87.0;239.0;91.0;251.0;96.0;264.0;101.0;277.0;106.0;291.0;111.0;306.0;116.0;321.0;122.0;337.0;128.0;354.0;135.0;372.0;142.0;390.0;149.0;410.0;156.0;430.0;164.0;452.0;172.0;475.0;181.0;498.0;190.0;523.0;200;550
ASM;Asmara;15.2858;38.9103;1;32.0;28.0;34.0;30.0;35.0;31.0;37.0;33.0;39.0;35.0;41.0;36.0;43.0;38.0;45.0;40.0;48.0;42.0;50.0;44.0;52.0;47.0;55.0;49.0;58.0;51.0;61.0;54.0;64.0;57.0;67.0;60.0;70.0;63.0;74.0;66.0;78.0;69.0;82.0;73.0;86.0;76.0;90.0;80.0;95.0;84.0;99.0;88.0;104.0;93.0;110.0;97.0;115.0;102.0;121.0;107.0;127.0;113.0;133.0;118.0;140.0;124.0;147.0;131.0;154.0;137.0;162.0;144.0;170.0;151.0;179.0;159.0;188.0;167.0;197.0;175.0;207.0;184.0;217.0;193.0;228.0;203.0;240.0;213.0;252.0;224.0;264.0;235.0;278.0;247.0;292.0;259.0;306.0;272.0;322.0;286.0;338.0;300.0;355.0;315.0;372.0;331.0;391.0;347.0;395.0;351.0;399.0;354.0;403.0;358.0;407.0;362.0;411.0;365.0;415.0;369.0;419.0;373.0;423.0;376.0;428.0;380.0;432.0;384.0;436.0;388.0;441.0;392.0;445.0;396.0;450;400
COO;Cotonou;6.3572;2.3844;1;53.0;80.0;54.0;81.0;55.0;83.0;56.0;85.0;57.0;86.0;59.0;88.0;60.0;90.0;61.0;92.0;62.0;94.0;63.0;95.0;65.0;97.0;66.0;99.0;67.0;101.0;69.0;103.0;70.0;105.0;71.0;107.0;73.0;110.0;74.0;112.0;76.0;114.0;77.0;116.0;79.0;119.0;81.0;121.0;82.0;124.0;84.0;126.0;86.0;129.0;87.0;131.0;89.0;134.0;91.0;136.0;93.0;139.0;95.0;142.0;96.0;145.0;98.0;148.0;100.0;151.0;102.0;154.0;104.0;157.0;106.0;160.0;109.0;163.0;111.0;166.0;113.0;170.0;115.0;173.0;118.0;177.0;124.0;186.0;130.0;195.0;136.0;205.0;143.0;215.0;150.0;226.0;158.0;237.0;166.0;249.0;174.0;261.0;183.0;274.0;192.0;288.0;202.0;303.0;212.0;318.0;222.0;334.0;233.0;350.0;245.0;368.0;257.0;386.0;270.0;406.0;284.0;426.0;298.0;447.0;313.0;470.0;329.0;493.0;345.0;518.0;362.0;544.0;380.0;571.0;400;600
LFW;Lomé;6.1656;1.2545;1;60.0;73.0;61.0;75.0;62.0;76.0;63.0;78.0;65.0;79.0;66.0;81.0;67.0;82.0;69.0;84.0;70.0;86.0;71.0;87.0;73.0;89.0;74.0;91.0;76.0;93.0;77.0;95.0;79.0;97.0;80.0;98.0;82.0;100.0;84.0;102.0;85.0;105.0;87.0;107.0;89.0;109.0;91.0;111.0;93.0;113.0;94.0;115.0;96.0;118.0;98.0;120.0;100.0;123.0;102.0;125.0;104.0;128.0;106.0;130.0;109.0;133.0;111.0;135.0;113.0;138.0;115.0;141.0;117.0;144.0;120.0;147.0;122.0;150.0;125.0;153.0;127.0;156.0;130.0;159.0;132.0;162.0;139.0;170.0;146.0;179.0;153.0;188.0;161.0;197.0;169.0;207.0;178.0;217.0;186.0;228.0;196.0;239.0;206.0;251.0;216.0;264.0;227.0;277.0;238.0;291.0;250.0;306.0;263.0;321.0;276.0;337.0;290.0;354.0;304.0;372.0;319.0;390.0;335.0;410.0;352.0;430.0;370.0;452.0;388.0;475.0;408.0;498.0;428.0;523.0;450;550
ACC;Accra;5.6052;-0.1668;3;80.0;100.0;81.0;102.0;83.0;104.0;85.0;106.0;86.0;108.0;88.0;110.0;90.0;112.0;92.0;115.0;94.0;117.0;95.0;119.0;97.0;122.0;99.0;124.0;101.0;127.0;103.0;129.0;105.0;132.0;107.0;134.0;110.0;137.0;112.0;140.0;114.0;143.0;116.0;146.0;119.0;149.0;121.0;152.0;124.0;155.0;126.0;158.0;129.0;161.0;131.0;164.0;134.0;167.0;136.0;171.0;139.0;174.0;142.0;178.0;145.0;181.0;148.0;185.0;151.0;189.0;154.0;192.0;157.0;196.0;160.0;200.0;163.0;204.0;166.0;208.0;170.0;212.0;173.0;217.0;177.0;221.0;186.0;232.0;195.0;244.0;205.0;256.0;215.0;269.0;226.0;282.0;237.0;296.0;249.0;311.0;261.0;327.0;274.0;343.0;288.0;360.0;303.0;378.0;318.0;397.0;334.0;417.0;350.0;438.0;368.0;460.0;386.0;483.0;406.0;507.0;426.0;533.0;447.0;559.0;470.0;587.0;493.0;617.0;518.0;647.0;544.0;680.0;571.0;714.0;600;750
OUA;Ouagadougou;12.3532;-1.5124;1;46.0;73.0;47.0;75.0;48.0;76.0;49.0;78.0;50.0;79.0;51.0;81.0;52.0;82.0;53.0;84.0;54.0;86.0;55.0;87.0;57.0;89.0;58.0;91.0;59.0;93.0;60.0;95.0;61.0;97.0;62.0;98.0;64.0;100.0;65.0;102.0;66.0;105.0;68.0;107.0;69.0;109.0;70.0;111.0;72.0;113.0;73.0;115.0;75.0;118.0;76.0;120.0;78.0;123.0;79.0;125.0;81.0;128.0;83.0;130.0;84.0;133.0;86.0;135.0;88.0;138.0;89.0;141.0;91.0;144.0;93.0;147.0;95.0;150.0;97.0;153.0;99.0;156.0;101.0;159.0;103.0;162.0;108.0;170.0;113.0;179.0;119.0;188.0;125.0;197.0;131.0;207.0;138.0;217.0;145.0;228.0;152.0;239.0;160.0;251.0;168.0;264.0;176.0;277.0;185.0;291.0;194.0;306.0;204.0;321.0;214.0;337.0;225.0;354.0;236.0;372.0;248.0;390.0;261.0;410.0;274.0;430.0;287.0;452.0;302.0;475.0;317.0;498.0;333.0;523.0;350;550
NIM;Niamey;13.4815;2.1836;1;40.0;66.0;40.0;68.0;41.0;69.0;42.0;70.0;43.0;72.0;44.0;73.0;45.0;75.0;46.0;76.0;47.0;78.0;47.0;79.0;48.0;81.0;49.0;83.0;50.0;84.0;51.0;86.0;52.0;88.0;53.0;89.0;55.0;91.0;56.0;93.0;57.0;95.0;58.0;97.0;59.0;99.0;60.0;101.0;62.0;103.0;63.0;105.0;64.0;107.0;65.0;109.0;67.0;111.0;68.0;114.0;69.0;116.0;71.0;118.0;72.0;121.0;74.0;123.0;75.0;126.0;77.0;128.0;78.0;131.0;80.0;133.0;81.0;136.0;83.0;139.0;85.0;141.0;86.0;144.0;88.0;147.0;93.0;155.0;97.0;162.0;102.0;170.0;107.0;179.0;113.0;188.0;118.0;197.0;124.0;207.0;130.0;218.0;137.0;229.0;144.0;240.0;151.0;252.0;159.0;265.0;167.0;278.0;175.0;292.0;184.0;306.0;193.0;322.0;203.0;338.0;213.0;355.0;223.0;373.0;235.0;391.0;246.0;411.0;259.0;431.0;272.0;453.0;285.0;476.0;300;500
BKO;Bamako;12.5335;-7.9499;1;60.0;73.0;61.0;75.0;62.0;76.0;63.0;78.0;65.0;79.0;66.0;81.0;67.0;82.0;69.0;84.0;70.0;86.0;71.0;87.0;73.0;89.0;74.0;91.0;76.0;93.0;77.0;95.0;79.0;97.0;80.0;98.0;82.0;100.0;84.0;102.0;85.0;105.0;87.0;107.0;89.0;109.0;91.0;111.0;93.0;113.0;94.0;115.0;96.0;118.0;98.0;120.0;100.0;123.0;102.0;125.0;104.0;128.0;106.0;130.0;109.0;133.0;111.0;135.0;113.0;138.0;115.0;141.0;117.0;144.0;120.0;147.0;122.0;150.0;125.0;153.0;127.0;156.0;130.0;159.0;132.0;162.0;139.0;170.0;146.0;179.0;153.0;188.0;161.0;197.0;169.0;207.0;178.0;217.0;186.0;228.0;196.0;239.0;206.0;251.0;216.0;264.0;227.0;277.0;238.0;291.0;250.0;306.0;263.0;321.0;276.0;337.0;290.0;354.0;304.0;372.0;319.0;390.0;335.0;410.0;352.0;430.0;370.0;452.0;388.0;475.0;408.0;498.0;428.0;523.0;450;550
OXB;Bissau;11.8942;-15.6527;1;46.0;53.0;47.0;54.0;48.0;55.0;49.0;56.0;50.0;57.0;51.0;59.0;52.0;60.0;53.0;61.0;54.0;62.0;55.0;63.0;57.0;65.0;58.0;66.0;59.0;67.0;60.0;69.0;61.0;70.0;62.0;71.0;64.0;73.0;65.0;74.0;66.0;76.0;68.0;77.0;69.0;79.0;70.0;81.0;72.0;82.0;73.0;84.0;75.0;86.0;76.0;87.0;78.0;89.0;79.0;91.0;81.0;93.0;83.0;95.0;84.0;96.0;86.0;98.0;88.0;100.0;89.0;102.0;91.0;104.0;93.0;106.0;95.0;109.0;97.0;111.0;99.0;113.0;101.0;115.0;103.0;118.0;108.0;124.0;113.0;130.0;119.0;136.0;125.0;143.0;131.0;150.0;138.0;158.0;145.0;166.0;152.0;174.0;160.0;183.0;168.0;192.0;176.0;202.0;185.0;212.0;194.0;222.0;204.0;233.0;214.0;245.0;225.0;257.0;236.0;270.0;248.0;284.0;261.0;298.0;274.0;313.0;287.0;329.0;302.0;345.0;317.0;362.0;333.0;380.0;350;400
CKY;Conakry;9.5769;-13.6119;1;53.0;73.0;54.0;75.0;55.0;76.0;56.0;78.0;57.0;79.0;59.0;81.0;60.0;82.0;61.0;84.0;62.0;86.0;63.0;87.0;65.0;89.0;66.0;91.0;67.0;93.0;69.0;95.0;70.0;97.0;71.0;98.0;73.0;100.0;74.0;102.0;76.0;105.0;77.0;107.0;79.0;109.0;81.0;111.0;82.0;113.0;84.0;115.0;86.0;118.0;87.0;120.0;89.0;123.0;91.0;125.0;93.0;128.0;95.0;130.0;96.0;133.0;98.0;135.0;100.0;138.0;102.0;141.0;104.0;144.0;106.0;147.0;109.0;150.0;111.0;153.0;113.0;156.0;115.0;159.0;118.0;162.0;124.0;170.0;130.0;179.0;136.0;188.0;143.0;197.0;150.0;207.0;158.0;217.0;166.0;228.0;174.0;239.0;183.0;251.0;192.0;264.0;202.0;277.0;212.0;291.0;222.0;306.0;233.0;321.0;245.0;337.0;257.0;354.0;270.0;372.0;284.0;390.0;298.0;410.0;313.0;430.0;329.0;452.0;345.0;475.0;362.0;498.0;380.0;523.0;400;550
FNA;Freetown;8.6164;-13.1955;1;60.0;66.0;61.0;68.0;62.0;69.0;63.0;70.0;65.0;72.0;66.0;73.0;67.0;75.0;69.0;76.0;70.0;78.0;71.0;79.0;73.0;81.0;74.0;83.0;76.0;84.0;77.0;86.0;79.0;88.0;80.0;89.0;82.0;91.0;84.0;93.0;85.0;95.0;87.0;97.0;89.0;99.0;91.0;101.0;93.0;103.0;94.0;105.0;96.0;107.0;98.0;109.0;100.0;111.0;102.0;114.0;104.0;116.0;106.0;118.0;109.0;121.0;111.0;123.0;113.0;126.0;115.0;128.0;117.0;131.0;120.0;133.0;122.0;136.0;125.0;139.0;127.0;141.0;130.0;144.0;132.0;147.0;139.0;155.0;146.0;162.0;153.0;170.0;161.0;179.0;169.0;188.0;178.0;197.0;186.0;207.0;196.0;218.0;206.0;229.0;216.0;240.0;227.0;252.0;238.0;265.0;250.0;278.0;263.0;292.0;276.0;306.0;290.0;322.0;304.0;338.0;319.0;355.0;335.0;373.0;352.0;391.0;370.0;411.0;388.0;431.0;408.0;453.0;428.0;476.0;450;500
ROB;Monrovia;6.2338;-10.3623;1;46.0;66.0;47.0;68.0;48.0;69.0;49.0;70.0;50.0;72.0;51.0;73.0;52.0;75.0;53.0;76.0;54.0;78.0;55.0;79.0;57.0;81.0;58.0;83.0;59.0;84.0;60.0;86.0;61.0;88.0;62.0;89.0;64.0;91.0;65.0;93.0;66.0;95.0;68.0;97.0;69.0;99.0;70.0;101.0;72.0;103.0;73.0;105.0;75.0;107.0;76.0;109.0;78.0;111.0;79.0;114.0;81.0;116.0;83.0;118.0;84.0;121.0;86.0;123.0;88.0;126.0;89.0;128.0;91.0;131.0;93.0;133.0;95.0;136.0;97.0;139.0;99.0;141.0;101.0;144.0;103.0;147.0;108.0;155.0;113.0;162.0;119.0;170.0;125.0;179.0;131.0;188.0;138.0;197.0;145.0;207.0;152.0;218.0;160.0;229.0;168.0;240.0;176.0;252.0;185.0;265.0;194.0;278.0;204.0;292.0;214.0;306.0;225.0;322.0;236.0;338.0;248.0;355.0;261.0;373.0;274.0;391.0;287.0;411.0;302.0;431.0;317.0;453.0;333.0;476.0;350;500
NKC;Nouakchott;18.309;-15.9691;1;21.0;39.0;22.0;41.0;23.0;43.0;25.0;46.0;26.0;48.0;27.0;50.0;29.0;53.0;30.0;55.0;32.0;58.0;33.0;61.0;35.0;64.0;37.0;67.0;38.0;71.0;40.0;74.0;42.0;78.0;45.0;82.0;47.0;86.0;49.0;91.0;52.0;95.0;54.0;100.0;57.0;105.0;60.0;110.0;63.0;116.0;66.0;122.0;69.0;128.0;73.0;134.0;77.0;141.0;80.0;148.0;84.0;155.0;89.0;163.0;93.0;171.0;98.0;180.0;103.0;189.0;108.0;198.0;113.0;208.0;119.0;219.0;125.0;230.0;131.0;241.0;138.0;253.0;145.0;266.0;152.0;279.0;160.0;293.0;168.0;308.0;176.0;323.0;185.0;340.0;194.0;357.0;204.0;374.0;214.0;393.0;225.0;413.0;236.0;433.0;248.0;455.0;260.0;478.0;263.0;483.0;266.0;488.0;268.0;492.0;271.0;497.0;274.0;502.0;277.0;507.0;279.0;512.0;282.0;518.0;285.0;523.0;288.0;528.0;291.0;533.0;294.0;539.0;297.0;544.0;300;550
BJL;Banjul;13.338;-16.6522;1;100.0;46.0;102.0;47.0;104.0;48.0;106.0;49.0;108.0;50.0;110.0;51.0;112.0;52.0;115.0;53.0;117.0;54.0;119.0;55.0;122.0;57.0;124.0;58.0;127.0;59.0;129.0;60.0;132.0;61.0;134.0;62.0;137.0;64.0;140.0;65.0;143.0;66.0;146.0;68.0;149.0;69.0;152.0;70.0;155.0;72.0;158.0;73.0;161.0;75.0;164.0;76.0;167.0;78.0;171.0;79.0;174.0;81.0;178.0;83.0;181.0;84.0;185.0;86.0;189.0;88.0;192.0;89.0;196.0;91.0;200.0;93.0;204.0;95.0;208.0;97.0;212.0;99.0;217.0;101.0;221.0;103.0;232.0;108.0;244.0;113.0;256.0;119.0;269.0;125.0;282.0;131.0;296.0;138.0;311.0;145.0;327.0;152.0;343.0;160.0;360.0;168.0;378.0;176.0;397.0;185.0;417.0;194.0;438.0;204.0;460.0;214.0;483.0;225.0;507.0;236.0;533.0;248.0;559.0;261.0;587.0;274.0;617.0;287.0;647.0;302.0;680.0;317.0;714.0;333.0;750;350
SID;Sal;16.7328;-22.9493;2;68.0;10.0;72.0;11.0;75.0;11.0;79.0;12.0;83.0;13.0;87.0;13.0;91.0;14.0;96.0;15.0;101.0;16.0;106.0;16.0;111.0;17.0;117.0;18.0;123.0;19.0;129.0;20.0;135.0;21.0;142.0;22.0;149.0;23.0;157.0;24.0;165.0;26.0;173.0;27.0;182.0;28.0;191.0;30.0;200.0;31.0;210.0;33.0;221.0;34.0;232.0;36.0;244.0;38.0;256.0;40.0;269.0;42.0;282.0;44.0;296.0;46.0;311.0;49.0;327.0;51.0;343.0;54.0;360.0;56.0;378.0;59.0;397.0;62.0;417.0;65.0;438.0;69.0;460.0;72.0;483.0;76.0;507.0;80.0;532.0;84.0;559.0;88.0;587.0;92.0;616.0;97.0;647.0;102.0;679.0;107.0;713.0;112.0;749.0;118.0;787.0;124.0;826.0;130.0;834.0;131.0;843.0;133.0;851.0;134.0;860.0;135.0;868.0;137.0;877.0;138.0;886.0;139.0;894.0;141.0;903.0;142.0;912.0;144.0;922.0;145.0;931.0;147.0;940.0;148.0;950;150
DLC;Dalian;38.9657;121.5386;3;14.0;16.0;14.0;17.0;15.0;17.0;15.0;17.0;15.0;18.0;16.0;18.0;16.0;18.0;16.0;19.0;17.0;19.0;17.0;20.0;17.0;20.0;18.0;20.0;18.0;21.0;18.0;21.0;19.0;22.0;19.0;22.0;20.0;23.0;20.0;23.0;20.0;24.0;21.0;24.0;21.0;24.0;22.0;25.0;22.0;25.0;22.0;26.0;23.0;27.0;23.0;27.0;24.0;28.0;24.0;28.0;25.0;29.0;25.0;29.0;26.0;30.0;29.0;33.0;32.0;37.0;36.0;41.0;40.0;46.0;44.0;51.0;49.0;56.0;54.0;63.0;60.0;70.0;67.0;77.0;74.0;86.0;83.0;95.0;92.0;106.0;102.0;118.0;113.0;131.0;126.0;145.0;140.0;161.0;155.0;179.0;172.0;199.0;191.0;221.0;212.0;245.0;236.0;272.0;262.0;302.0;291.0;335.0;323.0;372.0;358.0;413.0;398.0;459.0;441.0;509.0;490.0;565.0;544.0;628.0;560.0;646.0;577.0;666.0;594.0;686.0;612.0;706.0;631.0;728.0;650;750
CGQ;Changchun;43.9962;125.6853;3;11.0;15.0;11.0;16.0;11.0;16.0;11.0;16.0;12.0;16.0;12.0;17.0;12.0;17.0;12.0;18.0;13.0;18.0;13.0;18.0;13.0;19.0;13.0;19.0;14.0;19.0;14.0;20.0;14.0;20.0;15.0;21.0;15.0;21.0;15.0;21.0;16.0;22.0;16.0;22.0;16.0;23.0;16.0;23.0;17.0;24.0;17.0;24.0;18.0;25.0;18.0;25.0;18.0;26.0;19.0;26.0;19.0;27.0;19.0;27.0;20.0;28.0;22.0;31.0;25.0;35.0;27.0;38.0;30.0;43.0;34.0;47.0;37.0;53.0;42.0;59.0;46.0;65.0;51.0;72.0;57.0;80.0;63.0;89.0;71.0;99.0;78.0;110.0;87.0;122.0;97.0;136.0;107.0;150.0;119.0;167.0;132.0;186.0;147.0;206.0;163.0;229.0;181.0;254.0;201.0;282.0;223.0;313.0;248.0;347.0;275.0;386.0;306.0;428.0;339.0;475.0;377.0;528.0;418.0;586.0;431.0;603.0;444.0;621.0;457.0;640.0;471.0;659.0;485.0;679.0;500;700
KHN;Nanchang;28.8659;115.9;3;12.0;14.0;12.0;14.0;12.0;15.0;13.0;15.0;13.0;15.0;13.0;16.0;13.0;16.0;14.0;16.0;14.0;17.0;14.0;17.0;15.0;17.0;15.0;18.0;15.0;18.0;15.0;18.0;16.0;19.0;16.0;19.0;16.0;20.0;17.0;20.0;17.0;20.0;17.0;21.0;18.0;21.0;18.0;22.0;19.0;22.0;19.0;22.0;19.0;23.0;20.0;23.0;20.0;24.0;21.0;24.0;21.0;25.0;21.0;25.0;22.0;26.0;24.0;29.0;27.0;32.0;30.0;36.0;33.0;40.0;37.0;44.0;41.0;49.0;46.0;54.0;51.0;60.0;57.0;67.0;63.0;74.0;70.0;83.0;78.0;92.0;86.0;102.0;96.0;113.0;106.0;126.0;118.0;140.0;131.0;155.0;146.0;172.0;162.0;191.0;180.0;212.0;199.0;236.0;221.0;262.0;246.0;291.0;273.0;323.0;303.0;358.0;336.0;398.0;373.0;441.0;414.0;490.0;460.0;544.0;474.0;560.0;488.0;577.0;503.0;594.0;518.0;612.0;533.0;631.0;550;650
SJW;Shijiazhuang;38.2807;114.6973;3;10.0;16.0;10.0;17.0;10.0;17.0;10.0;17.0;10.0;18.0;11.0;18.0;11.0;18.0;11.0;19.0;11.0;19.0;12.0;20.0;12.0;20.0;12.0;20.0;12.0;21.0;13.0;21.0;13.0;22.0;13.0;22.0;13.0;23.0;14.0;23.0;14.0;24.0;14.0;24.0;14.0;24.0;15.0;25.0;15.0;25.0;15.0;26.0;16.0;27.0;16.0;27.0;16.0;28.0;17.0;28.0;17.0;29.0;17.0;29.0;18.0;30.0;20.0;33.0;22.0;37.0;24.0;41.0;27.0;46.0;30.0;51.0;34.0;56.0;37.0;63.0;42.0;70.0;46.0;77.0;51.0;86.0;57.0;95.0;63.0;106.0;70.0;118.0;78.0;131.0;87.0;145.0;97.0;161.0;107.0;179.0;119.0;199.0;132.0;221.0;147.0;245.0;163.0;272.0;181.0;302.0;201.0;335.0;223.0;372.0;248.0;413.0;275.0;459.0;305.0;509.0;339.0;565.0;376.0;628.0;388.0;646.0;399.0;666.0;411.0;686.0;424.0;706.0;436.0;728.0;450;750
TNA;Jinan;36.8572;117.216;3;11.0;15.0;11.0;16.0;11.0;16.0;11.0;16.0;12.0;16.0;12.0;17.0;12.0;17.0;12.0;18.0;13.0;18.0;13.0;18.0;13.0;19.0;13.0;19.0;14.0;19.0;14.0;20.0;14.0;20.0;15.0;21.0;15.0;21.0;15.0;21.0;16.0;22.0;16.0;22.0;16.0;23.0;16.0;23.0;17.0;24.0;17.0;24.0;18.0;25.0;18.0;25.0;18.0;26.0;19.0;26.0;19.0;27.0;19.0;27.0;20.0;28.0;22.0;31.0;25.0;35.0;27.0;38.0;30.0;43.0;34.0;47.0;37.0;53.0;42.0;59.0;46.0;65.0;51.0;72.0;57.0;80.0;63.0;89.0;71.0;99.0;78.0;110.0;87.0;122.0;97.0;136.0;107.0;150.0;119.0;167.0;132.0;186.0;147.0;206.0;163.0;229.0;181.0;254.0;201.0;282.0;223.0;313.0;248.0;347.0;275.0;386.0;306.0;428.0;339.0;475.0;377.0;528.0;418.0;586.0;431.0;603.0;444.0;621.0;457.0;640.0;471.0;659.0;485.0;679.0;500;700
WUX;Wuxi;31.4944;120.4294;3;13.0;19.0;13.0;19.0;13.0;19.0;14.0;20.0;14.0;20.0;14.0;21.0;15.0;21.0;15.0;21.0;15.0;22.0;16.0;22.0;16.0;23.0;16.0;23.0;17.0;24.0;17.0;24.0;17.0;25.0;18.0;25.0;18.0;26.0;18.0;26.0;19.0;27.0;19.0;27.0;19.0;28.0;20.0;28.0;20.0;29.0;21.0;30.0;21.0;30.0;22.0;31.0;22.0;31.0;22.0;32.0;23.0;33.0;23.0;33.0;24.0;34.0;27.0;38.0;30.0;42.0;33.0;47.0;36.0;52.0;41.0;58.0;45.0;64.0;50.0;71.0;56.0;79.0;62.0;88.0;69.0;98.0;76.0;108.0;85.0;120.0;94.0;134.0;105.0;148.0;116.0;165.0;129.0;183.0;143.0;203.0;159.0;225.0;176.0;250.0;196.0;278.0;218.0;308.0;242.0;342.0;268.0;380.0;298.0;422.0;331.0;468.0;367.0;520.0;407.0;577.0;452.0;641.0;502.0;711.0;517.0;733.0;533.0;755.0;549.0;777.0;565.0;801.0;582.0;825.0;600;850
OKJ;Okayama;34.7575;133.8553;2;29.0;27.0;32.0;30.0;35.0;32.0;38.0;35.0;42.0;38.0;45.0;42.0;50.0;46.0;54.0;50.0;59.0;54.0;64.0;59.0;70.0;65.0;76.0;71.0;83.0;77.0;91.0;84.0;99.0;92.0;108.0;100.0;118.0;109.0;129.0;119.0;140.0;129.0;153.0;141.0;167.0;154.0;182.0;168.0;198.0;183.0;216.0;199.0;236.0;217.0;257.0;237.0;280.0;258.0;305.0;282.0;333.0;307.0;363.0;335.0;395.0;365.0;399.0;369.0;403.0;372.0;407.0;376.0;411.0;380.0;415.0;383.0;420.0;387.0;424.0;391.0;428.0;395.0;432.0;399.0;437.0;403.0;441.0;407.0;446.0;411.0;450.0;415.0;454.0;419.0;459.0;424.0;464.0;428.0;468.0;432.0;473.0;437.0;478.0;441.0;482.0;445.0;492.0;454.0;502.0;463.0;512.0;473.0;522.0;482.0;533.0;492.0;543.0;502.0;554.0;512.0;565.0;522.0;577.0;532.0;588.0;543.0;600.0;554.0;612.0;565.0;624.0;576.0;637.0;588.0;650;600
HIJ;Hiroshima;34.4361;132.9194;2;34.0;29.0;37.0;32.0;40.0;35.0;44.0;38.0;48.0;42.0;52.0;45.0;57.0;50.0;62.0;54.0;68.0;59.0;74.0;64.0;81.0;70.0;88.0;76.0;96.0;83.0;105.0;91.0;115.0;99.0;125.0;108.0;136.0;118.0;148.0;129.0;162.0;140.0;176.0;153.0;192.0;167.0;210.0;182.0;229.0;198.0;249.0;216.0;272.0;236.0;296.0;257.0;323.0;280.0;352.0;305.0;384.0;333.0;418.0;363.0;456.0;395.0;461.0;399.0;465.0;403.0;470.0;407.0;475.0;411.0;479.0;415.0;484.0;420.0;489.0;424.0;494.0;428.0;499.0;432.0;504.0;437.0;509.0;441.0;514.0;446.0;519.0;450.0;524.0;454.0;530.0;459.0;535.0;464.0;540.0;468.0;546.0;473.0;551.0;478.0;557.0;482.0;568.0;492.0;579.0;502.0;591.0;512.0;603.0;522.0;615.0;533.0;627.0;543.0;640.0;554.0;652.0;565.0;665.0;577.0;679.0;588.0;692.0;600.0;706.0;612.0;720.0;624.0;735.0;637.0;750;650
KOJ;Kagoshima;31.8034;130.7186;2;36.0;22.0;40.0;25.0;43.0;27.0;47.0;29.0;51.0;32.0;56.0;35.0;61.0;38.0;67.0;41.0;73.0;45.0;79.0;49.0;86.0;54.0;94.0;59.0;103.0;64.0;112.0;70.0;122.0;76.0;133.0;83.0;145.0;91.0;158.0;99.0;173.0;108.0;188.0;117.0;205.0;128.0;224.0;140.0;244.0;152.0;266.0;166.0;290.0;181.0;316.0;197.0;345.0;215.0;376.0;235.0;410.0;256.0;446.0;279.0;487.0;304.0;492.0;307.0;496.0;310.0;501.0;313.0;506.0;316.0;511.0;319.0;517.0;323.0;522.0;326.0;527.0;329.0;532.0;332.0;538.0;336.0;543.0;339.0;548.0;343.0;554.0;346.0;559.0;349.0;565.0;353.0;571.0;357.0;576.0;360.0;582.0;364.0;588.0;367.0;594.0;371.0;606.0;378.0;618.0;386.0;630.0;394.0;643.0;402.0;656.0;410.0;669.0;418.0;682.0;426.0;696.0;435.0;710.0;443.0;724.0;452.0;739.0;461.0;753.0;471.0;768.0;480.0;784.0;490.0;800;500
KMJ;Kumamoto;32.8373;130.855;2;32.0;25.0;35.0;27.0;38.0;29.0;41.0;32.0;45.0;35.0;49.0;38.0;53.0;42.0;58.0;46.0;64.0;50.0;69.0;54.0;76.0;59.0;82.0;65.0;90.0;70.0;98.0;77.0;107.0;84.0;117.0;91.0;127.0;100.0;139.0;109.0;151.0;119.0;165.0;129.0;180.0;141.0;196.0;154.0;213.0;168.0;233.0;183.0;254.0;199.0;277.0;217.0;301.0;237.0;329.0;258.0;358.0;281.0;391.0;307.0;426.0;334.0;430.0;338.0;434.0;341.0;439.0;345.0;443.0;348.0;447.0;351.0;452.0;355.0;457.0;359.0;461.0;362.0;466.0;366.0;470.0;369.0;475.0;373.0;480.0;377.0;485.0;381.0;489.0;384.0;494.0;388.0;499.0;392.0;504.0;396.0;509.0;400.0;514.0;404.0;520.0;408.0;530.0;416.0;541.0;425.0;551.0;433.0;562.0;442.0;574.0;451.0;585.0;460.0;597.0;469.0;609.0;478.0;621.0;488.0;634.0;498.0;646.0;508.0;659.0;518.0;672.0;528.0;686.0;539.0;700;550
NGS;Nagasaki;32.9169;129.9136;2;39.0;20.0;42.0;22.0;46.0;24.0;50.0;26.0;55.0;29.0;60.0;31.0;65.0;34.0;71.0;37.0;77.0;41.0;84.0;44.0;92.0;48.0;100.0;53.0;109.0;58.0;119.0;63.0;130.0;69.0;142.0;75.0;154.0;81.0;168.0;89.0;184.0;97.0;200.0;106.0;218.0;115.0;238.0;126.0;259.0;137.0;283.0;149.0;308.0;163.0;336.0;178.0;366.0;194.0;399.0;211.0;435.0;230.0;474.0;251.0;517.0;274.0;522.0;276.0;527.0;279.0;533.0;282.0;538.0;285.0;543.0;287.0;549.0;290.0;554.0;293.0;560.0;296.0;566.0;299.0;571.0;302.0;577.0;305.0;583.0;308.0;589.0;311.0;594.0;314.0;600.0;318.0;606.0;321.0;612.0;324.0;619.0;327.0;625.0;331.0;631.0;334.0;644.0;341.0;657.0;347.0;670.0;354.0;683.0;361.0;697.0;369.0;711.0;376.0;725.0;384.0;739.0;391.0;754.0;399.0;769.0;407.0;785.0;415.0;800.0;424.0;816.0;432.0;833.0;441.0;850;450
CJJ;Cheongju;36.7166;127.4994;2;25.0;29.0;27.0;32.0;29.0;35.0;32.0;38.0;35.0;42.0;38.0;45.0;42.0;50.0;46.0;54.0;50.0;59.0;54.0;64.0;59.0;70.0;65.0;76.0;70.0;83.0;77.0;91.0;84.0;99.0;91.0;108.0;100.0;118.0;109.0;129.0;119.0;140.0;129.0;153.0;141.0;167.0;154.0;182.0;168.0;198.0;183.0;216.0;199.0;236.0;217.0;257.0;237.0;280.0;258.0;305.0;281.0;333.0;307.0;363.0;334.0;395.0;338.0;399.0;341.0;403.0;345.0;407.0;348.0;411.0;351.0;415.0;355.0;420.0;359.0;424.0;362.0;428.0;366.0;432.0;369.0;437.0;373.0;441.0;377.0;446.0;381.0;450.0;384.0;454.0;388.0;459.0;392.0;464.0;396.0;468.0;400.0;473.0;404.0;478.0;408.0;482.0;416.0;492.0;425.0;502.0;433.0;512.0;442.0;522.0;451.0;533.0;460.0;543.0;469.0;554.0;478.0;565.0;488.0;577.0;498.0;588.0;508.0;600.0;518.0;612.0;528.0;624.0;539.0;637.0;550;650
TAE;Daegu;35.8941;128.659;2;27.0;32.0;30.0;35.0;32.0;38.0;35.0;41.0;38.0;45.0;42.0;49.0;46.0;53.0;50.0;58.0;54.0;64.0;59.0;69.0;65.0;76.0;71.0;82.0;77.0;90.0;84.0;98.0;92.0;107.0;100.0;117.0;109.0;127.0;119.0;139.0;129.0;151.0;141.0;165.0;154.0;180.0;168.0;196.0;183.0;213.0;199.0;233.0;217.0;254.0;237.0;277.0;258.0;301.0;282.0;329.0;307.0;358.0;335.0;391.0;365.0;426.0;369.0;430.0;372.0;434.0;376.0;439.0;380.0;443.0;383.0;447.0;387.0;452.0;391.0;457.0;395.0;461.0;399.0;466.0;403.0;470.0;407.0;475.0;411.0;480.0;415.0;485.0;419.0;489.0;424.0;494.0;428.0;499.0;432.0;504.0;437.0;509.0;441.0;514.0;445.0;520.0;454.0;530.0;463.0;541.0;473.0;551.0;482.0;562.0;492.0;574.0;502.0;585.0;512.0;597.0;522.0;609.0;532.0;621.0;543.0;634.0;554.0;646.0;565.0;659.0;576.0;672.0;588.0;686.0;600;700
MWX;Muan;34.9914;126.3814;1;22.0;25.0;25.0;27.0;27.0;29.0;29.0;32.0;32.0;35.0;35.0;38.0;38.0;42.0;41.0;46.0;45.0;50.0;49.0;54.0;54.0;59.0;59.0;65.0;64.0;70.0;70.0;77.0;76.0;84.0;83.0;91.0;91.0;100.0;99.0;109.0;108.0;119.0;117.0;129.0;128.0;141.0;140.0;154.0;152.0;168.0;166.0;183.0;181.0;199.0;197.0;217.0;215.0;237.0;235.0;258.0;256.0;281.0;279.0;307.0;304.0;334.0;307.0;338.0;310.0;341.0;313.0;345.0;316.0;348.0;319.0;351.0;323.0;355.0;326.0;359.0;329.0;362.0;332.0;366.0;336.0;369.0;339.0;373.0;343.0;377.0;346.0;381.0;349.0;384.0;353.0;388.0;357.0;392.0;360.0;396.0;364.0;400.0;367.0;404.0;371.0;408.0;378.0;416.0;386.0;425.0;394.0;433.0;402.0;442.0;410.0;451.0;418.0;460.0;426.0;469.0;435.0;478.0;443.0;488.0;452.0;498.0;461.0;508.0;471.0;518.0;480.0;528.0;490.0;539.0;500;550
CCJ;Kozhikode;11.1368;75.9553;2;23.0;19.0;23.0;20.0;24.0;20.0;25.0;21.0;26.0;22.0;26.0;22.0;27.0;23.0;28.0;24.0;29.0;24.0;30.0;25.0;31.0;26.0;31.0;27.0;32.0;27.0;33.0;28.0;34.0;29.0;36.0;30.0;37.0;31.0;38.0;32.0;39.0;33.0;40.0;34.0;41.0;35.0;42.0;36.0;44.0;37.0;45.0;38.0;46.0;39.0;48.0;40.0;49.0;42.0;51.0;43.0;52.0;44.0;54.0;46.0;56.0;47.0;57.0;48.0;59.0;50.0;61.0;51.0;63.0;53.0;65.0;55.0;66.0;56.0;68.0;58.0;71.0;60.0;73.0;61.0;75.0;63.0;82.0;69.0;89.0;75.0;97.0;82.0;106.0;90.0;115.0;98.0;126.0;106.0;137.0;116.0;150.0;127.0;163.0;138.0;178.0;150.0;194.0;164.0;212.0;179.0;231.0;195.0;251.0;213.0;274.0;232.0;299.0;253.0;326.0;276.0;355.0;300.0;387.0;327.0;422.0;357.0;460.0;389.0;501.0;424.0;547.0;462.0;596.0;504.0;650;550
IXE;Mangalore;12.9613;74.8901;2;21.0;21.0;21.0;21.0;22.0;22.0;23.0;23.0;24.0;24.0;24.0;24.0;25.0;25.0;26.0;26.0;27.0;27.0;27.0;27.0;28.0;28.0;29.0;29.0;30.0;30.0;31.0;31.0;32.0;32.0;33.0;33.0;34.0;34.0;35.0;35.0;36.0;36.0;37.0;37.0;38.0;38.0;39.0;39.0;40.0;40.0;42.0;42.0;43.0;43.0;44.0;44.0;46.0;46.0;47.0;47.0;48.0;48.0;50.0;50.0;51.0;51.0;53.0;53.0;54.0;54.0;56.0;56.0;58.0;58.0;60.0;60.0;61.0;61.0;63.0;63.0;65.0;65.0;67.0;67.0;69.0;69.0;75.0;75.0;82.0;82.0;90.0;90.0;98.0;98.0;107.0;107.0;116.0;116.0;127.0;127.0;138.0;138.0;151.0;151.0;164.0;164.0;179.0;179.0;195.0;195.0;213.0;213.0;232.0;232.0;253.0;253.0;276.0;276.0;301.0;301.0;328.0;328.0;357.0;357.0;389.0;389.0;425.0;425.0;463.0;463.0;505.0;505.0;550.0;550.0;600;600
TRZ;Tiruchirappalli;10.7654;78.7097;2;19.0;17.0;20.0;18.0;20.0;18.0;21.0;19.0;22.0;20.0;22.0;20.0;23.0;21.0;24.0;21.0;24.0;22.0;25.0;23.0;26.0;23.0;27.0;24.0;27.0;25.0;28.0;26.0;29.0;26.0;30.0;27.0;31.0;28.0;32.0;29.0;33.0;30.0;34.0;31.0;35.0;32.0;36.0;33.0;37.0;34.0;38.0;35.0;39.0;36.0;40.0;37.0;42.0;38.0;43.0;39.0;44.0;40.0;46.0;41.0;47.0;43.0;48.0;44.0;50.0;45.0;51.0;47.0;53.0;48.0;55.0;50.0;56.0;51.0;58.0;53.0;60.0;54.0;61.0;56.0;63.0;57.0;69.0;63.0;75.0;68.0;82.0;75.0;90.0;81.0;98.0;89.0;106.0;97.0;116.0;105.0;127.0;115.0;138.0;125.0;150.0;137.0;164.0;149.0;179.0;163.0;195.0;177.0;213.0;193.0;232.0;211.0;253.0;230.0;276.0;250.0;300.0;273.0;327.0;298.0;357.0;324.0;389.0;354.0;424.0;386.0;462.0;420.0;504.0;458.0;550;500
IXM;Madurai;9.8345;78.0934;2;24.0;15.0;25.0;16.0;26.0;16.0;27.0;17.0;28.0;18.0;28.0;18.0;29.0;19.0;30.0;19.0;31.0;20.0;32.0;20.0;33.0;21.0;34.0;22.0;35.0;22.0;36.0;23.0;37.0;24.0;38.0;24.0;39.0;25.0;41.0;26.0;42.0;27.0;43.0;28.0;44.0;28.0;46.0;29.0;47.0;30.0;49.0;31.0;50.0;32.0;52.0;33.0;53.0;34.0;55.0;35.0;56.0;36.0;58.0;37.0;60.0;38.0;62.0;39.0;64.0;41.0;66.0;42.0;67.0;43.0;70.0;45.0;72.0;46.0;74.0;47.0;76.0;49.0;78.0;50.0;81.0;52.0;88.0;56.0;96.0;62.0;105.0;67.0;114.0;73.0;124.0;80.0;136.0;87.0;148.0;95.0;161.0;103.0;176.0;113.0;192.0;123.0;209.0;134.0;228.0;146.0;248.0;159.0;271.0;174.0;295.0;190.0;322.0;207.0;351.0;225.0;382.0;246.0;417.0;268.0;454.0;292.0;495.0;318.0;540.0;347.0;589.0;378.0;642.0;412.0;700;450
VTZ;Visakhapatnam;17.7211;83.2245;2;17.0;24.0;18.0;25.0;18.0;26.0;19.0;27.0;20.0;28.0;20.0;28.0;21.0;29.0;21.0;30.0;22.0;31.0;23.0;32.0;23.0;33.0;24.0;34.0;25.0;35.0;26.0;36.0;26.0;37.0;27.0;38.0;28.0;39.0;29.0;41.0;30.0;42.0;31.0;43.0;32.0;44.0;33.0;46.0;34.0;47.0;35.0;49.0;36.0;50.0;37.0;52.0;38.0;53.0;39.0;55.0;40.0;56.0;41.0;58.0;43.0;60.0;44.0;62.0;45.0;64.0;47.0;66.0;48.0;67.0;50.0;70.0;51.0;72.0;53.0;74.0;54.0;76.0;56.0;78.0;57.0;81.0;63.0;88.0;68.0;96.0;75.0;105.0;81.0;114.0;89.0;124.0;97.0;136.0;105.0;148.0;115.0;161.0;125.0;176.0;137.0;192.0;149.0;209.0;163.0;228.0;177.0;248.0;193.0;271.0;211.0;295.0;230.0;322.0;250.0;351.0;273.0;382.0;298.0;417.0;324.0;454.0;354.0;495.0;386.0;540.0;420.0;589.0;458.0;642.0;500;700
BBI;Bhubaneswar;20.2528;85.8178;2;23.0;21.0;23.0;21.0;24.0;22.0;25.0;23.0;26.0;24.0;26.0;24.0;27.0;25.0;28.0;26.0;29.0;27.0;30.0;27.0;31.0;28.0;31.0;29.0;32.0;30.0;33.0;31.0;34.0;32.0;36.0;33.0;37.0;34.0;38.0;35.0;39.0;36.0;40.0;37.0;41.0;38.0;42.0;39.0;44.0;40.0;45.0;42.0;46.0;43.0;48.0;44.0;49.0;46.0;51.0;47.0;52.0;48.0;54.0;50.0;56.0;51.0;57.0;53.0;59.0;54.0;61.0;56.0;63.0;58.0;65.0;60.0;66.0;61.0;68.0;63.0;71.0;65.0;73.0;67.0;75.0;69.0;82.0;75.0;89.0;82.0;97.0;90.0;106.0;98.0;115.0;107.0;126.0;116.0;137.0;127.0;150.0;138.0;163.0;151.0;178.0;164.0;194.0;179.0;212.0;195.0;231.0;213.0;251.0;232.0;274.0;253.0;299.0;276.0;326.0;301.0;355.0;328.0;387.0;357.0;422.0;389.0;460.0;425.0;501.0;463.0;547.0;505.0;596.0;550.0;650;600
PAT;Patna;25.5913;85.088;2;15.0;19.0;16.0;20.0;16.0;20.0;17.0;21.0;18.0;22.0;18.0;22.0;19.0;23.0;19.0;24.0;20.0;24.0;20.0;25.0;21.0;26.0;22.0;27.0;22.0;27.0;23.0;28.0;24.0;29.0;24.0;30.0;25.0;31.0;26.0;32.0;27.0;33.0;28.0;34.0;28.0;35.0;29.0;36.0;30.0;37.0;31.0;38.0;32.0;39.0;33.0;40.0;34.0;42.0;35.0;43.0;36.0;44.0;37.0;46.0;38.0;47.0;39.0;48.0;41.0;50.0;42.0;51.0;43.0;53.0;45.0;55.0;46.0;56.0;47.0;58.0;49.0;60.0;50.0;61.0;52.0;63.0;56.0;69.0;62.0;75.0;67.0;82.0;73.0;90.0;80.0;98.0;87.0;106.0;95.0;116.0;103.0;127.0;113.0;138.0;123.0;150.0;134.0;164.0;146.0;179.0;159.0;195.0;174.0;213.0;190.0;232.0;207.0;253.0;225.0;276.0;246.0;300.0;268.0;327.0;292.0;357.0;318.0;389.0;347.0;424.0;378.0;462.0;412.0;504.0;450;550
GAU;Guwahati;26.1061;91.5859;2;21.0;23.0;21.0;23.0;22.0;24.0;23.0;25.0;24.0;26.0;24.0;26.0;25.0;27.0;26.0;28.0;27.0;29.0;27.0;30.0;28.0;31.0;29.0;31.0;30.0;32.0;31.0;33.0;32.0;34.0;33.0;36.0;34.0;37.0;35.0;38.0;36.0;39.0;37.0;40.0;38.0;41.0;39.0;42.0;40.0;44.0;42.0;45.0;43.0;46.0;44.0;48.0;46.0;49.0;47.0;51.0;48.0;52.0;50.0;54.0;51.0;56.0;53.0;57.0;54.0;59.0;56.0;61.0;58.0;63.0;60.0;65.0;61.0;66.0;63.0;68.0;65.0;71.0;67.0;73.0;69.0;75.0;75.0;82.0;82.0;89.0;90.0;97.0;98.0;106.0;107.0;115.0;116.0;126.0;127.0;137.0;138.0;150.0;151.0;163.0;164.0;178.0;179.0;194.0;195.0;212.0;213.0;231.0;232.0;251.0;253.0;274.0;276.0;299.0;301.0;326.0;328.0;355.0;357.0;387.0;389.0;422.0;425.0;460.0;463.0;501.0;505.0;547.0;550.0;596.0;600;650
LCA;Larnaka;34.8751;33.6248;3;53.0;26.0;57.0;28.0;61.0;30.0;65.0;32.0;70.0;35.0;75.0;37.0;80.0;40.0;86.0;43.0;92.0;46.0;99.0;49.0;105.0;52.0;113.0;56.0;121.0;60.0;129.0;64.0;138.0;69.0;148.0;74.0;159.0;79.0;170.0;85.0;182.0;91.0;194.0;97.0;208.0;104.0;223.0;111.0;238.0;119.0;255.0;127.0;273.0;136.0;292.0;146.0;312.0;156.0;334.0;167.0;358.0;179.0;383.0;191.0;410.0;205.0;418.0;209.0;426.0;213.0;435.0;217.0;443.0;221.0;452.0;226.0;461.0;230.0;470.0;235.0;480.0;240.0;490.0;245.0;499.0;249.0;509.0;254.0;520.0;260.0;530.0;265.0;541.0;270.0;551.0;275.0;562.0;281.0;574.0;287.0;585.0;292.0;597.0;298.0;609.0;304.0;621.0;310.0;633.0;316.0;646.0;323.0;659.0;329.0;672.0;336.0;686.0;343.0;699.0;349.0;713.0;356.0;728.0;364.0;742.0;371.0;757.0;378.0;772.0;386.0;788.0;394.0;803.0;401.0;820;410
RHO;Rhodos;36.4054;28.0861;2;63.0;7.0;67.0;8.0;72.0;9.0;77.0;9.0;82.0;10.0;88.0;11.0;94.0;11.0;101.0;12.0;108.0;13.0;115.0;14.0;124.0;15.0;132.0;16.0;142.0;17.0;151.0;18.0;162.0;20.0;173.0;21.0;186.0;23.0;199.0;24.0;213.0;26.0;228.0;28.0;244.0;30.0;261.0;32.0;279.0;34.0;298.0;37.0;319.0;39.0;342.0;42.0;366.0;45.0;391.0;48.0;419.0;52.0;448.0;56.0;480.0;60.0;489.0;61.0;499.0;62.0;509.0;63.0;519.0;64.0;529.0;66.0;540.0;67.0;551.0;68.0;562.0;70.0;573.0;71.0;585.0;73.0;596.0;74.0;608.0;76.0;620.0;77.0;633.0;79.0;646.0;80.0;658.0;82.0;672.0;84.0;685.0;85.0;699.0;87.0;713.0;89.0;727.0;90.0;742.0;92.0;756.0;94.0;772.0;96.0;787.0;98.0;803.0;100.0;819.0;102.0;835.0;104.0;852.0;106.0;869.0;108.0;886.0;110.0;904.0;113.0;922.0;115.0;941.0;117.0;960;120
HER;Iraklio;35.3397;25.1803;3;61.0;11.0;66.0;12.0;70.0;13.0;75.0;14.0;80.0;15.0;86.0;16.0;92.0;17.0;99.0;18.0;106.0;20.0;113.0;21.0;121.0;23.0;129.0;24.0;139.0;26.0;148.0;28.0;159.0;30.0;170.0;32.0;182.0;34.0;195.0;37.0;208.0;39.0;223.0;42.0;238.0;45.0;255.0;48.0;273.0;52.0;292.0;56.0;313.0;59.0;335.0;64.0;358.0;68.0;383.0;73.0;410.0;78.0;439.0;84.0;470.0;90.0;479.0;91.0;489.0;93.0;498.0;95.0;508.0;97.0;518.0;99.0;529.0;101.0;539.0;103.0;550.0;105.0;561.0;107.0;572.0;109.0;584.0;111.0;596.0;114.0;608.0;116.0;620.0;118.0;632.0;121.0;645.0;123.0;658.0;126.0;671.0;128.0;684.0;131.0;698.0;133.0;712.0;136.0;726.0;139.0;741.0;141.0;756.0;144.0;771.0;147.0;786.0;150.0;802.0;153.0;818.0;156.0;834.0;159.0;851.0;163.0;868.0;166.0;885.0;169.0;903.0;173.0;921.0;176.0;940;180
SKG;Thessaloniki;40.5197;22.9708;3;49.0;36.0;52.0;38.0;56.0;41.0;60.0;44.0;64.0;47.0;69.0;50.0;73.0;54.0;79.0;58.0;84.0;62.0;90.0;66.0;96.0;71.0;103.0;76.0;110.0;81.0;118.0;87.0;127.0;93.0;135.0;99.0;145.0;106.0;155.0;114.0;166.0;122.0;178.0;130.0;190.0;139.0;203.0;149.0;218.0;160.0;233.0;171.0;249.0;183.0;267.0;196.0;286.0;209.0;306.0;224.0;327.0;240.0;350.0;257.0;375.0;275.0;382.0;280.0;390.0;286.0;397.0;291.0;405.0;297.0;414.0;303.0;422.0;309.0;430.0;315.0;439.0;322.0;448.0;328.0;457.0;335.0;466.0;341.0;475.0;348.0;485.0;355.0;494.0;362.0;504.0;370.0;514.0;377.0;525.0;385.0;535.0;392.0;546.0;400.0;557.0;408.0;568.0;416.0;579.0;425.0;591.0;433.0;603.0;442.0;615.0;451.0;627.0;460.0;640.0;469.0;652.0;478.0;665.0;488.0;679.0;498.0;692.0;508.0;706.0;518.0;720.0;528.0;735.0;539.0;750;550
BJV;Bodrum;37.2506;27.6644;2;160.0;26.0;166.0;27.0;173.0;28.0;180.0;29.0;187.0;30.0;195.0;31.0;203.0;33.0;211.0;34.0;219.0;35.0;228.0;37.0;237.0;38.0;247.0;40.0;256.0;41.0;267.0;43.0;277.0;45.0;288.0;47.0;300.0;49.0;312.0;50.0;325.0;53.0;338.0;55.0;351.0;57.0;365.0;59.0;380.0;62.0;395.0;64.0;411.0;67.0;427.0;69.0;444.0;72.0;462.0;75.0;481.0;78.0;500.0;81.0;520.0;84.0;478.0;78.0;440.0;71.0;405.0;66.0;372.0;60.0;343.0;55.0;315.0;51.0;331.0;54.0;347.0;56.0;365.0;59.0;383.0;62.0;402.0;65.0;422.0;68.0;444.0;72.0;466.0;76.0;489.0;79.0;514.0;83.0;539.0;88.0;566.0;92.0;595.0;97.0;624.0;101.0;656.0;106.0;688.0;112.0;723.0;117.0;759.0;123.0;797.0;130.0;837.0;136.0;879.0;143.0;923.0;150.0;969.0;158.0;1017.0;165.0;997.0;162.0;977.0;159.0;957.0;156.0;938.0;153.0;920;150
DLM;Dalaman;36.7131;28.7925;2;158.0;17.0;165.0;18.0;171.0;18.0;178.0;19.0;185.0;20.0;193.0;21.0;200.0;22.0;208.0;22.0;217.0;23.0;225.0;24.0;234.0;25.0;244.0;26.0;254.0;27.0;264.0;29.0;274.0;30.0;285.0;31.0;297.0;32.0;309.0;33.0;321.0;35.0;334.0;36.0;347.0;38.0;361.0;39.0;376.0;41.0;391.0;42.0;406.0;44.0;423.0;46.0;440.0;48.0;457.0;50.0;475.0;52.0;495.0;54.0;514.0;56.0;473.0;52.0;435.0;47.0;400.0;44.0;368.0;40.0;339.0;37.0;312.0;34.0;327.0;36.0;344.0;37.0;361.0;39.0;379.0;41.0;398.0;43.0;418.0;45.0;439.0;48.0;461.0;50.0;484.0;53.0;508.0;55.0;533.0;58.0;560.0;61.0;588.0;64.0;618.0;67.0;648.0;71.0;681.0;74.0;715.0;78.0;751.0;82.0;788.0;86.0;828.0;91.0;869.0;95.0;913.0;100.0;958.0;105.0;1006.0;110.0;986.0;108.0;966.0;106.0;947.0;104.0;928.0;102.0;910;100
AYT;Antalya;36.8987;30.8005;4;170.0;61.0;177.0;63.0;184.0;66.0;192.0;68.0;199.0;71.0;207.0;74.0;216.0;77.0;224.0;80.0;233.0;83.0;243.0;86.0;253.0;90.0;263.0;93.0;273.0;97.0;284.0;101.0;296.0;105.0;307.0;109.0;320.0;114.0;332.0;118.0;346.0;123.0;360.0;128.0;374.0;133.0;389.0;139.0;405.0;144.0;421.0;150.0;438.0;156.0;455.0;162.0;473.0;169.0;492.0;176.0;512.0;183.0;533.0;190.0;554.0;198.0;510.0;182.0;469.0;167.0;431.0;154.0;397.0;141.0;365.0;130.0;336.0;120.0;352.0;126.0;370.0;132.0;389.0;138.0;408.0;145.0;429.0;153.0;450.0;160.0;473.0;168.0;496.0;177.0;521.0;186.0;547.0;195.0;574.0;205.0;603.0;215.0;633.0;226.0;665.0;237.0;698.0;249.0;733.0;262.0;770.0;275.0;809.0;288.0;849.0;303.0;891.0;318.0;936.0;334.0;983.0;351.0;1032.0;368.0;1084.0;387.0;1062.0;379.0;1041.0;371.0;1020.0;364.0;1000.0;357.0;980;350
ESB;Ankara;40.1281;32.9949;4;78.0;148.0;81.0;154.0;84.0;160.0;88.0;166.0;91.0;173.0;95.0;180.0;99.0;187.0;103.0;195.0;107.0;202.0;111.0;211.0;116.0;219.0;120.0;228.0;125.0;237.0;130.0;246.0;135.0;256.0;141.0;267.0;147.0;277.0;152.0;288.0;159.0;300.0;165.0;312.0;171.0;324.0;178.0;337.0;186.0;351.0;193.0;365.0;201.0;380.0;209.0;395.0;217.0;411.0;226.0;427.0;235.0;444.0;244.0;462.0;254.0;480.0;234.0;442.0;215.0;406.0;198.0;374.0;182.0;344.0;167.0;316.0;154.0;291.0;162.0;306.0;170.0;321.0;178.0;337.0;187.0;354.0;197.0;372.0;206.0;390.0;217.0;410.0;228.0;430.0;239.0;452.0;251.0;474.0;264.0;498.0;277.0;523.0;291.0;549.0;305.0;577.0;320.0;606.0;336.0;636.0;353.0;668.0;371.0;701.0;390.0;736.0;409.0;773.0;430.0;812.0;451.0;852.0;474.0;895.0;497.0;940.0;487.0;921.0;478.0;903.0;468.0;885.0;459.0;867.0;450;850
ADB;Izmir;38.2924;27.157;3;136.0;95.0;141.0;99.0;147.0;103.0;153.0;107.0;159.0;112.0;165.0;116.0;172.0;121.0;179.0;126.0;186.0;131.0;193.0;136.0;201.0;142.0;209.0;147.0;217.0;153.0;226.0;159.0;235.0;166.0;245.0;172.0;254.0;179.0;265.0;186.0;275.0;194.0;286.0;202.0;298.0;210.0;310.0;218.0;322.0;227.0;335.0;236.0;348.0;245.0;362.0;255.0;377.0;265.0;392.0;276.0;407.0;287.0;424.0;299.0;441.0;311.0;405.0;286.0;373.0;263.0;343.0;242.0;316.0;222.0;290.0;205.0;267.0;188.0;280.0;198.0;294.0;208.0;309.0;218.0;325.0;229.0;341.0;240.0;358.0;252.0;376.0;265.0;395.0;278.0;415.0;292.0;435.0;307.0;457.0;322.0;480.0;338.0;504.0;355.0;529.0;373.0;556.0;392.0;584.0;411.0;613.0;432.0;643.0;454.0;676.0;476.0;709.0;500.0;745.0;525.0;782.0;551.0;821.0;579.0;862.0;608.0;845.0;596.0;828.0;584.0;812.0;572.0;795.0;561.0;780;550
LXR;Luxor;25.6701;32.7063;2;68.0;10.0;72.0;11.0;75.0;11.0;79.0;12.0;83.0;13.0;87.0;13.0;91.0;14.0;96.0;15.0;101.0;16.0;106.0;16.0;111.0;17.0;117.0;18.0;123.0;19.0;129.0;20.0;135.0;21.0;142.0;22.0;149.0;23.0;157.0;24.0;165.0;26.0;173.0;27.0;182.0;28.0;191.0;30.0;200.0;31.0;210.0;33.0;221.0;34.0;232.0;36.0;244.0;38.0;256.0;40.0;269.0;42.0;282.0;44.0;296.0;46.0;311.0;49.0;327.0;51.0;343.0;54.0;360.0;56.0;378.0;59.0;397.0;62.0;417.0;65.0;438.0;69.0;460.0;72.0;483.0;76.0;507.0;80.0;532.0;84.0;559.0;88.0;587.0;92.0;616.0;97.0;647.0;102.0;679.0;107.0;713.0;112.0;749.0;118.0;787.0;124.0;826.0;130.0;834.0;131.0;843.0;133.0;851.0;134.0;860.0;135.0;868.0;137.0;877.0;138.0;886.0;139.0;894.0;141.0;903.0;142.0;912.0;144.0;922.0;145.0;931.0;147.0;940.0;148.0;950;150
HRG;Hurghada;27.1783;33.8033;3;70.0;8.0;73.0;9.0;77.0;9.0;81.0;10.0;85.0;10.0;89.0;11.0;93.0;11.0;98.0;12.0;103.0;12.0;108.0;13.0;114.0;14.0;119.0;14.0;125.0;15.0;132.0;16.0;138.0;17.0;145.0;18.0;152.0;18.0;160.0;19.0;168.0;20.0;177.0;21.0;185.0;23.0;195.0;24.0;205.0;25.0;215.0;26.0;226.0;27.0;237.0;29.0;249.0;30.0;261.0;32.0;274.0;33.0;288.0;35.0;302.0;37.0;318.0;39.0;333.0;41.0;350.0;43.0;368.0;45.0;386.0;47.0;405.0;50.0;426.0;52.0;447.0;55.0;469.0;58.0;493.0;61.0;518.0;64.0;543.0;67.0;571.0;70.0;599.0;74.0;629.0;77.0;661.0;81.0;694.0;85.0;728.0;90.0;765.0;94.0;803.0;99.0;843.0;104.0;852.0;105.0;860.0;106.0;869.0;107.0;878.0;108.0;886.0;109.0;895.0;110.0;904.0;111.0;913.0;113.0;922.0;114.0;932.0;115.0;941.0;116.0;950.0;117.0;960.0;118.0;970;120
SSH;Scharm El-Scheich;27.9774;34.3946;3;69.0;7.0;72.0;8.0;76.0;8.0;80.0;9.0;84.0;9.0;88.0;10.0;92.0;10.0;97.0;11.0;102.0;11.0;107.0;12.0;112.0;12.0;118.0;13.0;124.0;14.0;130.0;14.0;137.0;15.0;144.0;16.0;151.0;17.0;158.0;18.0;166.0;19.0;175.0;20.0;184.0;21.0;193.0;22.0;202.0;23.0;213.0;24.0;223.0;25.0;234.0;26.0;246.0;28.0;258.0;29.0;271.0;31.0;285.0;32.0;299.0;34.0;314.0;36.0;330.0;37.0;347.0;39.0;364.0;41.0;382.0;43.0;401.0;46.0;421.0;48.0;442.0;50.0;465.0;53.0;488.0;55.0;512.0;58.0;538.0;61.0;565.0;64.0;593.0;68.0;623.0;71.0;654.0;74.0;687.0;78.0;721.0;82.0;757.0;86.0;795.0;91.0;835.0;95.0;843.0;96.0;851.0;97.0;860.0;98.0;869.0;99.0;877.0;100.0;886.0;101.0;895.0;102.0;904.0;103.0;913.0;104.0;922.0;105.0;931.0;106.0;941.0;107.0;950.0;108.0;960;110
KRT;Khartum;15.5894;32.5531;2;18.0;37.0;18.0;39.0;19.0;41.0;20.0;43.0;21.0;45.0;23.0;47.0;24.0;50.0;25.0;52.0;26.0;55.0;28.0;58.0;29.0;61.0;30.0;64.0;32.0;67.0;34.0;70.0;35.0;74.0;37.0;78.0;39.0;82.0;41.0;86.0;43.0;90.0;45.0;94.0;47.0;99.0;50.0;104.0;52.0;109.0;55.0;115.0;58.0;121.0;61.0;127.0;64.0;133.0;67.0;140.0;70.0;147.0;74.0;154.0;78.0;162.0;81.0;170.0;86.0;179.0;90.0;187.0;94.0;197.0;99.0;207.0;104.0;217.0;109.0;228.0;115.0;239.0;121.0;251.0;127.0;264.0;133.0;277.0;140.0;291.0;147.0;306.0;154.0;321.0;162.0;337.0;170.0;354.0;178.0;372.0;187.0;390.0;197.0;410.0;207.0;430.0;217.0;452.0;219.0;456.0;221.0;461.0;224.0;466.0;226.0;470.0;228.0;475.0;230.0;480.0;233.0;485.0;235.0;489.0;237.0;494.0;240.0;499.0;242.0;504.0;245.0;509.0;247.0;514.0;250;520
JNB;Johannesburg;-26.1392;28.246;5;86.0;121.0;88.0;124.0;90.0;126.0;92.0;129.0;94.0;131.0;95.0;134.0;97.0;137.0;99.0;139.0;101.0;142.0;103.0;145.0;105.0;148.0;108.0;151.0;110.0;154.0;112.0;157.0;114.0;160.0;116.0;163.0;119.0;167.0;121.0;170.0;124.0;173.0;126.0;177.0;129.0;180.0;131.0;184.0;134.0;188.0;137.0;191.0;139.0;195.0;142.0;199.0;145.0;203.0;148.0;207.0;151.0;211.0;154.0;216.0;157.0;220.0;160.0;224.0;163.0;229.0;167.0;233.0;170.0;238.0;173.0;243.0;177.0;248.0;180.0;253.0;184.0;258.0;188.0;263.0;191.0;268.0;201.0;282.0;211.0;296.0;222.0;311.0;233.0;326.0;244.0;342.0;257.0;360.0;270.0;378.0;283.0;397.0;297.0;416.0;312.0;437.0;328.0;459.0;344.0;482.0;361.0;506.0;380.0;532.0;399.0;558.0;418.0;586.0;439.0;615.0;461.0;646.0;485.0;679.0;509.0;713.0;534.0;748.0;561.0;786.0;589.0;825.0;619.0;866.0;650;910
CPT;Kapstadt;-33.9715;18.6021;4;125.0;90.0;128.0;92.0;130.0;94.0;133.0;96.0;136.0;98.0;138.0;100.0;141.0;102.0;144.0;104.0;147.0;106.0;150.0;108.0;153.0;110.0;156.0;113.0;159.0;115.0;162.0;117.0;165.0;119.0;169.0;122.0;172.0;124.0;176.0;127.0;179.0;129.0;183.0;132.0;186.0;135.0;190.0;137.0;194.0;140.0;198.0;143.0;202.0;146.0;206.0;149.0;210.0;152.0;214.0;155.0;218.0;158.0;223.0;161.0;227.0;164.0;232.0;168.0;236.0;171.0;241.0;174.0;246.0;178.0;251.0;181.0;256.0;185.0;261.0;189.0;266.0;193.0;272.0;196.0;277.0;200.0;291.0;210.0;306.0;221.0;321.0;232.0;337.0;244.0;354.0;256.0;371.0;269.0;390.0;282.0;410.0;296.0;430.0;311.0;452.0;327.0;474.0;343.0;498.0;360.0;523.0;378.0;549.0;397.0;577.0;417.0;605.0;438.0;636.0;460.0;668.0;483.0;701.0;507.0;736.0;532.0;773.0;559.0;812.0;587.0;852.0;616.0;895.0;647.0;940;680
DUR;Durban;-29.6144;31.1197;3;90.0;73.0;92.0;75.0;94.0;76.0;96.0;78.0;98.0;79.0;100.0;81.0;102.0;82.0;104.0;84.0;106.0;86.0;108.0;87.0;110.0;89.0;113.0;91.0;115.0;93.0;117.0;95.0;119.0;97.0;122.0;98.0;124.0;100.0;127.0;102.0;129.0;105.0;132.0;107.0;135.0;109.0;137.0;111.0;140.0;113.0;143.0;115.0;146.0;118.0;149.0;120.0;152.0;123.0;155.0;125.0;158.0;128.0;161.0;130.0;164.0;133.0;168.0;135.0;171.0;138.0;174.0;141.0;178.0;144.0;181.0;147.0;185.0;150.0;189.0;153.0;193.0;156.0;196.0;159.0;200.0;162.0;210.0;170.0;221.0;179.0;232.0;188.0;244.0;197.0;256.0;207.0;269.0;217.0;282.0;228.0;296.0;239.0;311.0;251.0;327.0;264.0;343.0;277.0;360.0;291.0;378.0;306.0;397.0;321.0;417.0;337.0;438.0;354.0;460.0;372.0;483.0;390.0;507.0;410.0;532.0;430.0;559.0;452.0;587.0;475.0;616.0;498.0;647.0;523.0;680;550
MPM;Maputo;-25.9208;32.5726;2;82.0;72.0;84.0;73.0;86.0;75.0;87.0;76.0;89.0;78.0;91.0;79.0;93.0;81.0;95.0;82.0;97.0;84.0;99.0;86.0;101.0;88.0;103.0;89.0;105.0;91.0;107.0;93.0;109.0;95.0;111.0;97.0;113.0;99.0;116.0;101.0;118.0;103.0;120.0;105.0;123.0;107.0;125.0;109.0;128.0;111.0;130.0;113.0;133.0;116.0;136.0;118.0;138.0;120.0;141.0;123.0;144.0;125.0;147.0;128.0;150.0;130.0;153.0;133.0;156.0;136.0;159.0;138.0;162.0;141.0;165.0;144.0;169.0;147.0;172.0;150.0;175.0;153.0;179.0;156.0;183.0;159.0;192.0;167.0;201.0;175.0;211.0;184.0;222.0;193.0;233.0;203.0;245.0;213.0;257.0;224.0;270.0;235.0;284.0;247.0;298.0;259.0;313.0;272.0;328.0;286.0;345.0;300.0;362.0;315.0;380.0;331.0;399.0;348.0;419.0;365.0;440.0;383.0;462.0;402.0;485.0;423.0;510.0;444.0;535.0;466.0;562.0;489.0;590.0;514.0;620;540
LUN;Lusaka;-15.3308;28.4526;2;68.0;78.0;69.0;80.0;70.0;82.0;72.0;83.0;73.0;85.0;75.0;87.0;76.0;88.0;78.0;90.0;79.0;92.0;81.0;94.0;83.0;96.0;84.0;98.0;86.0;100.0;88.0;102.0;89.0;104.0;91.0;106.0;93.0;108.0;95.0;110.0;97.0;112.0;99.0;114.0;101.0;117.0;103.0;119.0;105.0;121.0;107.0;124.0;109.0;126.0;111.0;129.0;114.0;132.0;116.0;134.0;118.0;137.0;121.0;140.0;123.0;142.0;126.0;145.0;128.0;148.0;131.0;151.0;133.0;154.0;136.0;157.0;139.0;160.0;141.0;164.0;144.0;167.0;147.0;170.0;150.0;174.0;158.0;182.0;166.0;192.0;174.0;201.0;183.0;211.0;192.0;222.0;201.0;233.0;211.0;245.0;222.0;257.0;233.0;270.0;245.0;283.0;257.0;297.0;270.0;312.0;283.0;328.0;298.0;344.0;313.0;362.0;328.0;380.0;345.0;399.0;362.0;419.0;380.0;440.0;399.0;462.0;419.0;485.0;440.0;509.0;462.0;535.0;485.0;561.0;510;590
DAR;Daressalam;-6.8781;39.2026;3;98.0;77.0;100.0;79.0;102.0;80.0;105.0;82.0;107.0;83.0;109.0;85.0;111.0;87.0;113.0;89.0;115.0;90.0;118.0;92.0;120.0;94.0;123.0;96.0;125.0;98.0;128.0;100.0;130.0;102.0;133.0;104.0;135.0;106.0;138.0;108.0;141.0;110.0;144.0;113.0;147.0;115.0;150.0;117.0;153.0;119.0;156.0;122.0;159.0;124.0;162.0;127.0;165.0;129.0;168.0;132.0;172.0;135.0;175.0;137.0;179.0;140.0;182.0;143.0;186.0;146.0;190.0;149.0;194.0;152.0;197.0;155.0;201.0;158.0;205.0;161.0;210.0;164.0;214.0;167.0;218.0;171.0;229.0;179.0;240.0;188.0;252.0;198.0;265.0;208.0;278.0;218.0;292.0;229.0;307.0;241.0;322.0;253.0;339.0;265.0;355.0;278.0;373.0;292.0;392.0;307.0;412.0;322.0;432.0;339.0;454.0;356.0;477.0;373.0;500.0;392.0;525.0;412.0;552.0;432.0;579.0;454.0;608.0;477.0;639.0;501.0;671.0;526.0;704.0;552.0;740;580
ZNZ;Sansibar;-6.222;39.2248;2;131.0;18.0;133.0;19.0;136.0;19.0;139.0;19.0;141.0;20.0;144.0;20.0;147.0;21.0;150.0;21.0;153.0;21.0;156.0;22.0;159.0;22.0;162.0;23.0;166.0;23.0;169.0;24.0;172.0;24.0;176.0;25.0;179.0;25.0;183.0;26.0;187.0;26.0;190.0;27.0;194.0;27.0;198.0;28.0;202.0;28.0;206.0;29.0;210.0;30.0;215.0;30.0;219.0;31.0;223.0;31.0;228.0;32.0;232.0;33.0;237.0;33.0;242.0;34.0;246.0;35.0;251.0;35.0;256.0;36.0;262.0;37.0;267.0;38.0;272.0;38.0;278.0;39.0;283.0;40.0;289.0;41.0;303.0;43.0;319.0;45.0;335.0;47.0;351.0;50.0;369.0;52.0;387.0;55.0;407.0;58.0;427.0;61.0;448.0;64.0;471.0;67.0;494.0;70.0;519.0;74.0;545.0;77.0;572.0;81.0;601.0;85.0;631.0;90.0;663.0;94.0;696.0;99.0;731.0;104.0;767.0;109.0;806.0;115.0;846.0;120.0;888.0;126.0;933.0;133.0;980;140
MBA;Mombasa;-4.0348;39.5942;2;117.0;41.0;120.0;42.0;122.0;43.0;124.0;43.0;127.0;44.0;129.0;45.0;132.0;46.0;135.0;47.0;137.0;48.0;140.0;49.0;143.0;50.0;146.0;51.0;149.0;52.0;152.0;53.0;155.0;54.0;158.0;55.0;161.0;56.0;164.0;58.0;168.0;59.0;171.0;60.0;174.0;61.0;178.0;62.0;181.0;64.0;185.0;65.0;189.0;66.0;193.0;68.0;196.0;69.0;200.0;70.0;204.0;72.0;209.0;73.0;213.0;75.0;217.0;76.0;221.0;78.0;226.0;79.0;230.0;81.0;235.0;82.0;240.0;84.0;244.0;86.0;249.0;87.0;254.0;89.0;259.0;91.0;272.0;96.0;286.0;100.0;300.0;105.0;315.0;111.0;331.0;116.0;348.0;122.0;365.0;128.0;383.0;135.0;403.0;142.0;423.0;149.0;444.0;156.0;466.0;164.0;490.0;172.0;514.0;181.0;540.0;190.0;567.0;199.0;595.0;209.0;625.0;220.0;656.0;231.0;689.0;242.0;723.0;255.0;760.0;267.0;798.0;281.0;838.0;295.0;880;310
EBB;Entebbe;0.0424;32.4435;2;94.0;73.0;96.0;75.0;98.0;76.0;100.0;78.0;102.0;79.0;104.0;81.0;106.0;82.0;109.0;84.0;111.0;86.0;113.0;87.0;115.0;89.0;118.0;91.0;120.0;93.0;122.0;95.0;125.0;97.0;127.0;98.0;130.0;100.0;132.0;102.0;135.0;105.0;138.0;107.0;141.0;109.0;143.0;111.0;146.0;113.0;149.0;115.0;152.0;118.0;155.0;120.0;158.0;123.0;162.0;125.0;165.0;128.0;168.0;130.0;171.0;133.0;175.0;135.0;178.0;138.0;182.0;141.0;186.0;144.0;189.0;147.0;193.0;150.0;197.0;153.0;201.0;156.0;205.0;159.0;209.0;162.0;220.0;170.0;231.0;179.0;242.0;188.0;254.0;197.0;267.0;207.0;280.0;217.0;295.0;228.0;309.0;239.0;325.0;251.0;341.0;264.0;358.0;277.0;376.0;291.0;395.0;306.0;415.0;321.0;435.0;337.0;457.0;354.0;480.0;372.0;504.0;390.0;529.0;410.0;556.0;430.0;584.0;452.0;613.0;475.0;643.0;498.0;676.0;523.0;710;550
KGL;Kigali;-1.9686;30.1395;2;77.0;85.0;79.0;87.0;80.0;89.0;82.0;90.0;83.0;92.0;85.0;94.0;87.0;96.0;89.0;98.0;90.0;100.0;92.0;102.0;94.0;104.0;96.0;106.0;98.0;108.0;100.0;110.0;102.0;112.0;104.0;115.0;106.0;117.0;108.0;119.0;110.0;122.0;113.0;124.0;115.0;127.0;117.0;129.0;119.0;132.0;122.0;134.0;124.0;137.0;127.0;140.0;129.0;143.0;132.0;146.0;135.0;149.0;137.0;152.0;140.0;155.0;143.0;158.0;146.0;161.0;149.0;164.0;152.0;167.0;155.0;171.0;158.0;174.0;161.0;178.0;164.0;181.0;167.0;185.0;171.0;188.0;179.0;198.0;188.0;208.0;198.0;218.0;208.0;229.0;218.0;241.0;229.0;253.0;241.0;265.0;253.0;279.0;265.0;293.0;278.0;307.0;292.0;323.0;307.0;339.0;322.0;356.0;339.0;374.0;356.0;392.0;373.0;412.0;392.0;433.0;412.0;454.0;432.0;477.0;454.0;501.0;477.0;526.0;501.0;552.0;526.0;580.0;552.0;609.0;580;640
FIH;Kinshasa;-4.3856;15.4444;2;42.0;94.0;43.0;96.0;44.0;98.0;45.0;100.0;46.0;102.0;47.0;104.0;48.0;106.0;49.0;109.0;50.0;111.0;51.0;113.0;52.0;115.0;53.0;118.0;54.0;120.0;55.0;122.0;56.0;125.0;57.0;127.0;58.0;130.0;59.0;132.0;61.0;135.0;62.0;138.0;63.0;141.0;64.0;143.0;66.0;146.0;67.0;149.0;68.0;152.0;70.0;155.0;71.0;158.0;73.0;162.0;74.0;165.0;76.0;168.0;77.0;171.0;79.0;175.0;80.0;178.0;82.0;182.0;83.0;186.0;85.0;189.0;87.0;193.0;89.0;197.0;90.0;201.0;92.0;205.0;94.0;209.0;99.0;220.0;104.0;231.0;109.0;242.0;114.0;254.0;120.0;267.0;126.0;280.0;132.0;295.0;139.0;309.0;146.0;325.0;153.0;341.0;161.0;358.0;169.0;376.0;178.0;395.0;187.0;415.0;196.0;435.0;206.0;457.0;216.0;480.0;227.0;504.0;238.0;529.0;250.0;556.0;263.0;584.0;276.0;613.0;290.0;643.0;304.0;676.0;320;710
LAD;Luanda;-8.8584;13.2312;3;54.0;109.0;55.0;111.0;57.0;114.0;58.0;116.0;59.0;118.0;60.0;121.0;61.0;123.0;62.0;125.0;64.0;128.0;65.0;131.0;66.0;133.0;68.0;136.0;69.0;139.0;70.0;141.0;72.0;144.0;73.0;147.0;75.0;150.0;76.0;153.0;78.0;156.0;79.0;159.0;81.0;162.0;83.0;166.0;84.0;169.0;86.0;172.0;88.0;176.0;89.0;179.0;91.0;183.0;93.0;187.0;95.0;190.0;97.0;194.0;99.0;198.0;101.0;202.0;103.0;206.0;105.0;210.0;107.0;215.0;109.0;219.0;111.0;223.0;114.0;228.0;116.0;232.0;118.0;237.0;121.0;242.0;127.0;254.0;133.0;266.0;140.0;280.0;147.0;294.0;154.0;309.0;162.0;324.0;170.0;340.0;178.0;357.0;187.0;375.0;197.0;394.0;207.0;414.0;217.0;434.0;228.0;456.0;239.0;479.0;251.0;503.0;264.0;528.0;277.0;555.0;291.0;582.0;305.0;611.0;321.0;642.0;337.0;674.0;354.0;708.0;371.0;743.0;390.0;780.0;410;820
LBV;Libreville;0.4586;9.4122;2;60.0;90.0;61.0;92.0;62.0;94.0;63.0;96.0;65.0;98.0;66.0;100.0;67.0;102.0;69.0;104.0;70.0;106.0;71.0;108.0;73.0;110.0;74.0;113.0;76.0;115.0;77.0;117.0;79.0;119.0;80.0;122.0;82.0;124.0;84.0;127.0;85.0;129.0;87.0;132.0;89.0;135.0;91.0;137.0;93.0;140.0;94.0;143.0;96.0;146.0;98.0;149.0;100.0;152.0;102.0;155.0;104.0;158.0;106.0;161.0;109.0;164.0;111.0;168.0;113.0;171.0;115.0;174.0;117.0;178.0;120.0;181.0;122.0;185.0;125.0;189.0;127.0;193.0;130.0;196.0;132.0;200.0;139.0;210.0;146.0;221.0;153.0;232.0;161.0;244.0;169.0;256.0;178.0;269.0;186.0;282.0;196.0;296.0;206.0;311.0;216.0;327.0;227.0;343.0;238.0;360.0;250.0;378.0;263.0;397.0;276.0;417.0;290.0;438.0;304.0;460.0;319.0;483.0;335.0;507.0;352.0;532.0;370.0;559.0;388.0;587.0;408.0;616.0;428.0;647.0;450;680
PHC;Port Harcourt;5.0151;6.9496;2;28.0;100.0;28.0;102.0;29.0;104.0;29.0;106.0;30.0;108.0;31.0;110.0;31.0;112.0;32.0;115.0;32.0;117.0;33.0;119.0;34.0;122.0;34.0;124.0;35.0;127.0;36.0;129.0;37.0;132.0;37.0;134.0;38.0;137.0;39.0;140.0;40.0;143.0;40.0;146.0;41.0;149.0;42.0;152.0;43.0;155.0;44.0;158.0;45.0;161.0;46.0;164.0;46.0;167.0;47.0;171.0;48.0;174.0;49.0;178.0;50.0;181.0;51.0;185.0;52.0;189.0;53.0;192.0;55.0;196.0;56.0;200.0;57.0;204.0;58.0;208.0;59.0;212.0;60.0;217.0;62.0;221.0;65.0;232.0;68.0;244.0;71.0;256.0;75.0;269.0;79.0;282.0;83.0;296.0;87.0;311.0;91.0;327.0;96.0;343.0;101.0;360.0;106.0;378.0;111.0;397.0;116.0;417.0;122.0;438.0;128.0;460.0;135.0;483.0;142.0;507.0;149.0;533.0;156.0;559.0;164.0;587.0;172.0;617.0;181.0;647.0;190.0;680.0;200.0;714.0;210;750
ABV;Abuja;9.0068;7.2631;3;46.0;117.0;47.0;120.0;48.0;122.0;49.0;124.0;50.0;127.0;51.0;129.0;52.0;132.0;53.0;135.0;54.0;137.0;55.0;140.0;57.0;143.0;58.0;146.0;59.0;149.0;60.0;152.0;61.0;155.0;62.0;158.0;64.0;161.0;65.0;164.0;66.0;168.0;68.0;171.0;69.0;174.0;70.0;178.0;72.0;181.0;73.0;185.0;75.0;189.0;76.0;193.0;78.0;196.0;79.0;200.0;81.0;204.0;83.0;209.0;84.0;213.0;86.0;217.0;88.0;221.0;89.0;226.0;91.0;230.0;93.0;235.0;95.0;240.0;97.0;244.0;99.0;249.0;101.0;254.0;103.0;259.0;108.0;272.0;113.0;286.0;119.0;300.0;125.0;315.0;131.0;331.0;138.0;348.0;145.0;365.0;152.0;383.0;160.0;403.0;168.0;423.0;176.0;444.0;185.0;466.0;194.0;490.0;204.0;514.0;214.0;540.0;225.0;567.0;236.0;595.0;248.0;625.0;261.0;656.0;274.0;689.0;287.0;723.0;302.0;760.0;317.0;798.0;333.0;838.0;350;880
KAN;Kano;12.0476;8.5246;2;40.0;73.0;40.0;75.0;41.0;76.0;42.0;78.0;43.0;79.0;44.0;81.0;45.0;82.0;46.0;84.0;47.0;86.0;47.0;87.0;48.0;89.0;49.0;91.0;50.0;93.0;51.0;95.0;52.0;97.0;53.0;98.0;55.0;100.0;56.0;102.0;57.0;105.0;58.0;107.0;59.0;109.0;60.0;111.0;62.0;113.0;63.0;115.0;64.0;118.0;65.0;120.0;67.0;123.0;68.0;125.0;69.0;128.0;71.0;130.0;72.0;133.0;74.0;135.0;75.0;138.0;77.0;141.0;78.0;144.0;80.0;147.0;81.0;150.0;83.0;153.0;85.0;156.0;86.0;159.0;88.0;162.0;93.0;170.0;97.0;179.0;102.0;188.0;107.0;197.0;113.0;207.0;118.0;217.0;124.0;228.0;130.0;239.0;137.0;251.0;144.0;264.0;151.0;277.0;159.0;291.0;167.0;306.0;175.0;321.0;184.0;337.0;193.0;354.0;203.0;372.0;213.0;390.0;223.0;410.0;235.0;430.0;246.0;452.0;259.0;475.0;272.0;498.0;285.0;523.0;300;550
ACC;Accra;5.6052;-0.1668;3;86.0;104.0;88.0;106.0;90.0;108.0;92.0;110.0;94.0;112.0;95.0;115.0;97.0;117.0;99.0;119.0;101.0;122.0;103.0;124.0;105.0;127.0;108.0;129.0;110.0;132.0;112.0;134.0;114.0;137.0;116.0;140.0;119.0;143.0;121.0;146.0;124.0;148.0;126.0;151.0;129.0;155.0;131.0;158.0;134.0;161.0;137.0;164.0;139.0;167.0;142.0;171.0;145.0;174.0;148.0;178.0;151.0;181.0;154.0;185.0;157.0;188.0;160.0;192.0;163.0;196.0;167.0;200.0;170.0;204.0;173.0;208.0;177.0;212.0;180.0;217.0;184.0;221.0;188.0;225.0;191.0;230.0;201.0;241.0;211.0;253.0;222.0;266.0;233.0;279.0;244.0;293.0;257.0;308.0;270.0;324.0;283.0;340.0;297.0;357.0;312.0;375.0;328.0;393.0;344.0;413.0;361.0;434.0;380.0;456.0;399.0;478.0;418.0;502.0;439.0;527.0;461.0;554.0;485.0;582.0;509.0;611.0;534.0;641.0;561.0;673.0;589.0;707.0;619.0;742.0;650;780
DSS;Dakar;14.671;-17.0671;3;96.0;85.0;98.0;87.0;100.0;89.0;102.0;90.0;104.0;92.0;106.0;94.0;108.0;96.0;110.0;98.0;112.0;100.0;115.0;102.0;117.0;104.0;119.0;106.0;122.0;108.0;124.0;110.0;127.0;112.0;129.0;115.0;132.0;117.0;134.0;119.0;137.0;122.0;140.0;124.0;143.0;127.0;145.0;129.0;148.0;132.0;151.0;134.0;154.0;137.0;157.0;140.0;161.0;143.0;164.0;146.0;167.0;149.0;171.0;152.0;174.0;155.0;177.0;158.0;181.0;161.0;185.0;164.0;188.0;167.0;192.0;171.0;196.0;174.0;200.0;178.0;204.0;181.0;208.0;185.0;212.0;188.0;223.0;198.0;234.0;208.0;246.0;218.0;258.0;229.0;271.0;241.0;284.0;253.0;299.0;265.0;314.0;279.0;329.0;293.0;346.0;307.0;363.0;323.0;381.0;339.0;400.0;356.0;420.0;374.0;442.0;392.0;464.0;412.0;487.0;433.0;511.0;454.0;537.0;477.0;564.0;501.0;592.0;526.0;621.0;552.0;653.0;580.0;685.0;609.0;720;640
SID;Sal;16.7328;-22.9493;2;127.0;20.0;129.0;20.0;132.0;20.0;134.0;21.0;137.0;21.0;140.0;22.0;143.0;22.0;145.0;23.0;148.0;23.0;151.0;23.0;154.0;24.0;157.0;24.0;161.0;25.0;164.0;25.0;167.0;26.0;170.0;26.0;174.0;27.0;177.0;28.0;181.0;28.0;185.0;29.0;188.0;29.0;192.0;30.0;196.0;31.0;200.0;31.0;204.0;32.0;208.0;32.0;212.0;33.0;216.0;34.0;221.0;34.0;225.0;35.0;230.0;36.0;234.0;37.0;239.0;37.0;244.0;38.0;249.0;39.0;254.0;40.0;259.0;40.0;264.0;41.0;269.0;42.0;275.0;43.0;280.0;44.0;294.0;46.0;309.0;48.0;324.0;51.0;340.0;53.0;358.0;56.0;375.0;59.0;394.0;62.0;414.0;65.0;435.0;68.0;456.0;72.0;479.0;75.0;503.0;79.0;528.0;83.0;555.0;87.0;583.0;92.0;612.0;96.0;642.0;101.0;675.0;106.0;708.0;111.0;744.0;117.0;781.0;123.0;820.0;129.0;861.0;136.0;904.0;142.0;950;150
BKO;Bamako;12.5335;-7.9499;2;50.0;68.0;51.0;69.0;52.0;70.0;53.0;72.0;55.0;73.0;56.0;75.0;57.0;76.0;58.0;78.0;59.0;79.0;60.0;81.0;61.0;83.0;63.0;84.0;64.0;86.0;65.0;88.0;67.0;89.0;68.0;91.0;69.0;93.0;71.0;95.0;72.0;97.0;74.0;99.0;75.0;101.0;77.0;103.0;78.0;105.0;80.0;107.0;81.0;109.0;83.0;111.0;85.0;114.0;86.0;116.0;88.0;118.0;90.0;121.0;92.0;123.0;93.0;126.0;95.0;128.0;97.0;131.0;99.0;133.0;101.0;136.0;103.0;139.0;105.0;141.0;107.0;144.0;110.0;147.0;112.0;150.0;117.0;158.0;123.0;166.0;129.0;174.0;136.0;183.0;143.0;192.0;150.0;201.0;157.0;211.0;165.0;222.0;174.0;233.0;182.0;245.0;191.0;257.0;201.0;270.0;211.0;283.0;222.0;298.0;233.0;313.0;244.0;328.0;257.0;345.0;270.0;362.0;283.0;380.0;297.0;399.0;312.0;419.0;328.0;440.0;344.0;462.0;361.0;485.0;380;510
CKY;Conakry;9.5769;-13.6119;2;54.0;72.0;55.0;73.0;57.0;75.0;58.0;76.0;59.0;78.0;60.0;79.0;61.0;81.0;62.0;82.0;64.0;84.0;65.0;86.0;66.0;88.0;68.0;89.0;69.0;91.0;70.0;93.0;72.0;95.0;73.0;97.0;75.0;99.0;76.0;101.0;78.0;103.0;79.0;105.0;81.0;107.0;83.0;109.0;84.0;111.0;86.0;113.0;88.0;116.0;89.0;118.0;91.0;120.0;93.0;123.0;95.0;125.0;97.0;128.0;99.0;130.0;101.0;133.0;103.0;136.0;105.0;138.0;107.0;141.0;109.0;144.0;111.0;147.0;114.0;150.0;116.0;153.0;118.0;156.0;121.0;159.0;127.0;167.0;133.0;175.0;140.0;184.0;147.0;193.0;154.0;203.0;162.0;213.0;170.0;224.0;178.0;235.0;187.0;247.0;197.0;259.0;207.0;272.0;217.0;286.0;228.0;300.0;239.0;315.0;251.0;331.0;264.0;348.0;277.0;365.0;291.0;383.0;305.0;402.0;321.0;423.0;337.0;444.0;354.0;466.0;371.0;489.0;390.0;514.0;410;540
FNA;Freetown;8.6164;-13.1955;1;60.0;50.0;61.0;51.0;62.0;52.0;63.0;53.0;65.0;55.0;66.0;56.0;67.0;57.0;69.0;58.0;70.0;59.0;71.0;60.0;73.0;61.0;74.0;63.0;76.0;64.0;77.0;65.0;79.0;67.0;80.0;68.0;82.0;69.0;84.0;71.0;85.0;72.0;87.0;74.0;89.0;75.0;91.0;77.0;93.0;78.0;94.0;80.0;96.0;81.0;98.0;83.0;100.0;85.0;102.0;86.0;104.0;88.0;106.0;90.0;109.0;92.0;111.0;93.0;113.0;95.0;115.0;97.0;117.0;99.0;120.0;101.0;122.0;103.0;125.0;105.0;127.0;107.0;130.0;110.0;132.0;112.0;139.0;117.0;146.0;123.0;153.0;129.0;161.0;136.0;169.0;143.0;178.0;150.0;186.0;157.0;196.0;165.0;206.0;174.0;216.0;182.0;227.0;191.0;238.0;201.0;250.0;211.0;263.0;222.0;276.0;233.0;290.0;244.0;304.0;257.0;319.0;270.0;335.0;283.0;352.0;297.0;370.0;312.0;388.0;328.0;408.0;344.0;428.0;361.0;450;380
ROB;Monrovia;6.2338;-10.3623;1;42.0;56.0;43.0;57.0;44.0;58.0;45.0;59.0;46.0;60.0;47.0;62.0;48.0;63.0;49.0;64.0;50.0;65.0;51.0;67.0;52.0;68.0;53.0;69.0;54.0;71.0;55.0;72.0;56.0;74.0;57.0;75.0;58.0;77.0;59.0;78.0;61.0;80.0;62.0;81.0;63.0;83.0;64.0;85.0;66.0;86.0;67.0;88.0;68.0;90.0;70.0;92.0;71.0;93.0;73.0;95.0;74.0;97.0;76.0;99.0;77.0;101.0;79.0;103.0;80.0;105.0;82.0;107.0;83.0;110.0;85.0;112.0;87.0;114.0;89.0;116.0;90.0;119.0;92.0;121.0;94.0;124.0;99.0;130.0;104.0;136.0;109.0;143.0;114.0;150.0;120.0;158.0;126.0;166.0;132.0;174.0;139.0;183.0;146.0;192.0;153.0;202.0;161.0;212.0;169.0;222.0;178.0;233.0;187.0;245.0;196.0;257.0;206.0;270.0;216.0;284.0;227.0;298.0;238.0;313.0;250.0;329.0;263.0;345.0;276.0;362.0;290.0;380.0;304.0;400.0;320;420
PME;Port Moresby;-9.4431;147.2201;2;71.0;79.0;74.0;82.0;77.0;85.0;80.0;89.0;83.0;92.0;86.0;96.0;90.0;100.0;94.0;104.0;97.0;108.0;101.0;112.0;105.0;117.0;110.0;122.0;114.0;126.0;118.0;131.0;123.0;137.0;128.0;142.0;133.0;148.0;139.0;154.0;144.0;160.0;150.0;166.0;156.0;173.0;162.0;180.0;169.0;187.0;176.0;195.0;183.0;203.0;190.0;211.0;198.0;219.0;206.0;228.0;214.0;237.0;222.0;247.0;231.0;257.0;237.0;263.0;243.0;270.0;249.0;276.0;255.0;283.0;262.0;290.0;268.0;298.0;275.0;305.0;282.0;313.0;289.0;321.0;296.0;329.0;304.0;337.0;311.0;345.0;319.0;354.0;327.0;363.0;335.0;372.0;344.0;381.0;352.0;391.0;361.0;400.0;370.0;410.0;379.0;421.0;389.0;431.0;398.0;442.0;408.0;453.0;419.0;464.0;429.0;476.0;440.0;488.0;451.0;500.0;462.0;513.0;474.0;526.0;486.0;539.0;498.0;552.0;510.0;566.0;523.0;580.0;536.0;595.0;550;610
NAN;Nadi;-17.7554;177.4434;2;127.0;32.0;132.0;33.0;137.0;35.0;143.0;36.0;148.0;37.0;154.0;39.0;161.0;41.0;167.0;42.0;174.0;44.0;181.0;46.0;188.0;48.0;196.0;50.0;203.0;52.0;211.0;54.0;220.0;56.0;229.0;58.0;238.0;60.0;248.0;63.0;257.0;65.0;268.0;68.0;278.0;71.0;290.0;74.0;301.0;76.0;313.0;80.0;326.0;83.0;339.0;86.0;352.0;90.0;367.0;93.0;381.0;97.0;397.0;101.0;412.0;105.0;423.0;107.0;433.0;110.0;444.0;113.0;455.0;116.0;467.0;119.0;478.0;122.0;490.0;125.0;503.0;128.0;515.0;131.0;528.0;134.0;541.0;138.0;555.0;141.0;569.0;145.0;583.0;148.0;598.0;152.0;613.0;156.0;628.0;160.0;644.0;164.0;660.0;168.0;676.0;172.0;693.0;176.0;710.0;181.0;728.0;185.0;746.0;190.0;765.0;195.0;784.0;200.0;804.0;205.0;824.0;210.0;845.0;215.0;866.0;220.0;887.0;226.0;910.0;232.0;932.0;237.0;956.0;243.0;980;250
PPT;Papeete;-17.5537;-149.6056;2;128.0;27.0;133.0;28.0;139.0;29.0;144.0;30.0;150.0;31.0;156.0;33.0;162.0;34.0;169.0;35.0;176.0;37.0;183.0;38.0;190.0;40.0;198.0;42.0;205.0;43.0;214.0;45.0;222.0;47.0;231.0;49.0;240.0;51.0;250.0;53.0;260.0;55.0;270.0;57.0;281.0;59.0;293.0;62.0;304.0;64.0;317.0;67.0;329.0;69.0;342.0;72.0;356.0;75.0;370.0;78.0;385.0;81.0;401.0;85.0;417.0;88.0;427.0;90.0;438.0;92.0;449.0;95.0;460.0;97.0;471.0;100.0;483.0;102.0;495.0;105.0;508.0;107.0;520.0;110.0;533.0;113.0;547.0;116.0;561.0;119.0;575.0;121.0;589.0;125.0;604.0;128.0;619.0;131.0;634.0;134.0;650.0;138.0;666.0;141.0;683.0;144.0;700.0;148.0;718.0;152.0;736.0;156.0;754.0;160.0;773.0;164.0;792.0;168.0;812.0;172.0;832.0;176.0;853.0;181.0;875.0;185.0;896.0;190.0;919.0;195.0;942.0;199.0;965.0;204.0;990;210
NOU;Nouméa;-22.0145;166.2131;2;106.0;58.0;110.0;60.0;115.0;63.0;119.0;65.0;124.0;68.0;129.0;71.0;134.0;73.0;140.0;76.0;145.0;80.0;151.0;83.0;157.0;86.0;164.0;90.0;170.0;93.0;177.0;97.0;184.0;101.0;191.0;105.0;199.0;109.0;207.0;113.0;215.0;118.0;224.0;123.0;233.0;128.0;242.0;133.0;252.0;138.0;262.0;144.0;273.0;149.0;283.0;155.0;295.0;162.0;307.0;168.0;319.0;175.0;332.0;182.0;345.0;189.0;354.0;194.0;363.0;199.0;372.0;204.0;381.0;209.0;390.0;214.0;400.0;219.0;410.0;225.0;420.0;231.0;431.0;236.0;442.0;242.0;453.0;248.0;464.0;255.0;476.0;261.0;488.0;267.0;500.0;274.0;512.0;281.0;525.0;288.0;538.0;295.0;552.0;303.0;566.0;310.0;580.0;318.0;594.0;326.0;609.0;334.0;624.0;342.0;640.0;351.0;656.0;360.0;673.0;369.0;689.0;378.0;707.0;388.0;724.0;397.0;742.0;407.0;761.0;417.0;780.0;428.0;800.0;439.0;820;450
GUM;Guam;13.4839;144.7972;3;115.0;71.0;120.0;74.0;125.0;77.0;130.0;80.0;135.0;83.0;140.0;86.0;146.0;90.0;152.0;94.0;158.0;97.0;164.0;101.0;171.0;105.0;178.0;110.0;185.0;114.0;192.0;118.0;200.0;123.0;208.0;128.0;216.0;133.0;225.0;139.0;234.0;144.0;243.0;150.0;253.0;156.0;263.0;162.0;274.0;169.0;284.0;176.0;296.0;183.0;308.0;190.0;320.0;198.0;333.0;206.0;346.0;214.0;360.0;222.0;375.0;231.0;384.0;237.0;394.0;243.0;403.0;249.0;413.0;255.0;424.0;262.0;434.0;268.0;445.0;275.0;456.0;282.0;468.0;289.0;480.0;296.0;492.0;304.0;504.0;311.0;516.0;319.0;529.0;327.0;543.0;335.0;556.0;344.0;570.0;352.0;584.0;361.0;599.0;370.0;614.0;379.0;629.0;389.0;645.0;398.0;661.0;408.0;678.0;419.0;695.0;429.0;712.0;440.0;730.0;451.0;748.0;462.0;767.0;474.0;786.0;486.0;806.0;498.0;826.0;510.0;847.0;523.0;868.0;536.0;890;550
MAJ;Majuro;7.0651;171.2721;1;97.0;19.0;101.0;20.0;105.0;21.0;109.0;21.0;113.0;22.0;118.0;23.0;123.0;24.0;128.0;25.0;133.0;26.0;138.0;27.0;144.0;28.0;150.0;30.0;156.0;31.0;162.0;32.0;168.0;33.0;175.0;35.0;182.0;36.0;189.0;37.0;197.0;39.0;205.0;41.0;213.0;42.0;222.0;44.0;230.0;46.0;240.0;48.0;249.0;49.0;259.0;51.0;270.0;54.0;280.0;56.0;292.0;58.0;303.0;60.0;316.0;63.0;323.0;64.0;332.0;66.0;340.0;68.0;348.0;69.0;357.0;71.0;366.0;73.0;375.0;75.0;385.0;77.0;394.0;78.0;404.0;80.0;414.0;82.0;425.0;85.0;435.0;87.0;446.0;89.0;457.0;91.0;469.0;93.0;480.0;96.0;492.0;98.0;505.0;101.0;517.0;103.0;530.0;106.0;544.0;108.0;557.0;111.0;571.0;114.0;585.0;117.0;600.0;120.0;615.0;123.0;630.0;126.0;646.0;129.0;662.0;132.0;679.0;135.0;696.0;139.0;713.0;142.0;731.0;146.0;750;150
ROR;Koror;7.3644;134.5442;1;114.0;15.0;118.0;16.0;123.0;16.0;128.0;17.0;133.0;18.0;139.0;18.0;144.0;19.0;150.0;20.0;156.0;21.0;162.0;22.0;169.0;23.0;176.0;24.0;183.0;24.0;190.0;25.0;197.0;26.0;205.0;28.0;214.0;29.0;222.0;30.0;231.0;31.0;240.0;32.0;250.0;34.0;260.0;35.0;270.0;36.0;281.0;38.0;293.0;39.0;304.0;41.0;316.0;43.0;329.0;44.0;342.0;46.0;356.0;48.0;370.0;50.0;380.0;51.0;389.0;53.0;399.0;54.0;409.0;55.0;419.0;57.0;430.0;58.0;440.0;60.0;451.0;61.0;463.0;63.0;474.0;64.0;486.0;66.0;498.0;68.0;511.0;69.0;523.0;71.0;537.0;73.0;550.0;75.0;564.0;76.0;578.0;78.0;592.0;80.0;607.0;82.0;622.0;84.0;638.0;87.0;654.0;89.0;670.0;91.0;687.0;93.0;704.0;96.0;722.0;98.0;740.0;100.0;758.0;103.0;777.0;106.0;797.0;108.0;817.0;111.0;837.0;114.0;858.0;117.0;880;120
VLI;Port Vila;-17.6992;168.32;1;110.0;23.0;114.0;24.0;119.0;25.0;124.0;26.0;129.0;27.0;134.0;28.0;139.0;29.0;145.0;30.0;151.0;32.0;157.0;33.0;163.0;34.0;170.0;36.0;176.0;37.0;183.0;38.0;191.0;40.0;198.0;42.0;206.0;43.0;215.0;45.0;223.0;47.0;232.0;49.0;241.0;51.0;251.0;53.0;261.0;55.0;272.0;57.0;283.0;59.0;294.0;62.0;306.0;64.0;318.0;67.0;331.0;70.0;344.0;72.0;358.0;75.0;367.0;77.0;376.0;79.0;385.0;81.0;395.0;83.0;405.0;85.0;415.0;87.0;425.0;90.0;436.0;92.0;447.0;94.0;458.0;97.0;469.0;99.0;481.0;102.0;493.0;104.0;506.0;107.0;518.0;109.0;531.0;112.0;544.0;115.0;558.0;118.0;572.0;121.0;586.0;124.0;601.0;127.0;616.0;130.0;632.0;133.0;647.0;137.0;664.0;140.0;680.0;144.0;697.0;147.0;715.0;151.0;732.0;155.0;751.0;159.0;770.0;163.0;789.0;167.0;809.0;171.0;829.0;175.0;850;180
TBU;Nukuʻalofa;-21.2411;-175.135;1;101.0;15.0;105.0;16.0;109.0;16.0;113.0;17.0;118.0;18.0;123.0;18.0;128.0;19.0;133.0;20.0;138.0;21.0;144.0;22.0;150.0;23.0;156.0;24.0;162.0;24.0;168.0;25.0;175.0;26.0;182.0;28.0;189.0;29.0;197.0;30.0;205.0;31.0;213.0;32.0;222.0;34.0;230.0;35.0;240.0;36.0;249.0;38.0;259.0;39.0;270.0;41.0;280.0;43.0;292.0;44.0;303.0;46.0;316.0;48.0;328.0;50.0;336.0;51.0;345.0;53.0;353.0;54.0;362.0;55.0;371.0;57.0;381.0;58.0;390.0;60.0;400.0;61.0;410.0;63.0;420.0;64.0;431.0;66.0;442.0;68.0;453.0;69.0;464.0;71.0;476.0;73.0;487.0;75.0;500.0;76.0;512.0;78.0;525.0;80.0;538.0;82.0;552.0;84.0;565.0;87.0;579.0;89.0;594.0;91.0;609.0;93.0;624.0;96.0;640.0;98.0;656.0;100.0;672.0;103.0;689.0;106.0;706.0;108.0;724.0;111.0;742.0;114.0;760.0;117.0;780;120
APW;Apia;-13.8298;-172.0;1;105.0;19.0;109.0;20.0;113.0;21.0;118.0;21.0;123.0;22.0;128.0;23.0;133.0;24.0;138.0;25.0;144.0;26.0;149.0;27.0;155.0;28.0;162.0;30.0;168.0;31.0;175.0;32.0;182.0;33.0;189.0;35.0;197.0;36.0;204.0;37.0;213.0;39.0;221.0;41.0;230.0;42.0;239.0;44.0;249.0;46.0;259.0;48.0;269.0;49.0;280.0;51.0;291.0;54.0;303.0;56.0;315.0;58.0;328.0;60.0;341.0;63.0;349.0;64.0;358.0;66.0;367.0;68.0;376.0;69.0;386.0;71.0;395.0;73.0;405.0;75.0;415.0;77.0;426.0;78.0;436.0;80.0;447.0;82.0;459.0;85.0;470.0;87.0;482.0;89.0;494.0;91.0;506.0;93.0;519.0;96.0;532.0;98.0;545.0;101.0;559.0;103.0;573.0;106.0;587.0;108.0;602.0;111.0;617.0;114.0;632.0;117.0;648.0;120.0;664.0;123.0;681.0;126.0;698.0;129.0;715.0;132.0;733.0;135.0;752.0;139.0;770.0;142.0;790.0;146.0;810;150
RAR;Rarotonga;-21.2028;-159.8056;1;119.0;14.0;124.0;14.0;129.0;15.0;134.0;16.0;139.0;16.0;145.0;17.0;151.0;18.0;157.0;18.0;163.0;19.0;170.0;20.0;176.0;21.0;184.0;22.0;191.0;22.0;199.0;23.0;206.0;24.0;215.0;25.0;223.0;26.0;232.0;27.0;242.0;28.0;251.0;30.0;261.0;31.0;272.0;32.0;283.0;33.0;294.0;35.0;306.0;36.0;318.0;38.0;331.0;39.0;344.0;41.0;358.0;42.0;372.0;44.0;387.0;46.0;397.0;47.0;407.0;48.0;417.0;49.0;427.0;51.0;438.0;52.0;449.0;53.0;460.0;55.0;472.0;56.0;484.0;57.0;496.0;59.0;508.0;60.0;521.0;62.0;534.0;63.0;547.0;65.0;561.0;67.0;575.0;68.0;589.0;70.0;604.0;72.0;619.0;74.0;635.0;75.0;651.0;77.0;667.0;79.0;684.0;81.0;701.0;83.0;718.0;85.0;736.0;88.0;755.0;90.0;773.0;92.0;793.0;94.0;813.0;97.0;833.0;99.0;854.0;102.0;875.0;104.0;897.0;107.0;920;110
SCL;Santiago de Chile;-33.393;-70.7858;5;56.0;70.0;60.0;74.0;63.0;79.0;67.0;83.0;71.0;88.0;76.0;94.0;80.0;99.0;85.0;105.0;90.0;112.0;96.0;118.0;101.0;125.0;107.0;133.0;114.0;141.0;121.0;149.0;128.0;158.0;136.0;168.0;144.0;178.0;153.0;189.0;162.0;200.0;172.0;212.0;182.0;225.0;182.0;225.0;182.0;225.0;182.0;225.0;182.0;225.0;182.0;225.0;182.0;225.0;182.0;225.0;182.0;225.0;182.0;225.0;182.0;225.0;189.0;234.0;197.0;243.0;205.0;253.0;213.0;263.0;221.0;274.0;230.0;285.0;240.0;296.0;249.0;308.0;259.0;321.0;270.0;333.0;280.0;347.0;292.0;361.0;303.0;375.0;315.0;390.0;328.0;406.0;341.0;422.0;355.0;439.0;369.0;456.0;384.0;475.0;399.0;494.0;415.0;513.0;432.0;534.0;449.0;555.0;467.0;578.0;486.0;601.0;505.0;625.0;526.0;650.0;547.0;676.0;569.0;703.0;591.0;731.0;615.0;760.0;640.0;791.0;665.0;822.0;692.0;855.0;720;890
MVD;Montevideo;-34.8384;-56.0264;3;53.0;59.0;56.0;62.0;60.0;66.0;63.0;70.0;67.0;74.0;71.0;79.0;76.0;84.0;80.0;89.0;85.0;94.0;90.0;100.0;96.0;106.0;101.0;112.0;108.0;119.0;114.0;126.0;121.0;133.0;128.0;142.0;136.0;150.0;144.0;159.0;153.0;169.0;162.0;179.0;172.0;190.0;172.0;190.0;172.0;190.0;172.0;190.0;172.0;190.0;172.0;190.0;172.0;190.0;172.0;190.0;172.0;190.0;172.0;190.0;172.0;190.0;179.0;197.0;186.0;205.0;193.0;213.0;201.0;222.0;209.0;231.0;218.0;240.0;226.0;250.0;235.0;260.0;245.0;270.0;255.0;281.0;265.0;292.0;275.0;304.0;286.0;316.0;298.0;329.0;310.0;342.0;322.0;355.0;335.0;370.0;349.0;385.0;363.0;400.0;377.0;416.0;392.0;433.0;408.0;450.0;424.0;468.0;441.0;487.0;459.0;506.0;477.0;526.0;496.0;548.0;516.0;569.0;537.0;592.0;558.0;616.0;581.0;641.0;604.0;666.0;628.0;693.0;653.0;721.0;680;750
ASU;Asunción;-25.2397;-57.5199;2;40.0;48.0;42.0;51.0;45.0;55.0;47.0;58.0;50.0;61.0;53.0;65.0;57.0;69.0;60.0;73.0;64.0;78.0;68.0;82.0;72.0;87.0;76.0;92.0;81.0;98.0;85.0;104.0;91.0;110.0;96.0;117.0;102.0;124.0;108.0;131.0;115.0;139.0;121.0;148.0;129.0;157.0;129.0;157.0;129.0;157.0;129.0;157.0;129.0;157.0;129.0;157.0;129.0;157.0;129.0;157.0;129.0;157.0;129.0;157.0;129.0;157.0;134.0;163.0;139.0;169.0;145.0;176.0;151.0;183.0;157.0;191.0;163.0;198.0;170.0;206.0;176.0;215.0;183.0;223.0;191.0;232.0;198.0;241.0;206.0;251.0;215.0;261.0;223.0;272.0;232.0;282.0;242.0;294.0;251.0;306.0;261.0;318.0;272.0;331.0;283.0;344.0;294.0;358.0;306.0;372.0;318.0;387.0;331.0;402.0;344.0;418.0;358.0;435.0;372.0;453.0;387.0;471.0;403.0;489.0;419.0;509.0;435.0;529.0;453.0;551.0;471.0;573.0;490.0;596.0;510;620
